{
  "model_name": "Qwen/Qwen2.5-7B",
  "dataset_name": "tatsu-lab/alpaca",
  "seed": 42,
  "seq_len": 512,
  "batch_size": 1,
  "calibration_batches": 4,
  "dataset_size": 128,
  "dtype": "bf16",
  "device": "cuda",
  "autocast_enabled": true,
  "bits": [
    8
  ],
  "candidate_policy": "/nfs/home/s314511048/mixed_precision/experiments/h6-adaptive-precision-assignment/results/h6_4_qwen7b_transfer_signals_seed42/policy_trace.json",
  "lora_targets": [
    "down_proj",
    "gate_proj",
    "k_proj",
    "o_proj",
    "q_proj",
    "up_proj",
    "v_proj"
  ],
  "baseline_loss_mean": 1.36299529671669,
  "baseline_losses": [
    1.445083498954773,
    1.1023386716842651,
    1.1965876817703247,
    1.7079713344573975
  ],
  "elapsed_sec": 10.317770957946777,
  "peak_cuda_memory_gib": 15.586938381195068,
  "results": [
    {
      "module": "base_model.model.model.layers.4.post_attention_layernorm",
      "role": "norm",
      "class": "Qwen2RMSNorm",
      "bits": 8,
      "baseline_loss_mean": 1.36299529671669,
      "perturbed_loss_mean": 1.543918251991272,
      "loss_delta": 0.1809229552745819,
      "loss_delta_abs": 0.1809229552745819,
      "max_batch_loss_delta_abs": 0.21550893783569336,
      "baseline_losses": [
        1.445083498954773,
        1.1023386716842651,
        1.1965876817703247,
        1.7079713344573975
      ],
      "perturbed_losses": [
        1.6605924367904663,
        1.228389024734497,
        1.3665467500686646,
        1.92014479637146
      ],
      "per_batch_loss_delta": [
        0.21550893783569336,
        0.12605035305023193,
        0.16995906829833984,
        0.2121734619140625
      ],
      "stage1_assignment": "fp32",
      "stage1_reason": "high-sensitivity reduction/output path",
      "stage1_signals": {
        "input_outlier_score_max": 755.9990844726562,
        "output_outlier_score_max": 46.30381774902344,
        "input_int8_rel_mse_mean": 0.0024704955285415053,
        "output_int8_rel_mse_mean": 0.01070819259621203,
        "output_int4_rel_mse_mean": 0.1448884978890419
      }
    },
    {
      "module": "base_model.model.model.layers.3.mlp.down_proj",
      "role": "mlp_projection",
      "class": "Linear",
      "bits": 8,
      "baseline_loss_mean": 1.36299529671669,
      "perturbed_loss_mean": 1.3894979059696198,
      "loss_delta": 0.026502609252929688,
      "loss_delta_abs": 0.026502609252929688,
      "max_batch_loss_delta_abs": 0.06583809852600098,
      "baseline_losses": [
        1.445083498954773,
        1.1023386716842651,
        1.1965876817703247,
        1.7079713344573975
      ],
      "perturbed_losses": [
        1.461458444595337,
        1.1229444742202759,
        1.1997792720794678,
        1.7738094329833984
      ],
      "per_batch_loss_delta": [
        0.016374945640563965,
        0.020605802536010742,
        0.0031915903091430664,
        0.06583809852600098
      ],
      "stage1_assignment": "bf16",
      "stage1_reason": "projection appears sensitive under activation probe",
      "stage1_signals": {
        "input_outlier_score_max": 461.9297790527344,
        "output_outlier_score_max": 756.2756958007812,
        "input_int8_rel_mse_mean": 0.012421918101608753,
        "output_int8_rel_mse_mean": 0.0016107116534840316,
        "output_int4_rel_mse_mean": 0.022888464853167534
      }
    },
    {
      "module": "base_model.model.model.norm",
      "role": "norm",
      "class": "Qwen2RMSNorm",
      "bits": 8,
      "baseline_loss_mean": 1.36299529671669,
      "perturbed_loss_mean": 1.37740096449852,
      "loss_delta": 0.014405667781829834,
      "loss_delta_abs": 0.014405667781829834,
      "max_batch_loss_delta_abs": 0.04685986042022705,
      "baseline_losses": [
        1.445083498954773,
        1.1023386716842651,
        1.1965876817703247,
        1.7079713344573975
      ],
      "perturbed_losses": [
        1.4449987411499023,
        1.1157125234603882,
        1.1940613985061646,
        1.7548311948776245
      ],
      "per_batch_loss_delta": [
        -8.475780487060547e-05,
        0.013373851776123047,
        -0.0025262832641601562,
        0.04685986042022705
      ],
      "stage1_assignment": "fp32",
      "stage1_reason": "high-sensitivity reduction/output path",
      "stage1_signals": {
        "input_outlier_score_max": 83.39385986328125,
        "output_outlier_score_max": 43.203121185302734,
        "input_int8_rel_mse_mean": 0.02010078332386911,
        "output_int8_rel_mse_mean": 0.007087122183293104,
        "output_int4_rel_mse_mean": 0.24978932738304138
      }
    },
    {
      "module": "base_model.model.model.layers.24.mlp.down_proj",
      "role": "mlp_projection",
      "class": "Linear",
      "bits": 8,
      "baseline_loss_mean": 1.36299529671669,
      "perturbed_loss_mean": 1.3710892498493195,
      "loss_delta": 0.008093953132629395,
      "loss_delta_abs": 0.008093953132629395,
      "max_batch_loss_delta_abs": 0.014248847961425781,
      "baseline_losses": [
        1.445083498954773,
        1.1023386716842651,
        1.1965876817703247,
        1.7079713344573975
      ],
      "perturbed_losses": [
        1.4505565166473389,
        1.114781141281128,
        1.2108365297317505,
        1.7081828117370605
      ],
      "per_batch_loss_delta": [
        0.005473017692565918,
        0.012442469596862793,
        0.014248847961425781,
        0.00021147727966308594
      ],
      "stage1_assignment": "bf16",
      "stage1_reason": "projection appears sensitive under activation probe",
      "stage1_signals": {
        "input_outlier_score_max": 97.65504455566406,
        "output_outlier_score_max": 118.69303894042969,
        "input_int8_rel_mse_mean": 0.030113645596429706,
        "output_int8_rel_mse_mean": 0.06286352500319481,
        "output_int4_rel_mse_mean": 0.7432934790849686
      }
    },
    {
      "module": "base_model.model.lm_head",
      "role": "logits",
      "class": "Linear",
      "bits": 8,
      "baseline_loss_mean": 1.36299529671669,
      "perturbed_loss_mean": 1.3678094744682312,
      "loss_delta": 0.004814177751541138,
      "loss_delta_abs": 0.004814177751541138,
      "max_batch_loss_delta_abs": 0.00688624382019043,
      "baseline_losses": [
        1.445083498954773,
        1.1023386716842651,
        1.1965876817703247,
        1.7079713344573975
      ],
      "perturbed_losses": [
        1.4491066932678223,
        1.1092249155044556,
        1.198298454284668,
        1.714607834815979
      ],
      "per_batch_loss_delta": [
        0.004023194313049316,
        0.00688624382019043,
        0.0017107725143432617,
        0.006636500358581543
      ],
      "stage1_assignment": "fp32",
      "stage1_reason": "non-finite activation observed",
      "stage1_signals": {
        "input_outlier_score_max": 43.203121185302734,
        "output_outlier_score_max": 9.841814041137695,
        "input_int8_rel_mse_mean": 0.007087122183293104,
        "output_int8_rel_mse_mean": 0.0003372796672920231,
        "output_int4_rel_mse_mean": 0.11106818541884422
      }
    },
    {
      "module": "base_model.model.model.layers.2.self_attn.o_proj",
      "role": "attention_projection",
      "class": "Linear",
      "bits": 8,
      "baseline_loss_mean": 1.36299529671669,
      "perturbed_loss_mean": 1.3587620854377747,
      "loss_delta": -0.004233211278915405,
      "loss_delta_abs": 0.004233211278915405,
      "max_batch_loss_delta_abs": 0.010843396186828613,
      "baseline_losses": [
        1.445083498954773,
        1.1023386716842651,
        1.1965876817703247,
        1.7079713344573975
      ],
      "perturbed_losses": [
        1.4342401027679443,
        1.103342890739441,
        1.1885465383529663,
        1.708918809890747
      ],
      "per_batch_loss_delta": [
        -0.010843396186828613,
        0.0010042190551757812,
        -0.008041143417358398,
        0.0009474754333496094
      ],
      "stage1_assignment": "bf16",