{
  "model_name": "Qwen/Qwen2.5-7B",
  "dataset_name": "tatsu-lab/alpaca",
  "seed": 44,
  "seq_len": 512,
  "batch_size": 1,
  "calibration_batches": 4,
  "dataset_size": 128,
  "dtype": "bf16",
  "device": "cuda",
  "autocast_enabled": true,
  "bits": [
    8
  ],
  "candidate_policy": "/nfs/home/s314511048/mixed_precision/experiments/h6-adaptive-precision-assignment/results/h6_4_qwen7b_transfer_signals_seed44/policy_trace.json",
  "lora_targets": [
    "down_proj",
    "gate_proj",
    "k_proj",
    "o_proj",
    "q_proj",
    "up_proj",
    "v_proj"
  ],
  "baseline_loss_mean": 1.978752076625824,
  "baseline_losses": [
    1.6607334613800049,
    1.931393027305603,
    1.8730062246322632,
    2.449875593185425
  ],
  "elapsed_sec": 10.347102165222168,
  "peak_cuda_memory_gib": 15.586938381195068,
  "results": [
    {
      "module": "base_model.model.model.layers.4.post_attention_layernorm",
      "role": "norm",
      "class": "Qwen2RMSNorm",
      "bits": 8,
      "baseline_loss_mean": 1.978752076625824,
      "perturbed_loss_mean": 2.249817967414856,
      "loss_delta": 0.271065890789032,
      "loss_delta_abs": 0.271065890789032,
      "max_batch_loss_delta_abs": 0.40704822540283203,
      "baseline_losses": [
        1.6607334613800049,
        1.931393027305603,
        1.8730062246322632,
        2.449875593185425
      ],
      "perturbed_losses": [
        1.8304083347320557,
        2.2071261405944824,
        2.104813575744629,
        2.856923818588257
      ],
      "per_batch_loss_delta": [
        0.16967487335205078,
        0.2757331132888794,
        0.23180735111236572,
        0.40704822540283203
      ],
      "stage1_assignment": "fp32",
      "stage1_reason": "high-sensitivity reduction/output path",
      "stage1_signals": {
        "input_outlier_score_max": 755.99267578125,
        "output_outlier_score_max": 47.50456619262695,
        "input_int8_rel_mse_mean": 0.0024573394912295043,
        "output_int8_rel_mse_mean": 0.010726416716352105,
        "output_int4_rel_mse_mean": 0.15241101756691933
      }
    },
    {
      "module": "base_model.model.model.layers.3.mlp.down_proj",
      "role": "mlp_projection",
      "class": "Linear",
      "bits": 8,
      "baseline_loss_mean": 1.978752076625824,
      "perturbed_loss_mean": 2.0307602286338806,
      "loss_delta": 0.05200815200805664,
      "loss_delta_abs": 0.05200815200805664,
      "max_batch_loss_delta_abs": 0.11023974418640137,
      "baseline_losses": [
        1.6607334613800049,
        1.931393027305603,
        1.8730062246322632,
        2.449875593185425
      ],
      "perturbed_losses": [
        1.7081098556518555,
        1.9463387727737427,
        1.9084769487380981,
        2.560115337371826
      ],
      "per_batch_loss_delta": [
        0.047376394271850586,
        0.014945745468139648,
        0.03547072410583496,
        0.11023974418640137
      ],
      "stage1_assignment": "bf16",
      "stage1_reason": "projection appears sensitive under activation probe",
      "stage1_signals": {
        "input_outlier_score_max": 461.28887939453125,
        "output_outlier_score_max": 756.2664794921875,
        "input_int8_rel_mse_mean": 0.014376339269801974,
        "output_int8_rel_mse_mean": 0.001640761038288474,
        "output_int4_rel_mse_mean": 0.022917871363461018
      }
    },
    {
      "module": "base_model.model.model.layers.24.mlp.down_proj",
      "role": "mlp_projection",
      "class": "Linear",
      "bits": 8,
      "baseline_loss_mean": 1.978752076625824,
      "perturbed_loss_mean": 1.990452229976654,
      "loss_delta": 0.011700153350830078,
      "loss_delta_abs": 0.011700153350830078,
      "max_batch_loss_delta_abs": 0.023198246955871582,
      "baseline_losses": [
        1.6607334613800049,
        1.931393027305603,
        1.8730062246322632,
        2.449875593185425
      ],
      "perturbed_losses": [
        1.6728878021240234,
        1.921076774597168,
        1.8962044715881348,
        2.47163987159729
      ],
      "per_batch_loss_delta": [
        0.012154340744018555,
        -0.010316252708435059,
        0.023198246955871582,
        0.021764278411865234
      ],
      "stage1_assignment": "bf16",
      "stage1_reason": "projection appears sensitive under activation probe",
      "stage1_signals": {
        "input_outlier_score_max": 129.94076538085938,
        "output_outlier_score_max": 122.80519104003906,
        "input_int8_rel_mse_mean": 0.0564887085929513,
        "output_int8_rel_mse_mean": 0.06544068921357393,
        "output_int4_rel_mse_mean": 0.6849970668554306
      }
    },
    {
      "module": "base_model.model.model.layers.4.input_layernorm",
      "role": "norm",
      "class": "Qwen2RMSNorm",
      "bits": 8,
      "baseline_loss_mean": 1.978752076625824,
      "perturbed_loss_mean": 1.971811205148697,
      "loss_delta": -0.006940871477127075,
      "loss_delta_abs": 0.006940871477127075,
      "max_batch_loss_delta_abs": 0.023958683013916016,
      "baseline_losses": [
        1.6607334613800049,
        1.931393027305603,
        1.8730062246322632,
        2.449875593185425
      ],
      "perturbed_losses": [
        1.661123275756836,
        1.9224356412887573,
        1.8777689933776855,
        2.425916910171509
      ],
      "per_batch_loss_delta": [
        0.0003898143768310547,
        -0.008957386016845703,
        0.004762768745422363,
        -0.023958683013916016
      ],
      "stage1_assignment": "fp32",
      "stage1_reason": "high-sensitivity reduction/output path",
      "stage1_signals": {
        "input_outlier_score_max": 756.0145263671875,
        "output_outlier_score_max": 30.450239181518555,
        "input_int8_rel_mse_mean": 0.0023856305051594973,
        "output_int8_rel_mse_mean": 0.004080614249687642,
        "output_int4_rel_mse_mean": 0.27452754974365234
      }
    },
    {
      "module": "base_model.model.model.layers.26.self_attn.q_proj",
      "role": "attention_projection",
      "class": "Linear",
      "bits": 8,
      "baseline_loss_mean": 1.978752076625824,
      "perturbed_loss_mean": 1.9849742650985718,
      "loss_delta": 0.006222188472747803,
      "loss_delta_abs": 0.006222188472747803,
      "max_batch_loss_delta_abs": 0.01002657413482666,
      "baseline_losses": [
        1.6607334613800049,
        1.931393027305603,
        1.8730062246322632,
        2.449875593185425
      ],
      "perturbed_losses": [
        1.6685380935668945,
        1.9354617595672607,
        1.8830327987670898,
        2.452864408493042
      ],
      "per_batch_loss_delta": [
        0.0078046321868896484,
        0.004068732261657715,
        0.01002657413482666,
        0.0029888153076171875
      ],
      "stage1_assignment": "bf16",
      "stage1_reason": "projection appears sensitive under activation probe",
      "stage1_signals": {
        "input_outlier_score_max": 20.09853744506836,
        "output_outlier_score_max": 11.413823127746582,
        "input_int8_rel_mse_mean": 0.0018716033082455397,
        "output_int8_rel_mse_mean": 0.0006273885956034064,
        "output_int4_rel_mse_mean": 0.173842441290617
      }
    },
    {
      "module": "base_model.model.model.layers.2.self_attn.o_proj",
      "role": "attention_projection",
      "class": "Linear",
      "bits": 8,
      "baseline_loss_mean": 1.978752076625824,
      "perturbed_loss_mean": 1.9842702746391296,
      "loss_delta": 0.005518198013305664,
      "loss_delta_abs": 0.005518198013305664,
      "max_batch_loss_delta_abs": 0.015546321868896484,
      "baseline_losses": [
        1.6607334613800049,
        1.931393027305603,
        1.8730062246322632,
        2.449875593185425
      ],
      "perturbed_losses": [
        1.6691920757293701,
        1.9253606796264648,
        1.8771064281463623,
        2.4654219150543213
      ],