{
  "model_name": "Qwen/Qwen2.5-7B",
  "dataset_name": "tatsu-lab/alpaca",
  "seed": 43,
  "seq_len": 512,
  "batch_size": 1,
  "calibration_batches": 4,
  "dataset_size": 128,
  "dtype": "bf16",
  "device": "cuda",
  "autocast_enabled": true,
  "bits": [
    8
  ],
  "candidate_policy": "/nfs/home/s314511048/mixed_precision/experiments/h6-adaptive-precision-assignment/results/h6_4_qwen7b_transfer_signals_seed43/policy_trace.json",
  "lora_targets": [
    "down_proj",
    "gate_proj",
    "k_proj",
    "o_proj",
    "q_proj",
    "up_proj",
    "v_proj"
  ],
  "baseline_loss_mean": 1.9968068301677704,
  "baseline_losses": [
    2.4588749408721924,
    1.853135347366333,
    1.7427939176559448,
    1.9324231147766113
  ],
  "elapsed_sec": 10.29733157157898,
  "peak_cuda_memory_gib": 15.586938381195068,
  "results": [
    {
      "module": "base_model.model.model.layers.4.post_attention_layernorm",
      "role": "norm",
      "class": "Qwen2RMSNorm",
      "bits": 8,
      "baseline_loss_mean": 1.9968068301677704,
      "perturbed_loss_mean": 2.2697248458862305,
      "loss_delta": 0.2729180157184601,
      "loss_delta_abs": 0.2729180157184601,
      "max_batch_loss_delta_abs": 0.3718583583831787,
      "baseline_losses": [
        2.4588749408721924,
        1.853135347366333,
        1.7427939176559448,
        1.9324231147766113
      ],
      "perturbed_losses": [
        2.794537305831909,
        2.11586856842041,
        1.8642120361328125,
        2.30428147315979
      ],
      "per_batch_loss_delta": [
        0.3356623649597168,
        0.26273322105407715,
        0.12141811847686768,
        0.3718583583831787
      ],
      "stage1_assignment": "fp32",
      "stage1_reason": "high-sensitivity reduction/output path",
      "stage1_signals": {
        "input_outlier_score_max": 755.9998779296875,
        "output_outlier_score_max": 47.414772033691406,
        "input_int8_rel_mse_mean": 0.00245924259070307,
        "output_int8_rel_mse_mean": 0.010932744946330786,
        "output_int4_rel_mse_mean": 0.152863260358572
      }
    },
    {
      "module": "base_model.model.model.layers.3.mlp.down_proj",
      "role": "mlp_projection",
      "class": "Linear",
      "bits": 8,
      "baseline_loss_mean": 1.9968068301677704,
      "perturbed_loss_mean": 2.0573913753032684,
      "loss_delta": 0.06058454513549805,
      "loss_delta_abs": 0.06058454513549805,
      "max_batch_loss_delta_abs": 0.10616707801818848,
      "baseline_losses": [
        2.4588749408721924,
        1.853135347366333,
        1.7427939176559448,
        1.9324231147766113
      ],
      "perturbed_losses": [
        2.565042018890381,
        1.9173511266708374,
        1.7530386447906494,
        1.994133710861206
      ],
      "per_batch_loss_delta": [
        0.10616707801818848,
        0.0642157793045044,
        0.01024472713470459,
        0.06171059608459473
      ],
      "stage1_assignment": "bf16",
      "stage1_reason": "projection appears sensitive under activation probe",
      "stage1_signals": {
        "input_outlier_score_max": 462.3586120605469,
        "output_outlier_score_max": 756.27294921875,
        "input_int8_rel_mse_mean": 0.01386228553019464,
        "output_int8_rel_mse_mean": 0.0016263856377918273,
        "output_int4_rel_mse_mean": 0.022903804201632738
      }
    },
    {
      "module": "base_model.model.lm_head",
      "role": "logits",
      "class": "Linear",
      "bits": 8,
      "baseline_loss_mean": 1.9968068301677704,
      "perturbed_loss_mean": 2.008498430252075,
      "loss_delta": 0.01169160008430481,
      "loss_delta_abs": 0.01169160008430481,
      "max_batch_loss_delta_abs": 0.01802229881286621,
      "baseline_losses": [
        2.4588749408721924,
        1.853135347366333,
        1.7427939176559448,
        1.9324231147766113
      ],
      "perturbed_losses": [
        2.4768972396850586,
        1.8594316244125366,
        1.7473909854888916,
        1.950273871421814
      ],
      "per_batch_loss_delta": [
        0.01802229881286621,
        0.006296277046203613,
        0.004597067832946777,
        0.017850756645202637
      ],
      "stage1_assignment": "fp32",
      "stage1_reason": "non-finite activation observed",
      "stage1_signals": {
        "input_outlier_score_max": 47.40815734863281,
        "output_outlier_score_max": 7.669300556182861,
        "input_int8_rel_mse_mean": 0.008643293753266335,
        "output_int8_rel_mse_mean": 0.00024329698862857185,
        "output_int4_rel_mse_mean": 0.08015768975019455
      }
    },
    {
      "module": "base_model.model.model.layers.2.self_attn.o_proj",
      "role": "attention_projection",
      "class": "Linear",
      "bits": 8,
      "baseline_loss_mean": 1.9968068301677704,
      "perturbed_loss_mean": 1.9857221841812134,
      "loss_delta": -0.011084645986557007,
      "loss_delta_abs": 0.011084645986557007,
      "max_batch_loss_delta_abs": 0.015264034271240234,
      "baseline_losses": [
        2.4588749408721924,
        1.853135347366333,
        1.7427939176559448,
        1.9324231147766113
      ],
      "perturbed_losses": [
        2.443610906600952,
        1.8457359075546265,
        1.73508620262146,
        1.918455719947815
      ],
      "per_batch_loss_delta": [
        -0.015264034271240234,
        -0.007399439811706543,
        -0.007707715034484863,
        -0.013967394828796387
      ],
      "stage1_assignment": "bf16",
      "stage1_reason": "projection appears sensitive under activation probe",
      "stage1_signals": {
        "input_outlier_score_max": 31.619037628173828,
        "output_outlier_score_max": 158.55824279785156,
        "input_int8_rel_mse_mean": 0.00463147257687524,
        "output_int8_rel_mse_mean": 0.11815911903977394,
        "output_int4_rel_mse_mean": 0.7587094753980637
      }
    },
    {
      "module": "base_model.model.model.layers.2.mlp.down_proj",
      "role": "mlp_projection",
      "class": "Linear",
      "bits": 8,
      "baseline_loss_mean": 1.9968068301677704,
      "perturbed_loss_mean": 1.9892296493053436,
      "loss_delta": -0.007577180862426758,
      "loss_delta_abs": 0.007577180862426758,
      "max_batch_loss_delta_abs": 0.009642839431762695,
      "baseline_losses": [
        2.4588749408721924,
        1.853135347366333,
        1.7427939176559448,
        1.9324231147766113
      ],
      "perturbed_losses": [
        2.4492321014404297,
        1.8443713188171387,
        1.735012173652649,
        1.9283030033111572
      ],
      "per_batch_loss_delta": [
        -0.009642839431762695,
        -0.008764028549194336,
        -0.0077817440032958984,
        -0.0041201114654541016
      ],
      "stage1_assignment": "bf16",
      "stage1_reason": "projection appears sensitive under activation probe",
      "stage1_signals": {
        "input_outlier_score_max": 518.1864624023438,
        "output_outlier_score_max": 65.95178985595703,
        "input_int8_rel_mse_mean": 0.06902401242405176,
        "output_int8_rel_mse_mean": 0.01991590904071927,
        "output_int4_rel_mse_mean": 0.43785835057497025
      }
    },
    {
      "module": "base_model.model.model.layers.4.input_layernorm",
      "role": "norm",
      "class": "Qwen2RMSNorm",
      "bits": 8,
      "baseline_loss_mean": 1.9968068301677704,
      "perturbed_loss_mean": 1.99272021651268,
      "loss_delta": -0.004086613655090332,
      "loss_delta_abs": 0.004086613655090332,
      "max_batch_loss_delta_abs": 0.007734894752502441,
      "baseline_losses": [
        2.4588749408721924,
        1.853135347366333,
        1.7427939176559448,
        1.9324231147766113
      ],
      "perturbed_losses": [
        2.456608295440674,
        1.8500255346298218,
        1.7350590229034424,
        1.9291880130767822
      ],
      "per_batch_loss_delta": [
        -0.0022666454315185547,
        -0.0031098127365112305,
        -0.007734894752502441,
        -0.0032351016998291016
      ],
      "stage1_assignment": "fp32",