model_name,model_size_b,dataset_name,seed,source_stage,source_dir,module_name,module_short,module_role,module_class,module_leaf,layer_idx,num_layers_hint,normalized_depth,candidate_format,stage1_assignment,stage1_reason,observations,activation_outlier_score,input_outlier_score,output_outlier_score,input_outlier_score_mean,input_outlier_score_max,output_outlier_score_mean,output_outlier_score_max,int8_rel_mse,input_int8_rel_mse_mean,output_int8_rel_mse_mean,output_int4_rel_mse_mean,output_int8_saturation_mean,output_int4_saturation_mean,finite_fraction_min,baseline_loss_mean,perturbed_loss_mean,perturbation_delta,abs_perturbation_delta,max_batch_loss_delta_abs,has_perturbation,safe_label,safe_threshold,label_source
Qwen/Qwen2.5-0.5B,0.5,tatsu-lab/alpaca,42,h6_0p5b_perturbation,perturbation_bf16_seed42,base_model.model.lm_head,base_model.model.lm_head,logits,Linear,lm_head,,24,,fake_int8_output,fp32,high-sensitivity reduction/output path,8,19.7650871277,19.7650871277,7.22767114639,19.2257249355,19.7650871277,6.56409925222,7.22767114639,0.00190445838962,0.00190445838962,0.000223607090447,0.0724831614643,1.00268323422e-06,2.8827143268e-06,1,1.75131380558,1.75387716293,0.00256335735321,0.00256335735321,0.00890648365021,1,1,0.005,perturbation_abs_threshold
Qwen/Qwen2.5-0.5B,0.5,tatsu-lab/alpaca,42,smoke_signals_seed42,smoke_signals_seed42,base_model.model.model.layers.0.input_layernorm,layers.0.input_layernorm,norm,Qwen2RMSNorm,input_layernorm,0,1,,fake_int8_output,fp32,high-sensitivity reduction/output path,1,24.8319339752,6.04317235947,24.8319339752,6.04317235947,6.04317235947,24.8319339752,24.8319339752,0.00317848613486,0.00018857428222,0.00317848613486,0.302425116301,1.7438616851e-05,1.7438616851e-05,1,,,,,,0,,0.005,
Qwen/Qwen2.5-0.5B,0.5,tatsu-lab/alpaca,42,smoke_signals_seed42,smoke_signals_seed42,base_model.model.model.layers.0.mlp.down_proj,layers.0.mlp.down_proj,mlp_projection,Linear,down_proj,0,1,,fake_int8_output,bf16,projection appears sensitive under activation probe,1,72.9548034668,72.9548034668,13.2850141525,72.9548034668,72.9548034668,13.2850141525,13.2850141525,0.0218428727239,0.0218428727239,0.000908552086912,0.22682389617,1.7438616851e-05,6.9754467404e-05,1,,,,,,0,,0.005,
Qwen/Qwen2.5-0.5B,0.5,tatsu-lab/alpaca,42,smoke_signals_seed42,smoke_signals_seed42,base_model.model.model.layers.0.mlp.gate_proj,layers.0.mlp.gate_proj,mlp_projection,Linear,gate_proj,0,1,,fake_int8_output,bf16,projection appears sensitive under activation probe,1,18.7648601532,18.7648601532,9.20586967468,18.7648601532,18.7648601532,9.20586967468,9.20586967468,0.00182304228656,0.00182304228656,0.000438485789346,0.136469334364,3.21237666867e-06,9.63712955127e-06,1,,,,,,0,,0.005,
Qwen/Qwen2.5-0.5B,0.5,tatsu-lab/alpaca,42,smoke_signals_seed42,smoke_signals_seed42,base_model.model.model.layers.0.mlp.up_proj,layers.0.mlp.up_proj,mlp_projection,Linear,up_proj,0,1,,fake_int8_output,bf16,projection appears sensitive under activation probe,1,18.7648601532,18.7648601532,12.4529037476,18.7648601532,18.7648601532,12.4529037476,12.4529037476,0.00182304228656,0.00182304228656,0.000799517612904,0.25109192729,3.21237666867e-06,3.21237666867e-06,1,,,,,,0,,0.005,
Qwen/Qwen2.5-0.5B,0.5,tatsu-lab/alpaca,42,h6_0p5b_calibration,calibration_bf16_seed42,base_model.model.model.layers.0.post_attention_layernorm,layers.0.post_attention_layernorm,norm,Qwen2RMSNorm,post_attention_layernorm,0,24,0,fake_int8_output,fp32,high-sensitivity reduction/output path,8,26.5200481415,26.5200481415,19.3507518768,24.7692716122,26.5200481415,18.6911330223,19.3507518768,0.00317427460686,0.00317427460686,0.00180543960596,0.510382086039,2.45230549467e-06,2.75203176443e-05,1,,,,,,0,,0.005,
Qwen/Qwen2.5-0.5B,0.5,tatsu-lab/alpaca,42,smoke_signals_seed42,smoke_signals_seed42,base_model.model.model.layers.0.self_attn.k_proj,layers.0.self_attn.k_proj,attention_projection,Linear,k_proj,0,1,,fake_int8_output,bf16,projection appears sensitive under activation probe,1,24.8319339752,24.8319339752,4.0210146904,24.8319339752,24.8319339752,4.0210146904,4.0210146904,0.00317848613486,0.00317848613486,7.16949434718e-05,0.0207981336862,0.0050048828125,0.0157470703125,1,,,,,,0,,0.005,
Qwen/Qwen2.5-0.5B,0.5,tatsu-lab/alpaca,42,smoke_signals_seed42,smoke_signals_seed42,base_model.model.model.layers.0.self_attn.o_proj,layers.0.self_attn.o_proj,attention_projection,Linear,o_proj,0,1,,fake_int8_output,bf16,projection appears sensitive under activation probe,1,35.9192008972,15.4183492661,35.9192008972,15.4183492661,15.4183492661,35.9192008972,35.9192008972,0.00664424197748,0.00122535240371,0.00664424197748,0.294923812151,1.7438616851e-05,0.000139508934808,1,,,,,,0,,0.005,
Qwen/Qwen2.5-0.5B,0.5,tatsu-lab/alpaca,42,smoke_signals_seed42,smoke_signals_seed42,base_model.model.model.layers.0.self_attn.q_proj,layers.0.self_attn.q_proj,attention_projection,Linear,q_proj,0,1,,fake_int8_output,bf16,projection appears sensitive under activation probe,1,24.8319339752,24.8319339752,10.1534404755,24.8319339752,24.8319339752,10.1534404755,10.1534404755,0.00317848613486,0.00317848613486,0.000501315924339,0.106481954455,8.7193082436e-05,0.00111607147846,1,,,,,,0,,0.005,
Qwen/Qwen2.5-0.5B,0.5,tatsu-lab/alpaca,42,smoke_signals_seed42,smoke_signals_seed42,base_model.model.model.layers.0.self_attn.v_proj,layers.0.self_attn.v_proj,attention_projection,Linear,v_proj,0,1,,fake_int8_output,bf16,projection appears sensitive under activation probe,1,24.8319339752,24.8319339752,10.3064603806,24.8319339752,24.8319339752,10.3064603806,10.3064603806,0.00317848613486,0.00317848613486,0.000548533396795,0.161737442017,0.0003662109375,0.0006103515625,1,,,,,,0,,0.005,
Qwen/Qwen2.5-0.5B,0.5,tatsu-lab/alpaca,42,h6_0p5b_calibration,calibration_bf16_seed42,base_model.model.model.layers.1.input_layernorm,layers.1.input_layernorm,norm,Qwen2RMSNorm,input_layernorm,1,24,0.0434782608696,fake_int8_output,fp32,high-sensitivity reduction/output path,8,18.5909385681,18.3233146667,18.5909385681,16.480116725,18.3233146667,17.9951117039,18.5909385681,0.00167268006771,0.00140768270649,0.00167268006771,0.408957131207,2.45230549467e-06,7.62939475862e-06,1,,,,,,0,,0.005,
Qwen/Qwen2.5-0.5B,0.5,tatsu-lab/alpaca,42,h6_0p5b_calibration,calibration_bf16_seed42,base_model.model.model.layers.1.mlp.down_proj,layers.1.mlp.down_proj,mlp_projection,Linear,down_proj,1,24,0.0434782608696,fake_int8_output,bf16,projection appears sensitive under activation probe,8,76.554069519,76.554069519,21.4999675751,55.0637745857,76.554069519,15.2894570827,21.4999675751,0.0156104611815,0.0156104611815,0.00123953571892,0.358366619796,2.45230549467e-06,0.000104904180404,1,,,,,,0,,0.005,
Qwen/Qwen2.5-0.5B,0.5,tatsu-lab/alpaca,42,h6_0p5b_calibration,calibration_bf16_seed42,base_model.model.model.layers.1.mlp.gate_proj,layers.1.mlp.gate_proj,mlp_projection,Linear,gate_proj,1,24,0.0434782608696,fake_int8_output,bf16,projection appears sensitive under activation probe,8,15.2748117447,15.2748117447,7.99281597137,14.6291011572,15.2748117447,7.3905633688,7.99281597137,0.00110463789315,0.00110463789315,0.000281525753962,0.0924475491047,1.20464073916e-06,3.0116018479e-06,1,,,,,,0,,0.005,
Qwen/Qwen2.5-0.5B,0.5,tatsu-lab/alpaca,42,h6_0p5b_calibration,calibration_bf16_seed42,base_model.model.model.layers.1.mlp.up_proj,layers.1.mlp.up_proj,mlp_projection,Linear,up_proj,1,24,0.0434782608696,fake_int8_output,bf16,projection appears sensitive under activation probe,8,15.2748117447,15.2748117447,10.8879556656,14.6291011572,15.2748117447,9.23368811607,10.8879556656,0.00110463789315,0.00110463789315,0.000443228160293,0.145282220095,1.35522083156e-06,3.01160190475e-06,1,,,,,,0,,0.005,
Qwen/Qwen2.5-0.5B,0.5,tatsu-lab/alpaca,42,h6_0p5b_calibration,calibration_bf16_seed42,base_model.model.model.layers.1.post_attention_layernorm,layers.1.post_attention_layernorm,norm,Qwen2RMSNorm,post_attention_layernorm,1,24,0.0434782608696,fake_int8_output,fp32,high-sensitivity reduction/output path,8,20.9731369019,20.9731369019,15.2748117447,20.1598131657,20.9731369019,14.6291011572,15.2748117447,0.00210338926991,0.00210338926991,0.00110463789315,0.34967046231,2.45230549467e-06,7.62939492915e-06,1,,,,,,0,,0.005,
Qwen/Qwen2.5-0.5B,0.5,tatsu-lab/alpaca,42,h6_0p5b_calibration,calibration_bf16_seed42,base_model.model.model.layers.1.self_attn.k_proj,layers.1.self_attn.k_proj,attention_projection,Linear,k_proj,1,24,0.0434782608696,fake_int8_output,bf16,projection appears sensitive under activation probe,8,18.5909385681,18.5909385681,8.10555839539,17.9951117039,18.5909385681,8.04465919733,8.10555839539,0.00167268006771,0.00167268006771,0.000336126737238,0.020920367213,6.103515625e-05,0.0078125,1,,,,,,0,,0.005,
Qwen/Qwen2.5-0.5B,0.5,tatsu-lab/alpaca,42,h6_0p5b_calibration,calibration_bf16_seed42,base_model.model.model.layers.1.self_attn.o_proj,layers.1.self_attn.o_proj,attention_projection,Linear,o_proj,1,24,0.0434782608696,fake_int8_output,bf16,projection appears sensitive under activation probe,8,18.2243976593,13.5556697845,18.2243976593,12.8399949074,13.5556697845,16.7705820799,18.2243976593,0.00145691429498,0.000851550721563,0.00145691429498,0.255333140492,2.45230549467e-06,4.41414997567e-05,1,,,,,,0,,0.005,
Qwen/Qwen2.5-0.5B,0.5,tatsu-lab/alpaca,42,h6_0p5b_calibration,calibration_bf16_seed42,base_model.model.model.layers.1.self_attn.q_proj,layers.1.self_attn.q_proj,attention_projection,Linear,q_proj,1,24,0.0434782608696,fake_int8_output,bf16,projection appears sensitive under activation probe,8,18.5909385681,18.5909385681,12.0478754044,17.9951117039,18.5909385681,11.5474073887,12.0478754044,0.00167268006771,0.00167268006771,0.000688755673764,0.160373520106,2.17982710637e-06,6.81195979269e-06,1,,,,,,0,,0.005,
Qwen/Qwen2.5-0.5B,0.5,tatsu-lab/alpaca,42,h6_0p5b_calibration,calibration_bf16_seed42,base_model.model.model.layers.1.self_attn.v_proj,layers.1.self_attn.v_proj,attention_projection,Linear,v_proj,1,24,0.0434782608696,fake_int8_output,bf16,projection appears sensitive under activation probe,8,18.5909385681,18.5909385681,11.2425355911,17.9951117039,18.5909385681,10.6569775343,11.2425355911,0.00167268006771,0.00167268006771,0.000587470385653,0.196429828182,1.52587890625e-05,0.000114440917969,1,,,,,,0,,0.005,
Qwen/Qwen2.5-0.5B,0.5,tatsu-lab/alpaca,42,h6_0p5b_calibration,calibration_bf16_seed42,base_model.model.model.layers.10.input_layernorm,layers.10.input_layernorm,norm,Qwen2RMSNorm,input_layernorm,10,24,0.434782608696,fake_int8_output,fp32,high-sensitivity reduction/output path,8,643.213012695,643.213012695,25.1653442383,636.721000671,643.213012695,24.4415678978,25.1653442383,0.0821836255491,0.0821836255491,0.00302674641716,0.572202689946,2.17982710637e-06,2.17982710637e-06,1,,,,,,0,,0.005,
Qwen/Qwen2.5-0.5B,0.5,tatsu-lab/alpaca,42,h6_0p5b_calibration,calibration_bf16_seed42,base_model.model.model.layers.10.mlp.down_proj,layers.10.mlp.down_proj,mlp_projection,Linear,down_proj,10,24,0.434782608696,fake_int8_output,bf16,projection appears sensitive under activation probe,8,33.4226570129,33.4226570129,13.5222921371,21.8233070374,33.4226570129,12.7411828041,13.5222921371,0.00251729274169,0.00251729274169,0.000841015244077,0.248772928491,2.17982710637e-06,2.45230549467e-06,1,,,,,,0,,0.005,
Qwen/Qwen2.5-0.5B,0.5,tatsu-lab/alpaca,42,h6_0p5b_calibration,calibration_bf16_seed42,base_model.model.model.layers.10.mlp.gate_proj,layers.10.mlp.gate_proj,mlp_projection,Linear,gate_proj,10,24,0.434782608696,fake_int8_output,bf16,projection appears sensitive under activation probe,8,26.0789909363,26.0789909363,7.07875394821,25.418135643,26.0789909363,6.41346895695,7.07875394821,0.00334300048416,0.00334300048416,0.000213293251363,0.0701525332406,1.35522083156e-06,1.06911867306e-05,1,,,,,,0,,0.005,
Qwen/Qwen2.5-0.5B,0.5,tatsu-lab/alpaca,42,h6_0p5b_calibration,calibration_bf16_seed42,base_model.model.model.layers.10.mlp.up_proj,layers.10.mlp.up_proj,mlp_projection,Linear,up_proj,10,24,0.434782608696,fake_int8_output,bf16,projection appears sensitive under activation probe,8,26.0789909363,26.0789909363,6.95993757248,25.418135643,26.0789909363,6.16915357113,6.95993757248,0.00334300048416,0.00334300048416,0.000197967652639,0.0650519425981,1.20464073916e-06,4.21624253022e-06,1,,,,,,0,,0.005,
Qwen/Qwen2.5-0.5B,0.5,tatsu-lab/alpaca,42,h6_0p5b_calibration,calibration_bf16_seed42,base_model.model.model.layers.10.post_attention_layernorm,layers.10.post_attention_layernorm,norm,Qwen2RMSNorm,post_attention_layernorm,10,24,0.434782608696,fake_int8_output,fp32,high-sensitivity reduction/output path,8,645.226257324,645.226257324,26.0789909363,639.362510681,645.226257324,25.418135643,26.0789909363,0.0834745690227,0.0834745690227,0.00334300048416,0.681009963155,2.17982710637e-06,2.17982710637e-06,1,,,,,,0,,0.005,
Qwen/Qwen2.5-0.5B,0.5,tatsu-lab/alpaca,42,h6_0p5b_calibration,calibration_bf16_seed42,base_model.model.model.layers.10.self_attn.k_proj,layers.10.self_attn.k_proj,attention_projection,Linear,k_proj,10,24,0.434782608696,fake_int8_output,bf16,projection appears sensitive under activation probe,8,25.1653442383,25.1653442383,8.19524860382,24.4415678978,25.1653442383,7.78209722042,8.19524860382,0.00302674641716,0.00302674641716,0.000313031550832,0.0980312433094,1.52587890625e-05,6.67572021484e-05,1,,,,,,0,,0.005,
Qwen/Qwen2.5-0.5B,0.5,tatsu-lab/alpaca,42,h6_0p5b_calibration,calibration_bf16_seed42,base_model.model.model.layers.10.self_attn.o_proj,layers.10.self_attn.o_proj,attention_projection,Linear,o_proj,10,24,0.434782608696,fake_int8_output,bf16,projection appears sensitive under activation probe,8,29.5765800476,18.524269104,29.5765800476,13.0924921036,18.524269104,28.2607853413,29.5765800476,0.00412613525987,0.000902237283299,0.00412613525987,0.401876062155,2.17982710637e-06,2.45230549183e-05,1,,,,,,0,,0.005,
Qwen/Qwen2.5-0.5B,0.5,tatsu-lab/alpaca,42,h6_0p5b_calibration,calibration_bf16_seed42,base_model.model.model.layers.10.self_attn.q_proj,layers.10.self_attn.q_proj,attention_projection,Linear,q_proj,10,24,0.434782608696,fake_int8_output,bf16,projection appears sensitive under activation probe,8,25.1653442383,25.1653442383,10.839263916,24.4415678978,25.1653442383,10.654323101,10.839263916,0.00302674641716,0.00302674641716,0.000586929971178,0.131494488567,2.23432278972e-05,0.00107901442971,1,,,,,,0,,0.005,
Qwen/Qwen2.5-0.5B,0.5,tatsu-lab/alpaca,42,h6_0p5b_calibration,calibration_bf16_seed42,base_model.model.model.layers.10.self_attn.v_proj,layers.10.self_attn.v_proj,attention_projection,Linear,v_proj,10,24,0.434782608696,fake_int8_output,bf16,projection appears sensitive under activation probe,8,25.1653442383,25.1653442383,6.28919792175,24.4415678978,25.1653442383,4.63579669595,6.28919792175,0.00302674641716,0.00302674641716,0.00011352124784,0.0374439354055,1.71661376953e-05,0.000175476074219,1,,,,,,0,,0.005,
Qwen/Qwen2.5-0.5B,0.5,tatsu-lab/alpaca,42,h6_0p5b_calibration,calibration_bf16_seed42,base_model.model.model.layers.11.input_layernorm,layers.11.input_layernorm,norm,Qwen2RMSNorm,input_layernorm,11,24,0.478260869565,fake_int8_output,fp32,high-sensitivity reduction/output path,8,647.861450195,647.861450195,20.5387401581,642.231239319,647.861450195,18.2214677334,20.5387401581,0.0754073890857,0.0754073890857,0.00171561472234,0.378613911569,3.26974065956e-06,5.72204626792e-06,1,,,,,,0,,0.005,
Qwen/Qwen2.5-0.5B,0.5,tatsu-lab/alpaca,42,h6_0p5b_calibration,calibration_bf16_seed42,base_model.model.model.layers.11.mlp.down_proj,layers.11.mlp.down_proj,mlp_projection,Linear,down_proj,11,24,0.478260869565,fake_int8_output,bf16,projection appears sensitive under activation probe,8,30.760591507,30.760591507,12.0885457993,28.3256027699,30.760591507,9.01167351007,12.0885457993,0.00404644131777,0.00404644131777,0.000428316110629,0.13755388651,2.45230549467e-06,5.44956773751e-06,1,,,,,,0,,0.005,
Qwen/Qwen2.5-0.5B,0.5,tatsu-lab/alpaca,42,h6_0p5b_calibration,calibration_bf16_seed42,base_model.model.model.layers.11.mlp.gate_proj,layers.11.mlp.gate_proj,mlp_projection,Linear,gate_proj,11,24,0.478260869565,fake_int8_output,bf16,projection appears sensitive under activation probe,8,26.4658660889,26.4658660889,7.99116516113,25.8634679317,26.4658660889,6.946162045,7.99116516113,0.0034658042714,0.0034658042714,0.0002530107231,0.0832440657541,1.20464073916e-06,7.98074495378e-06,1,,,,,,0,,0.005,
Qwen/Qwen2.5-0.5B,0.5,tatsu-lab/alpaca,42,h6_0p5b_calibration,calibration_bf16_seed42,base_model.model.model.layers.11.mlp.up_proj,layers.11.mlp.up_proj,mlp_projection,Linear,up_proj,11,24,0.478260869565,fake_int8_output,bf16,projection appears sensitive under activation probe,8,26.4658660889,26.4658660889,7.74783658981,25.8634679317,26.4658660889,6.93739235401,7.74783658981,0.0034658042714,0.0034658042714,0.000249144914051,0.081993338652,1.20464073916e-06,1.40039484222e-05,1,,,,,,0,,0.005,
Qwen/Qwen2.5-0.5B,0.5,tatsu-lab/alpaca,42,h6_0p5b_calibration,calibration_bf16_seed42,base_model.model.model.layers.11.post_attention_layernorm,layers.11.post_attention_layernorm,norm,Qwen2RMSNorm,post_attention_layernorm,11,24,0.478260869565,fake_int8_output,fp32,high-sensitivity reduction/output path,8,648.52142334,648.52142334,26.4658660889,643.377662659,648.52142334,25.8634679317,26.4658660889,0.0736540146172,0.0736540146172,0.0034658042714,0.696231901646,2.17982710637e-06,2.17982710637e-06,1,,,,,,0,,0.005,
Qwen/Qwen2.5-0.5B,0.5,tatsu-lab/alpaca,42,h6_0p5b_calibration,calibration_bf16_seed42,base_model.model.model.layers.11.self_attn.k_proj,layers.11.self_attn.k_proj,attention_projection,Linear,k_proj,11,24,0.478260869565,fake_int8_output,bf16,projection appears sensitive under activation probe,8,20.5387401581,20.5387401581,9.16219234467,18.2214677334,20.5387401581,7.25810152292,9.16219234467,0.00171561472234,0.00171561472234,0.000277688037386,0.085580194369,1.52587890625e-05,3.43322753906e-05,1,,,,,,0,,0.005,
Qwen/Qwen2.5-0.5B,0.5,tatsu-lab/alpaca,42,h6_0p5b_calibration,calibration_bf16_seed42,base_model.model.model.layers.11.self_attn.o_proj,layers.11.self_attn.o_proj,attention_projection,Linear,o_proj,11,24,0.478260869565,fake_int8_output,bf16,projection appears sensitive under activation probe,8,22.6611995697,20.7208652496,22.6611995697,15.3559854031,20.7208652496,22.2605950832,22.6611995697,0.00257798293023,0.000907363159058,0.00257798293023,0.385343559086,1.25340059469e-05,0.000938960532949,1,,,,,,0,,0.005,
Qwen/Qwen2.5-0.5B,0.5,tatsu-lab/alpaca,42,h6_0p5b_calibration,calibration_bf16_seed42,base_model.model.model.layers.11.self_attn.q_proj,layers.11.self_attn.q_proj,attention_projection,Linear,q_proj,11,24,0.478260869565,fake_int8_output,bf16,projection appears sensitive under activation probe,8,20.5387401581,20.5387401581,14.9624605179,18.2214677334,20.5387401581,13.3586219549,14.9624605179,0.00171561472234,0.00171561472234,0.000925267981074,0.162660326809,2.72478388297e-06,1.49863115553e-05,1,,,,,,0,,0.005,
Qwen/Qwen2.5-0.5B,0.5,tatsu-lab/alpaca,42,h6_0p5b_calibration,calibration_bf16_seed42,base_model.model.model.layers.11.self_attn.v_proj,layers.11.self_attn.v_proj,attention_projection,Linear,v_proj,11,24,0.478260869565,fake_int8_output,bf16,projection appears sensitive under activation probe,8,20.5387401581,20.5387401581,9.45512962341,18.2214677334,20.5387401581,7.30181306601,9.45512962341,0.00171561472234,0.00171561472234,0.000280836673483,0.0900700269267,1.52587890625e-05,4.76837158203e-05,1,,,,,,0,,0.005,
Qwen/Qwen2.5-0.5B,0.5,tatsu-lab/alpaca,42,h6_0p5b_calibration,calibration_bf16_seed42,base_model.model.model.layers.12.input_layernorm,layers.12.input_layernorm,norm,Qwen2RMSNorm,input_layernorm,12,24,0.521739130435,fake_int8_output,fp32,high-sensitivity reduction/output path,8,649.257019043,649.257019043,28.7622680664,644.249504089,649.257019043,27.7079117298,28.7622680664,0.0708232307807,0.0708232307807,0.00390706345206,0.636476166546,2.17982710637e-06,2.17982710637e-06,1,,,,,,0,,0.005,
Qwen/Qwen2.5-0.5B,0.5,tatsu-lab/alpaca,42,h6_0p5b_calibration,calibration_bf16_seed42,base_model.model.model.layers.12.mlp.down_proj,layers.12.mlp.down_proj,mlp_projection,Linear,down_proj,12,24,0.521739130435,fake_int8_output,bf16,projection appears sensitive under activation probe,8,31.5307445526,31.5307445526,13.997262001,23.2372822762,31.5307445526,12.9803316593,13.997262001,0.00280369087704,0.00280369087704,0.000872898483067,0.260693592951,2.17982710637e-06,2.99726227126e-06,1,,,,,,0,,0.005,
Qwen/Qwen2.5-0.5B,0.5,tatsu-lab/alpaca,42,h6_0p5b_calibration,calibration_bf16_seed42,base_model.model.model.layers.12.mlp.gate_proj,layers.12.mlp.gate_proj,mlp_projection,Linear,gate_proj,12,24,0.521739130435,fake_int8_output,bf16,projection appears sensitive under activation probe,8,24.1456375122,24.1456375122,8.16991424561,23.4880640507,24.1456375122,7.15143918991,8.16991424561,0.00285614622408,0.00285614622408,0.000266424305664,0.0887335110456,1.20464073916e-06,6.47494391615e-06,1,,,,,,0,,0.005,
Qwen/Qwen2.5-0.5B,0.5,tatsu-lab/alpaca,42,h6_0p5b_calibration,calibration_bf16_seed42,base_model.model.model.layers.12.mlp.up_proj,layers.12.mlp.up_proj,mlp_projection,Linear,up_proj,12,24,0.521739130435,fake_int8_output,bf16,projection appears sensitive under activation probe,8,24.1456375122,24.1456375122,8.73974990845,23.4880640507,24.1456375122,7.40827828646,8.73974990845,0.00285614622408,0.00285614622408,0.000286398657408,0.0942314770073,1.20464073916e-06,1.74672909452e-05,1,,,,,,0,,0.005,
Qwen/Qwen2.5-0.5B,0.5,tatsu-lab/alpaca,42,h6_0p5b_calibration,calibration_bf16_seed42,base_model.model.model.layers.12.post_attention_layernorm,layers.12.post_attention_layernorm,norm,Qwen2RMSNorm,post_attention_layernorm,12,24,0.521739130435,fake_int8_output,fp32,high-sensitivity reduction/output path,8,649.191650391,649.191650391,24.1456375122,644.353439331,649.191650391,23.4880640507,24.1456375122,0.0707375123166,0.0707375123166,0.00285614622408,0.607964262366,2.17982710637e-06,2.17982710637e-06,1,,,,,,0,,0.005,
Qwen/Qwen2.5-0.5B,0.5,tatsu-lab/alpaca,42,h6_0p5b_calibration,calibration_bf16_seed42,base_model.model.model.layers.12.self_attn.k_proj,layers.12.self_attn.k_proj,attention_projection,Linear,k_proj,12,24,0.521739130435,fake_int8_output,bf16,projection appears sensitive under activation probe,8,28.7622680664,28.7622680664,6.36921262741,27.7079117298,28.7622680664,5.94522207975,6.36921262741,0.00390706345206,0.00390706345206,0.000182802941708,0.062135821674,1.71661376953e-05,0.000158309936523,1,,,,,,0,,0.005,
Qwen/Qwen2.5-0.5B,0.5,tatsu-lab/alpaca,42,h6_0p5b_calibration,calibration_bf16_seed42,base_model.model.model.layers.12.self_attn.o_proj,layers.12.self_attn.o_proj,attention_projection,Linear,o_proj,12,24,0.521739130435,fake_int8_output,bf16,projection appears sensitive under activation probe,8,25.3316650391,25.3316650391,21.5069885254,18.7975891829,25.3316650391,18.1273937225,21.5069885254,0.00193835172831,0.00193835172831,0.00172344525345,0.404931906611,2.17982710637e-06,5.44956770909e-06,1,,,,,,0,,0.005,
Qwen/Qwen2.5-0.5B,0.5,tatsu-lab/alpaca,42,h6_0p5b_calibration,calibration_bf16_seed42,base_model.model.model.layers.12.self_attn.q_proj,layers.12.self_attn.q_proj,attention_projection,Linear,q_proj,12,24,0.521739130435,fake_int8_output,bf16,projection appears sensitive under activation probe,8,28.7622680664,28.7622680664,11.5183925629,27.7079117298,28.7622680664,11.351478219,11.5183925629,0.00390706345206,0.00390706345206,0.000664808008878,0.152357680723,2.17982710637e-06,0.000328608934467,1,,,,,,0,,0.005,
Qwen/Qwen2.5-0.5B,0.5,tatsu-lab/alpaca,42,h6_0p5b_calibration,calibration_bf16_seed42,base_model.model.model.layers.12.self_attn.v_proj,layers.12.self_attn.v_proj,attention_projection,Linear,v_proj,12,24,0.521739130435,fake_int8_output,bf16,projection appears sensitive under activation probe,8,28.7622680664,28.7622680664,6.6667599678,27.7079117298,28.7622680664,5.01350754499,6.6667599678,0.00390706345206,0.00390706345206,0.000136106626087,0.0456044161692,1.52587890625e-05,7.24792480469e-05,1,,,,,,0,,0.005,
Qwen/Qwen2.5-0.5B,0.5,tatsu-lab/alpaca,42,h6_0p5b_calibration,calibration_bf16_seed42,base_model.model.model.layers.13.input_layernorm,layers.13.input_layernorm,norm,Qwen2RMSNorm,input_layernorm,13,24,0.565217391304,fake_int8_output,fp32,high-sensitivity reduction/output path,8,649.868896484,649.868896484,21.8466205597,646.743728638,649.868896484,21.2200016975,21.8466205597,0.0632586395368,0.0632586395368,0.00232699871412,0.479217760265,2.17982710637e-06,2.17982710637e-06,1,,,,,,0,,0.005,
Qwen/Qwen2.5-0.5B,0.5,tatsu-lab/alpaca,42,h6_0p5b_calibration,calibration_bf16_seed42,base_model.model.model.layers.13.mlp.down_proj,layers.13.mlp.down_proj,mlp_projection,Linear,down_proj,13,24,0.565217391304,fake_int8_output,bf16,projection appears sensitive under activation probe,8,58.1398239136,58.1398239136,11.1746835709,52.0662889481,58.1398239136,9.07307291031,11.1746835709,0.0132025842322,0.0132025842322,0.000436782578618,0.135450475849,2.17982710637e-06,3.26974068798e-06,1,,,,,,0,,0.005,
Qwen/Qwen2.5-0.5B,0.5,tatsu-lab/alpaca,42,h6_0p5b_calibration,calibration_bf16_seed42,base_model.model.model.layers.13.mlp.gate_proj,layers.13.mlp.gate_proj,mlp_projection,Linear,gate_proj,13,24,0.565217391304,fake_int8_output,bf16,projection appears sensitive under activation probe,8,22.7697086334,22.7697086334,8.68276977539,22.274294138,22.7697086334,7.56131112576,8.68276977539,0.00256326523959,0.00256326523959,0.000297973105262,0.0980948619545,1.35522083156e-06,2.25870138024e-05,1,,,,,,0,,0.005,
Qwen/Qwen2.5-0.5B,0.5,tatsu-lab/alpaca,42,h6_0p5b_calibration,calibration_bf16_seed42,base_model.model.model.layers.13.mlp.up_proj,layers.13.mlp.up_proj,mlp_projection,Linear,up_proj,13,24,0.565217391304,fake_int8_output,bf16,projection appears sensitive under activation probe,8,22.7697086334,22.7697086334,10.209654808,22.274294138,22.7697086334,9.04036605358,10.209654808,0.00256326523959,0.00256326523959,0.000423725352448,0.138684391975,1.65638101635e-06,6.73093013575e-05,1,,,,,,0,,0.005,
Qwen/Qwen2.5-0.5B,0.5,tatsu-lab/alpaca,42,h6_0p5b_calibration,calibration_bf16_seed42,base_model.model.model.layers.13.post_attention_layernorm,layers.13.post_attention_layernorm,norm,Qwen2RMSNorm,post_attention_layernorm,13,24,0.565217391304,fake_int8_output,fp32,high-sensitivity reduction/output path,8,649.890197754,649.890197754,22.7697086334,647.270469666,649.890197754,22.274294138,22.7697086334,0.0621479465626,0.0621479465626,0.00256326523959,0.59002071619,2.17982710637e-06,2.17982710637e-06,1,,,,,,0,,0.005,
Qwen/Qwen2.5-0.5B,0.5,tatsu-lab/alpaca,42,h6_0p5b_calibration,calibration_bf16_seed42,base_model.model.model.layers.13.self_attn.k_proj,layers.13.self_attn.k_proj,attention_projection,Linear,k_proj,13,24,0.565217391304,fake_int8_output,bf16,projection appears sensitive under activation probe,8,21.8466205597,21.8466205597,6.32832765579,21.2200016975,21.8466205597,5.41795861721,6.32832765579,0.00232699871412,0.00232699871412,0.000152353431076,0.0499567631632,1.52587890625e-05,4.57763671875e-05,1,,,,,,0,,0.005,
Qwen/Qwen2.5-0.5B,0.5,tatsu-lab/alpaca,42,h6_0p5b_calibration,calibration_bf16_seed42,base_model.model.model.layers.13.self_attn.o_proj,layers.13.self_attn.o_proj,attention_projection,Linear,o_proj,13,24,0.565217391304,fake_int8_output,bf16,projection appears sensitive under activation probe,8,24.4738883972,16.7300109863,24.4738883972,13.1103092432,16.7300109863,23.0961863995,24.4738883972,0.00277023742092,0.000838791347633,0.00277023742092,0.400332316756,2.72478388297e-06,0.000506809801124,1,,,,,,0,,0.005,
Qwen/Qwen2.5-0.5B,0.5,tatsu-lab/alpaca,42,h6_0p5b_calibration,calibration_bf16_seed42,base_model.model.model.layers.13.self_attn.q_proj,layers.13.self_attn.q_proj,attention_projection,Linear,q_proj,13,24,0.565217391304,fake_int8_output,bf16,projection appears sensitive under activation probe,8,21.8466205597,21.8466205597,9.37978363037,21.2200016975,21.8466205597,8.89131450653,9.37978363037,0.00232699871412,0.00232699871412,0.00040907593575,0.104803893715,2.17982710637e-06,0.000139781413282,1,,,,,,0,,0.005,
Qwen/Qwen2.5-0.5B,0.5,tatsu-lab/alpaca,42,h6_0p5b_calibration,calibration_bf16_seed42,base_model.model.model.layers.13.self_attn.v_proj,layers.13.self_attn.v_proj,attention_projection,Linear,v_proj,13,24,0.565217391304,fake_int8_output,bf16,projection appears sensitive under activation probe,8,21.8466205597,21.8466205597,5.31963157654,21.2200016975,21.8466205597,4.5278275311,5.31963157654,0.00232699871412,0.00232699871412,0.000106939048237,0.035113317892,1.52587890625e-05,0.000215530395508,1,,,,,,0,,0.005,
Qwen/Qwen2.5-0.5B,0.5,tatsu-lab/alpaca,42,h6_0p5b_calibration,calibration_bf16_seed42,base_model.model.model.layers.14.input_layernorm,layers.14.input_layernorm,norm,Qwen2RMSNorm,input_layernorm,14,24,0.608695652174,fake_int8_output,fp32,high-sensitivity reduction/output path,8,647.386535645,647.386535645,23.4699382782,642.452308655,647.386535645,22.8518128395,23.4699382782,0.0756574939005,0.0756574939005,0.00267552465084,0.541683755815,2.17982710637e-06,2.17982710637e-06,1,,,,,,0,,0.005,
Qwen/Qwen2.5-0.5B,0.5,tatsu-lab/alpaca,42,h6_0p5b_calibration,calibration_bf16_seed42,base_model.model.model.layers.14.mlp.down_proj,layers.14.mlp.down_proj,mlp_projection,Linear,down_proj,14,24,0.608695652174,fake_int8_output,bf16,projection appears sensitive under activation probe,8,68.6575393677,68.6575393677,8.70616149902,52.6790494919,68.6575393677,7.18613749743,8.70616149902,0.0136343259364,0.0136343259364,0.000270812121016,0.0882779918611,2.17982710637e-06,1.00817006228e-05,1,,,,,,0,,0.005,
Qwen/Qwen2.5-0.5B,0.5,tatsu-lab/alpaca,42,h6_0p5b_calibration,calibration_bf16_seed42,base_model.model.model.layers.14.mlp.gate_proj,layers.14.mlp.gate_proj,mlp_projection,Linear,gate_proj,14,24,0.608695652174,fake_int8_output,bf16,projection appears sensitive under activation probe,8,18.3171043396,18.3171043396,8.81814002991,17.927385807,18.3171043396,6.77271747589,8.81814002991,0.00166014894785,0.00166014894785,0.000240658147959,0.0800467152148,1.20464073916e-06,6.6255239517e-06,1,,,,,,0,,0.005,
Qwen/Qwen2.5-0.5B,0.5,tatsu-lab/alpaca,42,h6_0p5b_calibration,calibration_bf16_seed42,base_model.model.model.layers.14.mlp.up_proj,layers.14.mlp.up_proj,mlp_projection,Linear,up_proj,14,24,0.608695652174,fake_int8_output,bf16,projection appears sensitive under activation probe,8,18.3171043396,18.3171043396,6.58750343323,17.927385807,18.3171043396,5.99424833059,6.58750343323,0.00166014894785,0.00166014894785,0.000186430024769,0.0611390527338,1.20464073916e-06,3.46334218193e-06,1,,,,,,0,,0.005,
Qwen/Qwen2.5-0.5B,0.5,tatsu-lab/alpaca,42,h6_0p5b_calibration,calibration_bf16_seed42,base_model.model.model.layers.14.post_attention_layernorm,layers.14.post_attention_layernorm,norm,Qwen2RMSNorm,post_attention_layernorm,14,24,0.608695652174,fake_int8_output,fp32,high-sensitivity reduction/output path,8,647.212890625,647.212890625,18.3171043396,642.914489746,647.212890625,17.927385807,18.3171043396,0.0742545356043,0.0742545356043,0.00166014894785,0.431452605873,2.17982710637e-06,4.0871758813e-06,1,,,,,,0,,0.005,
Qwen/Qwen2.5-0.5B,0.5,tatsu-lab/alpaca,42,h6_0p5b_calibration,calibration_bf16_seed42,base_model.model.model.layers.14.self_attn.k_proj,layers.14.self_attn.k_proj,attention_projection,Linear,k_proj,14,24,0.608695652174,fake_int8_output,bf16,projection appears sensitive under activation probe,8,23.4699382782,23.4699382782,8.77249336243,22.8518128395,23.4699382782,7.8276411891,8.77249336243,0.00267552465084,0.00267552465084,0.000318848360621,0.117059078068,1.71661376953e-05,3.43322753906e-05,1,,,,,,0,,0.005,
Qwen/Qwen2.5-0.5B,0.5,tatsu-lab/alpaca,42,h6_0p5b_calibration,calibration_bf16_seed42,base_model.model.model.layers.14.self_attn.o_proj,layers.14.self_attn.o_proj,attention_projection,Linear,o_proj,14,24,0.608695652174,fake_int8_output,bf16,projection appears sensitive under activation probe,8,33.545425415,20.1408195496,33.545425415,13.9393355846,20.1408195496,28.6520910263,33.545425415,0.00431318138726,0.0010251912754,0.00431318138726,0.529758810997,2.17982710637e-06,4.08717585287e-06,1,,,,,,0,,0.005,
Qwen/Qwen2.5-0.5B,0.5,tatsu-lab/alpaca,42,h6_0p5b_calibration,calibration_bf16_seed42,base_model.model.model.layers.14.self_attn.q_proj,layers.14.self_attn.q_proj,attention_projection,Linear,q_proj,14,24,0.608695652174,fake_int8_output,bf16,projection appears sensitive under activation probe,8,23.4699382782,23.4699382782,8.73552417755,22.8518128395,23.4699382782,8.58885848522,8.73552417755,0.00267552465084,0.00267552465084,0.000381296300475,0.109493362717,2.45230549467e-06,2.69753599014e-05,1,,,,,,0,,0.005,
Qwen/Qwen2.5-0.5B,0.5,tatsu-lab/alpaca,42,h6_0p5b_calibration,calibration_bf16_seed42,base_model.model.model.layers.14.self_attn.v_proj,layers.14.self_attn.v_proj,attention_projection,Linear,v_proj,14,24,0.608695652174,fake_int8_output,bf16,projection appears sensitive under activation probe,8,23.4699382782,23.4699382782,7.5775308609,22.8518128395,23.4699382782,4.96931508183,7.5775308609,0.00267552465084,0.00267552465084,0.000133197519972,0.0431016359944,1.52587890625e-05,2.28881835938e-05,1,,,,,,0,,0.005,
Qwen/Qwen2.5-0.5B,0.5,tatsu-lab/alpaca,42,h6_0p5b_calibration,calibration_bf16_seed42,base_model.model.model.layers.15.input_layernorm,layers.15.input_layernorm,norm,Qwen2RMSNorm,input_layernorm,15,24,0.652173913043,fake_int8_output,fp32,high-sensitivity reduction/output path,8,641.877563477,641.877563477,24.7553081512,638.078971863,641.877563477,24.2346642017,24.7553081512,0.0867143524811,0.0867143524811,0.00302518979879,0.498974051327,2.17982710637e-06,2.17982710637e-06,1,,,,,,0,,0.005,
Qwen/Qwen2.5-0.5B,0.5,tatsu-lab/alpaca,42,h6_0p5b_calibration,calibration_bf16_seed42,base_model.model.model.layers.15.mlp.down_proj,layers.15.mlp.down_proj,mlp_projection,Linear,down_proj,15,24,0.652173913043,fake_int8_output,bf16,projection appears sensitive under activation probe,8,35.6034202576,35.6034202576,17.2780227661,25.4210603237,35.6034202576,14.161878109,17.2780227661,0.00346467763302,0.00346467763302,0.00104570849362,0.304680082947,2.17982710637e-06,7.35691648401e-06,1,,,,,,0,,0.005,
Qwen/Qwen2.5-0.5B,0.5,tatsu-lab/alpaca,42,h6_0p5b_calibration,calibration_bf16_seed42,base_model.model.model.layers.15.mlp.gate_proj,layers.15.mlp.gate_proj,mlp_projection,Linear,gate_proj,15,24,0.652173913043,fake_int8_output,bf16,projection appears sensitive under activation probe,8,20.7448959351,20.7448959351,5.99344110489,20.4203519821,20.7448959351,5.42725580931,5.99344110489,0.00215146190021,0.00215146190021,0.000152578564666,0.0506220669486,1.20464073916e-06,6.47494391615e-06,1,,,,,,0,,0.005,
Qwen/Qwen2.5-0.5B,0.5,tatsu-lab/alpaca,42,h6_0p5b_calibration,calibration_bf16_seed42,base_model.model.model.layers.15.mlp.up_proj,layers.15.mlp.up_proj,mlp_projection,Linear,up_proj,15,24,0.652173913043,fake_int8_output,bf16,projection appears sensitive under activation probe,8,20.7448959351,20.7448959351,7.93497753143,20.4203519821,20.7448959351,6.58984786272,7.93497753143,0.00215146190021,0.00215146190021,0.00022647600963,0.0743844243698,1.35522083156e-06,1.34016282232e-05,1,,,,,,0,,0.005,
Qwen/Qwen2.5-0.5B,0.5,tatsu-lab/alpaca,42,h6_0p5b_calibration,calibration_bf16_seed42,base_model.model.model.layers.15.post_attention_layernorm,layers.15.post_attention_layernorm,norm,Qwen2RMSNorm,post_attention_layernorm,15,24,0.652173913043,fake_int8_output,fp32,high-sensitivity reduction/output path,8,641.731323242,641.731323242,20.7448959351,638.51285553,641.731323242,20.4203519821,20.7448959351,0.085403798148,0.085403798148,0.00215146190021,0.51663030684,2.17982710637e-06,2.17982710637e-06,1,,,,,,0,,0.005,
Qwen/Qwen2.5-0.5B,0.5,tatsu-lab/alpaca,42,h6_0p5b_calibration,calibration_bf16_seed42,base_model.model.model.layers.15.self_attn.k_proj,layers.15.self_attn.k_proj,attention_projection,Linear,k_proj,15,24,0.652173913043,fake_int8_output,bf16,projection appears sensitive under activation probe,8,24.7553081512,24.7553081512,7.14343118668,24.2346642017,24.7553081512,6.25892955065,7.14343118668,0.00302518979879,0.00302518979879,0.000202828287001,0.0658394084312,1.52587890625e-05,0.000123977661133,1,,,,,,0,,0.005,
Qwen/Qwen2.5-0.5B,0.5,tatsu-lab/alpaca,42,h6_0p5b_calibration,calibration_bf16_seed42,base_model.model.model.layers.15.self_attn.o_proj,layers.15.self_attn.o_proj,attention_projection,Linear,o_proj,15,24,0.652173913043,fake_int8_output,bf16,projection appears sensitive under activation probe,8,25.6790618896,16.5813388824,25.6790618896,13.5926265717,16.5813388824,20.2933330536,25.6790618896,0.00211854380905,0.000973571441136,0.00211854380905,0.377426091582,9.80922196447e-05,0.000353676953097,1,,,,,,0,,0.005,
Qwen/Qwen2.5-0.5B,0.5,tatsu-lab/alpaca,42,h6_0p5b_calibration,calibration_bf16_seed42,base_model.model.model.layers.15.self_attn.q_proj,layers.15.self_attn.q_proj,attention_projection,Linear,q_proj,15,24,0.652173913043,fake_int8_output,bf16,projection appears sensitive under activation probe,8,24.7553081512,24.7553081512,9.210521698,24.2346642017,24.7553081512,9.01695561409,9.210521698,0.00302518979879,0.00302518979879,0.000420799133281,0.106455214322,2.45230549467e-06,0.000106539051103,1,,,,,,0,,0.005,
Qwen/Qwen2.5-0.5B,0.5,tatsu-lab/alpaca,42,h6_0p5b_calibration,calibration_bf16_seed42,base_model.model.model.layers.15.self_attn.v_proj,layers.15.self_attn.v_proj,attention_projection,Linear,v_proj,15,24,0.652173913043,fake_int8_output,bf16,projection appears sensitive under activation probe,8,24.7553081512,24.7553081512,5.04322719574,24.2346642017,24.7553081512,4.47145828605,5.04322719574,0.00302518979879,0.00302518979879,0.00010534471221,0.0343694628682,1.52587890625e-05,7.24792480469e-05,1,,,,,,0,,0.005,
Qwen/Qwen2.5-0.5B,0.5,tatsu-lab/alpaca,42,h6_0p5b_calibration,calibration_bf16_seed42,base_model.model.model.layers.16.input_layernorm,layers.16.input_layernorm,norm,Qwen2RMSNorm,input_layernorm,16,24,0.695652173913,fake_int8_output,fp32,high-sensitivity reduction/output path,8,642.00201416,642.00201416,22.8031349182,638.71509552,642.00201416,22.0620059967,22.8031349182,0.0821639755741,0.0821639755741,0.00251198268961,0.423935394734,2.17982710637e-06,2.17982710637e-06,1,,,,,,0,,0.005,
Qwen/Qwen2.5-0.5B,0.5,tatsu-lab/alpaca,42,h6_0p5b_calibration,calibration_bf16_seed42,base_model.model.model.layers.16.mlp.down_proj,layers.16.mlp.down_proj,mlp_projection,Linear,down_proj,16,24,0.695652173913,fake_int8_output,bf16,projection appears sensitive under activation probe,8,61.5934829712,61.5934829712,18.9709129333,47.2408974171,61.5934829712,16.2920026779,18.9709129333,0.0114218963427,0.0114218963427,0.00138164799137,0.426512759179,2.17982710637e-06,5.7220462395e-06,1,,,,,,0,,0.005,
Qwen/Qwen2.5-0.5B,0.5,tatsu-lab/alpaca,42,h6_0p5b_calibration,calibration_bf16_seed42,base_model.model.model.layers.16.mlp.gate_proj,layers.16.mlp.gate_proj,mlp_projection,Linear,gate_proj,16,24,0.695652173913,fake_int8_output,bf16,projection appears sensitive under activation probe,8,24.2418994904,24.2418994904,6.68556690216,21.3255774975,24.2418994904,6.12923485041,6.68556690216,0.0023638640414,0.0023638640414,0.000194656977328,0.0641338205896,1.20464073916e-06,4.96914299219e-06,1,,,,,,0,,0.005,
Qwen/Qwen2.5-0.5B,0.5,tatsu-lab/alpaca,42,h6_0p5b_calibration,calibration_bf16_seed42,base_model.model.model.layers.16.mlp.up_proj,layers.16.mlp.up_proj,mlp_projection,Linear,up_proj,16,24,0.695652173913,fake_int8_output,bf16,projection appears sensitive under activation probe,8,24.2418994904,24.2418994904,7.56781673431,21.3255774975,24.2418994904,6.73285895586,7.56781673431,0.0023638640414,0.0023638640414,0.000235757024711,0.077875171788,1.20464073916e-06,3.76450225303e-06,1,,,,,,0,,0.005,
Qwen/Qwen2.5-0.5B,0.5,tatsu-lab/alpaca,42,h6_0p5b_calibration,calibration_bf16_seed42,base_model.model.model.layers.16.post_attention_layernorm,layers.16.post_attention_layernorm,norm,Qwen2RMSNorm,post_attention_layernorm,16,24,0.695652173913,fake_int8_output,fp32,high-sensitivity reduction/output path,8,641.789245605,641.789245605,24.2418994904,638.566505432,641.789245605,21.3255774975,24.2418994904,0.082696181722,0.082696181722,0.0023638640414,0.541670974344,2.17982710637e-06,7.0844380673e-06,1,,,,,,0,,0.005,
Qwen/Qwen2.5-0.5B,0.5,tatsu-lab/alpaca,42,h6_0p5b_calibration,calibration_bf16_seed42,base_model.model.model.layers.16.self_attn.k_proj,layers.16.self_attn.k_proj,attention_projection,Linear,k_proj,16,24,0.695652173913,fake_int8_output,bf16,projection appears sensitive under activation probe,8,22.8031349182,22.8031349182,8.06687259674,22.0620059967,22.8031349182,5.87944883108,8.06687259674,0.00251198268961,0.00251198268961,0.000184699989404,0.0617437488399,1.52587890625e-05,5.14984130859e-05,1,,,,,,0,,0.005,
Qwen/Qwen2.5-0.5B,0.5,tatsu-lab/alpaca,42,h6_0p5b_calibration,calibration_bf16_seed42,base_model.model.model.layers.16.self_attn.o_proj,layers.16.self_attn.o_proj,attention_projection,Linear,o_proj,16,24,0.695652173913,fake_int8_output,bf16,projection appears sensitive under activation probe,8,88.3352661133,65.7257156372,88.3352661133,46.2181222439,65.7257156372,53.6624207497,88.3352661133,0.0146546936594,0.0124037678761,0.0146546936594,0.44587662071,2.17982710637e-06,3.54221904786e-06,1,,,,,,0,,0.005,
Qwen/Qwen2.5-0.5B,0.5,tatsu-lab/alpaca,42,h6_0p5b_calibration,calibration_bf16_seed42,base_model.model.model.layers.16.self_attn.q_proj,layers.16.self_attn.q_proj,attention_projection,Linear,q_proj,16,24,0.695652173913,fake_int8_output,bf16,projection appears sensitive under activation probe,8,22.8031349182,22.8031349182,9.68937206268,22.0620059967,22.8031349182,9.41059207916,9.68937206268,0.00251198268961,0.00251198268961,0.000456030455098,0.093857370317,3.54221907628e-06,0.00147492551878,1,,,,,,0,,0.005,
Qwen/Qwen2.5-0.5B,0.5,tatsu-lab/alpaca,42,h6_0p5b_calibration,calibration_bf16_seed42,base_model.model.model.layers.16.self_attn.v_proj,layers.16.self_attn.v_proj,attention_projection,Linear,v_proj,16,24,0.695652173913,fake_int8_output,bf16,projection appears sensitive under activation probe,8,22.8031349182,22.8031349182,7.5242061615,22.0620059967,22.8031349182,6.31004953384,7.5242061615,0.00251198268961,0.00251198268961,0.000208296900382,0.0676930723712,1.52587890625e-05,2.28881835938e-05,1,,,,,,0,,0.005,
Qwen/Qwen2.5-0.5B,0.5,tatsu-lab/alpaca,42,h6_0p5b_calibration,calibration_bf16_seed42,base_model.model.model.layers.17.input_layernorm,layers.17.input_layernorm,norm,Qwen2RMSNorm,input_layernorm,17,24,0.739130434783,fake_int8_output,fp32,high-sensitivity reduction/output path,8,637.366516113,637.366516113,19.3754234314,632.768211365,637.366516113,17.344124794,19.3754234314,0.093110602349,0.093110602349,0.00156135106226,0.353009298444,2.17982710637e-06,4.38690198052e-05,1,,,,,,0,,0.005,
Qwen/Qwen2.5-0.5B,0.5,tatsu-lab/alpaca,42,h6_0p5b_calibration,calibration_bf16_seed42,base_model.model.model.layers.17.mlp.down_proj,layers.17.mlp.down_proj,mlp_projection,Linear,down_proj,17,24,0.739130434783,fake_int8_output,bf16,projection appears sensitive under activation probe,8,65.8583374023,65.8583374023,11.4164953232,60.2064809799,65.8583374023,10.487382412,11.4164953232,0.0171704762615,0.0171704762615,0.000569933486986,0.179679365829,2.17982710637e-06,1.3351441055e-05,1,,,,,,0,,0.005,
Qwen/Qwen2.5-0.5B,0.5,tatsu-lab/alpaca,42,h6_0p5b_calibration,calibration_bf16_seed42,base_model.model.model.layers.17.mlp.gate_proj,layers.17.mlp.gate_proj,mlp_projection,Linear,gate_proj,17,24,0.739130434783,fake_int8_output,bf16,projection appears sensitive under activation probe,8,26.3323020935,26.3323020935,7.54773664474,23.4285230637,26.3323020935,6.4273725152,7.54773664474,0.00284737112815,0.00284737112815,0.000214988111111,0.0698443632573,1.35522083156e-06,3.1621819403e-06,1,,,,,,0,,0.005,
Qwen/Qwen2.5-0.5B,0.5,tatsu-lab/alpaca,42,h6_0p5b_calibration,calibration_bf16_seed42,base_model.model.model.layers.17.mlp.up_proj,layers.17.mlp.up_proj,mlp_projection,Linear,up_proj,17,24,0.739130434783,fake_int8_output,bf16,projection appears sensitive under activation probe,8,26.3323020935,26.3323020935,7.75520086288,23.4285230637,26.3323020935,6.45963418484,7.75520086288,0.00284737112815,0.00284737112815,0.00021749006919,0.0714863808826,1.20464073916e-06,1.23475674059e-05,1,,,,,,0,,0.005,
Qwen/Qwen2.5-0.5B,0.5,tatsu-lab/alpaca,42,h6_0p5b_calibration,calibration_bf16_seed42,base_model.model.model.layers.17.post_attention_layernorm,layers.17.post_attention_layernorm,norm,Qwen2RMSNorm,post_attention_layernorm,17,24,0.739130434783,fake_int8_output,fp32,high-sensitivity reduction/output path,8,635.870117188,635.870117188,26.3323020935,631.42288208,635.870117188,23.4285230637,26.3323020935,0.0947041772306,0.0947041772306,0.00284737112815,0.590781785548,2.45230549467e-06,8.71930839708e-06,1,,,,,,0,,0.005,
Qwen/Qwen2.5-0.5B,0.5,tatsu-lab/alpaca,42,h6_0p5b_calibration,calibration_bf16_seed42,base_model.model.model.layers.17.self_attn.k_proj,layers.17.self_attn.k_proj,attention_projection,Linear,k_proj,17,24,0.739130434783,fake_int8_output,bf16,projection appears sensitive under activation probe,8,19.3754234314,19.3754234314,8.97184276581,17.344124794,19.3754234314,6.84108251333,8.97184276581,0.00156135106226,0.00156135106226,0.000244832654062,0.0797146474943,1.52587890625e-05,7.62939453125e-05,1,,,,,,0,,0.005,
Qwen/Qwen2.5-0.5B,0.5,tatsu-lab/alpaca,42,h6_0p5b_calibration,calibration_bf16_seed42,base_model.model.model.layers.17.self_attn.o_proj,layers.17.self_attn.o_proj,attention_projection,Linear,o_proj,17,24,0.739130434783,fake_int8_output,bf16,projection appears sensitive under activation probe,8,24.0668506622,18.1024703979,24.0668506622,14.3887411356,18.1024703979,20.3195490837,24.0668506622,0.00212719588308,0.00105890738632,0.00212719588308,0.427610594779,2.72478388297e-06,6.81195973584e-06,1,,,,,,0,,0.005,
Qwen/Qwen2.5-0.5B,0.5,tatsu-lab/alpaca,42,h6_0p5b_calibration,calibration_bf16_seed42,base_model.model.model.layers.17.self_attn.q_proj,layers.17.self_attn.q_proj,attention_projection,Linear,q_proj,17,24,0.739130434783,fake_int8_output,bf16,projection appears sensitive under activation probe,8,19.3754234314,19.3754234314,8.77587890625,17.344124794,19.3754234314,8.46051478386,8.77587890625,0.00156135106226,0.00156135106226,0.000370030466001,0.103786136955,4.90461110303e-06,0.000675201445688,1,,,,,,0,,0.005,
Qwen/Qwen2.5-0.5B,0.5,tatsu-lab/alpaca,42,h6_0p5b_calibration,calibration_bf16_seed42,base_model.model.model.layers.17.self_attn.v_proj,layers.17.self_attn.v_proj,attention_projection,Linear,v_proj,17,24,0.739130434783,fake_int8_output,bf16,projection appears sensitive under activation probe,8,19.3754234314,19.3754234314,8.6149187088,17.344124794,19.3754234314,7.32900261879,8.6149187088,0.00156135106226,0.00156135106226,0.000281984452158,0.0936632454395,1.90734863281e-05,4.76837158203e-05,1,,,,,,0,,0.005,
Qwen/Qwen2.5-0.5B,0.5,tatsu-lab/alpaca,42,h6_0p5b_calibration,calibration_bf16_seed42,base_model.model.model.layers.18.input_layernorm,layers.18.input_layernorm,norm,Qwen2RMSNorm,input_layernorm,18,24,0.782608695652,fake_int8_output,fp32,high-sensitivity reduction/output path,8,612.5078125,612.5078125,18.4472808838,604.827613831,612.5078125,17.9944403172,18.4472808838,0.151087801903,0.151087801903,0.00167460281227,0.359101504087,2.17982710637e-06,1.06266570299e-05,1,,,,,,0,,0.005,
Qwen/Qwen2.5-0.5B,0.5,tatsu-lab/alpaca,42,h6_0p5b_calibration,calibration_bf16_seed42,base_model.model.model.layers.18.mlp.down_proj,layers.18.mlp.down_proj,mlp_projection,Linear,down_proj,18,24,0.782608695652,fake_int8_output,bf16,projection appears sensitive under activation probe,8,52.7574195862,52.7574195862,19.5444755554,39.9970560074,52.7574195862,15.5200538635,19.5444755554,0.0081222638255,0.0081222638255,0.00125832193589,0.368711154908,2.17982710637e-06,5.44956782278e-06,1,,,,,,0,,0.005,
Qwen/Qwen2.5-0.5B,0.5,tatsu-lab/alpaca,42,h6_0p5b_calibration,calibration_bf16_seed42,base_model.model.model.layers.18.mlp.gate_proj,layers.18.mlp.gate_proj,mlp_projection,Linear,gate_proj,18,24,0.782608695652,fake_int8_output,bf16,projection appears sensitive under activation probe,8,23.2348995209,23.2348995209,6.77756929398,22.5441868305,23.2348995209,5.8308224082,6.77756929398,0.00261967632105,0.00261967632105,0.00017644066611,0.0580805209465,1.20464073916e-06,2.10812129353e-06,1,,,,,,0,,0.005,
Qwen/Qwen2.5-0.5B,0.5,tatsu-lab/alpaca,42,h6_0p5b_calibration,calibration_bf16_seed42,base_model.model.model.layers.18.mlp.up_proj,layers.18.mlp.up_proj,mlp_projection,Linear,up_proj,18,24,0.782608695652,fake_int8_output,bf16,projection appears sensitive under activation probe,8,23.2348995209,23.2348995209,8.90622425079,22.5441868305,23.2348995209,8.55939698219,8.90622425079,0.00261967632105,0.00261967632105,0.000378644250304,0.123967448249,1.95754120114e-06,0.000144707467371,1,,,,,,0,,0.005,
Qwen/Qwen2.5-0.5B,0.5,tatsu-lab/alpaca,42,h6_0p5b_calibration,calibration_bf16_seed42,base_model.model.model.layers.18.post_attention_layernorm,layers.18.post_attention_layernorm,norm,Qwen2RMSNorm,post_attention_layernorm,18,24,0.782608695652,fake_int8_output,fp32,high-sensitivity reduction/output path,8,612.076477051,612.076477051,23.2348995209,604.715644836,612.076477051,22.5441868305,23.2348995209,0.150655364618,0.150655364618,0.00261967632105,0.568713851273,2.45230549467e-06,7.90187326061e-06,1,,,,,,0,,0.005,
Qwen/Qwen2.5-0.5B,0.5,tatsu-lab/alpaca,42,h6_0p5b_calibration,calibration_bf16_seed42,base_model.model.model.layers.18.self_attn.k_proj,layers.18.self_attn.k_proj,attention_projection,Linear,k_proj,18,24,0.782608695652,fake_int8_output,bf16,projection appears sensitive under activation probe,8,18.4472808838,18.4472808838,7.04081726074,17.9944403172,18.4472808838,5.92902421951,7.04081726074,0.00167460281227,0.00167460281227,0.00018263711172,0.0594918364659,1.71661376953e-05,9.34600830078e-05,1,,,,,,0,,0.005,
Qwen/Qwen2.5-0.5B,0.5,tatsu-lab/alpaca,42,h6_0p5b_calibration,calibration_bf16_seed42,base_model.model.model.layers.18.self_attn.o_proj,layers.18.self_attn.o_proj,attention_projection,Linear,o_proj,18,24,0.782608695652,fake_int8_output,bf16,projection appears sensitive under activation probe,8,45.270614624,30.7194061279,45.270614624,25.3332118988,30.7194061279,38.9325170517,45.270614624,0.00817685102811,0.00372558739036,0.00817685102811,0.42725847289,2.17982710637e-06,2.99726229969e-06,1,,,,,,0,,0.005,
Qwen/Qwen2.5-0.5B,0.5,tatsu-lab/alpaca,42,h6_0p5b_calibration,calibration_bf16_seed42,base_model.model.model.layers.18.self_attn.q_proj,layers.18.self_attn.q_proj,attention_projection,Linear,q_proj,18,24,0.782608695652,fake_int8_output,bf16,projection appears sensitive under activation probe,8,18.4472808838,18.4472808838,9.61255836487,17.9944403172,18.4472808838,9.36213767529,9.61255836487,0.00167460281227,0.00167460281227,0.000453046410257,0.121074875817,4.08717582445e-06,0.000730242081545,1,,,,,,0,,0.005,
Qwen/Qwen2.5-0.5B,0.5,tatsu-lab/alpaca,42,h6_0p5b_calibration,calibration_bf16_seed42,base_model.model.model.layers.18.self_attn.v_proj,layers.18.self_attn.v_proj,attention_projection,Linear,v_proj,18,24,0.782608695652,fake_int8_output,bf16,projection appears sensitive under activation probe,8,18.4472808838,18.4472808838,6.62467718124,17.9944403172,18.4472808838,5.96816217899,6.62467718124,0.00167460281227,0.00167460281227,0.000185578915989,0.0609921519645,1.71661376953e-05,3.43322753906e-05,1,,,,,,0,,0.005,
Qwen/Qwen2.5-0.5B,0.5,tatsu-lab/alpaca,42,h6_0p5b_calibration,calibration_bf16_seed42,base_model.model.model.layers.19.input_layernorm,layers.19.input_layernorm,norm,Qwen2RMSNorm,input_layernorm,19,24,0.826086956522,fake_int8_output,fp32,high-sensitivity reduction/output path,8,598.774841309,598.774841309,16.4929084778,593.777023315,598.774841309,15.946398139,16.4929084778,0.172318274155,0.172318274155,0.00131085110479,0.238273149356,2.17982710637e-06,3.26974063114e-06,1,,,,,,0,,0.005,
Qwen/Qwen2.5-0.5B,0.5,tatsu-lab/alpaca,42,h6_0p5b_calibration,calibration_bf16_seed42,base_model.model.model.layers.19.mlp.down_proj,layers.19.mlp.down_proj,mlp_projection,Linear,down_proj,19,24,0.826086956522,fake_int8_output,bf16,projection appears sensitive under activation probe,8,43.5556716919,43.5556716919,15.7035074234,33.5368614197,43.5556716919,12.1981447935,15.7035074234,0.00573812713264,0.00573812713264,0.000784448617196,0.249768139794,2.17982710637e-06,3.814697493e-06,1,,,,,,0,,0.005,
Qwen/Qwen2.5-0.5B,0.5,tatsu-lab/alpaca,42,h6_0p5b_calibration,calibration_bf16_seed42,base_model.model.model.layers.19.mlp.gate_proj,layers.19.mlp.gate_proj,mlp_projection,Linear,gate_proj,19,24,0.826086956522,fake_int8_output,bf16,projection appears sensitive under activation probe,8,26.1230831146,26.1230831146,7.56276941299,25.7601184845,26.1230831146,6.46173071861,7.56276941299,0.00342859493685,0.00342859493685,0.000219239133003,0.0720926062204,1.20464073916e-06,4.96914304904e-06,1,,,,,,0,,0.005,
Qwen/Qwen2.5-0.5B,0.5,tatsu-lab/alpaca,42,h6_0p5b_calibration,calibration_bf16_seed42,base_model.model.model.layers.19.mlp.up_proj,layers.19.mlp.up_proj,mlp_projection,Linear,up_proj,19,24,0.826086956522,fake_int8_output,bf16,projection appears sensitive under activation probe,8,26.1230831146,26.1230831146,7.79016971588,25.7601184845,26.1230831146,6.7947152257,7.79016971588,0.00342859493685,0.00342859493685,0.000239791770582,0.078920208849,1.35522083156e-06,2.06294731129e-05,1,,,,,,0,,0.005,
Qwen/Qwen2.5-0.5B,0.5,tatsu-lab/alpaca,42,h6_0p5b_calibration,calibration_bf16_seed42,base_model.model.model.layers.19.post_attention_layernorm,layers.19.post_attention_layernorm,norm,Qwen2RMSNorm,post_attention_layernorm,19,24,0.826086956522,fake_int8_output,fp32,high-sensitivity reduction/output path,8,599.095581055,599.095581055,26.1230831146,594.299118042,599.095581055,25.7601184845,26.1230831146,0.174288634211,0.174288634211,0.00342859493685,0.603739745915,2.17982710637e-06,7.0844380673e-06,1,,,,,,0,,0.005,
Qwen/Qwen2.5-0.5B,0.5,tatsu-lab/alpaca,42,h6_0p5b_calibration,calibration_bf16_seed42,base_model.model.model.layers.19.self_attn.k_proj,layers.19.self_attn.k_proj,attention_projection,Linear,k_proj,19,24,0.826086956522,fake_int8_output,bf16,projection appears sensitive under activation probe,8,16.4929084778,16.4929084778,8.71636104584,15.946398139,16.4929084778,6.67837363482,8.71636104584,0.00131085110479,0.00131085110479,0.000234303572142,0.0805793916807,1.71661376953e-05,9.53674316406e-05,1,,,,,,0,,0.005,
Qwen/Qwen2.5-0.5B,0.5,tatsu-lab/alpaca,42,h6_0p5b_calibration,calibration_bf16_seed42,base_model.model.model.layers.19.self_attn.o_proj,layers.19.self_attn.o_proj,attention_projection,Linear,o_proj,19,24,0.826086956522,fake_int8_output,bf16,projection appears sensitive under activation probe,8,25.6269493103,20.324136734,25.6269493103,17.1283003092,20.324136734,20.286026001,25.6269493103,0.00213266340143,0.00152212318062,0.00213266340143,0.322798751295,0.00014277867902,0.00061253143528,1,,,,,,0,,0.005,
Qwen/Qwen2.5-0.5B,0.5,tatsu-lab/alpaca,42,h6_0p5b_calibration,calibration_bf16_seed42,base_model.model.model.layers.19.self_attn.q_proj,layers.19.self_attn.q_proj,attention_projection,Linear,q_proj,19,24,0.826086956522,fake_int8_output,bf16,projection appears sensitive under activation probe,8,16.4929084778,16.4929084778,8.76788520813,15.946398139,16.4929084778,8.48573064804,8.76788520813,0.00131085110479,0.00131085110479,0.000373053142539,0.107630652376,2.45230549467e-06,0.00149209165102,1,,,,,,0,,0.005,
Qwen/Qwen2.5-0.5B,0.5,tatsu-lab/alpaca,42,h6_0p5b_calibration,calibration_bf16_seed42,base_model.model.model.layers.19.self_attn.v_proj,layers.19.self_attn.v_proj,attention_projection,Linear,v_proj,19,24,0.826086956522,fake_int8_output,bf16,projection appears sensitive under activation probe,8,16.4929084778,16.4929084778,5.54865217209,15.946398139,16.4929084778,4.71380311251,5.54865217209,0.00131085110479,0.00131085110479,0.000116317558422,0.0388851156458,1.90734863281e-05,0.000587463378906,1,,,,,,0,,0.005,
Qwen/Qwen2.5-0.5B,0.5,tatsu-lab/alpaca,42,h6_0p5b_calibration,calibration_bf16_seed42,base_model.model.model.layers.2.input_layernorm,layers.2.input_layernorm,norm,Qwen2RMSNorm,input_layernorm,2,24,0.0869565217391,fake_int8_output,fp32,high-sensitivity reduction/output path,8,29.6661758423,19.3044891357,29.6661758423,18.9678339958,19.3044891357,28.8122935295,29.6661758423,0.00430316000711,0.00185901869554,0.00430316000711,0.485968280584,2.17982710637e-06,7.90187328903e-06,1,,,,,,0,,0.005,
Qwen/Qwen2.5-0.5B,0.5,tatsu-lab/alpaca,42,h6_0p5b_perturbation,perturbation_bf16_seed42,base_model.model.model.layers.2.mlp.down_proj,layers.2.mlp.down_proj,mlp_projection,Linear,down_proj,2,24,0.0869565217391,fake_int8_output,bf16,projection appears sensitive under activation probe,8,909.665893555,909.665893555,661.419616699,909.575065613,909.665893555,661.269950867,661.419616699,0.0160659895046,0.00317894975888,0.0160659895046,0.0468095955439,2.17982710637e-06,2.17982710637e-06,1,1.75131380558,1.97408476472,0.222770959139,0.222770959139,0.250456809998,1,0,0.005,perturbation_abs_threshold
Qwen/Qwen2.5-0.5B,0.5,tatsu-lab/alpaca,42,h6_0p5b_calibration,calibration_bf16_seed42,base_model.model.model.layers.2.mlp.gate_proj,layers.2.mlp.gate_proj,mlp_projection,Linear,gate_proj,2,24,0.0869565217391,fake_int8_output,bf16,projection appears sensitive under activation probe,8,38.8155326843,38.8155326843,22.9556007385,38.2284245491,38.8155326843,22.3767943382,22.9556007385,0.00756865792209,0.00756865792209,0.00258882000344,0.697837218642,1.20464073916e-06,1.35522083156e-06,1,,,,,,0,,0.005,
Qwen/Qwen2.5-0.5B,0.5,tatsu-lab/alpaca,42,h6_0p5b_calibration,calibration_bf16_seed42,base_model.model.model.layers.2.mlp.up_proj,layers.2.mlp.up_proj,mlp_projection,Linear,up_proj,2,24,0.0869565217391,fake_int8_output,bf16,projection appears sensitive under activation probe,8,222.998138428,38.8155326843,222.998138428,38.2284245491,38.8155326843,217.880674362,222.998138428,0.243654217571,0.00756865792209,0.243654217571,0.942277088761,1.20464073916e-06,1.20464073916e-06,1,,,,,,0,,0.005,
Qwen/Qwen2.5-0.5B,0.5,tatsu-lab/alpaca,42,h6_0p5b_calibration,calibration_bf16_seed42,base_model.model.model.layers.2.post_attention_layernorm,layers.2.post_attention_layernorm,norm,Qwen2RMSNorm,post_attention_layernorm,2,24,0.0869565217391,fake_int8_output,fp32,high-sensitivity reduction/output path,8,38.8155326843,22.2807636261,38.8155326843,19.7906031609,22.2807636261,38.2284245491,38.8155326843,0.00756865792209,0.00204093514185,0.00756865792209,0.824039392173,2.17982710637e-06,2.17982710637e-06,1,,,,,,0,,0.005,
Qwen/Qwen2.5-0.5B,0.5,tatsu-lab/alpaca,42,h6_0p5b_calibration,calibration_bf16_seed42,base_model.model.model.layers.2.self_attn.k_proj,layers.2.self_attn.k_proj,attention_projection,Linear,k_proj,2,24,0.0869565217391,fake_int8_output,bf16,projection appears sensitive under activation probe,8,29.6661758423,29.6661758423,5.14068651199,28.8122935295,29.6661758423,5.12261605263,5.14068651199,0.00430316000711,0.00430316000711,0.000138027537105,0.0244685697835,1.52587890625e-05,0.00703620910645,1,,,,,,0,,0.005,
Qwen/Qwen2.5-0.5B,0.5,tatsu-lab/alpaca,42,h6_0p5b_calibration,calibration_bf16_seed42,base_model.model.model.layers.2.self_attn.o_proj,layers.2.self_attn.o_proj,attention_projection,Linear,o_proj,2,24,0.0869565217391,fake_int8_output,bf16,projection appears sensitive under activation probe,8,48.9961967468,21.3577651978,48.9961967468,20.0773336887,21.3577651978,46.161192894,48.9961967468,0.0110373594798,0.00209796197305,0.0110373594798,0.729779832065,2.45230549467e-06,2.99726227126e-06,1,,,,,,0,,0.005,
Qwen/Qwen2.5-0.5B,0.5,tatsu-lab/alpaca,42,h6_0p5b_calibration,calibration_bf16_seed42,base_model.model.model.layers.2.self_attn.q_proj,layers.2.self_attn.q_proj,attention_projection,Linear,q_proj,2,24,0.0869565217391,fake_int8_output,bf16,projection appears sensitive under activation probe,8,29.6661758423,29.6661758423,9.18203735352,28.8122935295,29.6661758423,8.24092721939,9.18203735352,0.00430316000711,0.00430316000711,0.000351951897755,0.105875575915,2.17982710637e-06,7.35691662612e-06,1,,,,,,0,,0.005,
Qwen/Qwen2.5-0.5B,0.5,tatsu-lab/alpaca,42,h6_0p5b_calibration,calibration_bf16_seed42,base_model.model.model.layers.2.self_attn.v_proj,layers.2.self_attn.v_proj,attention_projection,Linear,v_proj,2,24,0.0869565217391,fake_int8_output,bf16,projection appears sensitive under activation probe,8,29.6661758423,29.6661758423,8.59080600739,28.8122935295,29.6661758423,8.27954810858,8.59080600739,0.00430316000711,0.00430316000711,0.000354741674528,0.111488825642,1.52587890625e-05,3.62396240234e-05,1,,,,,,0,,0.005,
Qwen/Qwen2.5-0.5B,0.5,tatsu-lab/alpaca,42,h6_0p5b_calibration,calibration_bf16_seed42,base_model.model.model.layers.20.input_layernorm,layers.20.input_layernorm,norm,Qwen2RMSNorm,input_layernorm,20,24,0.869565217391,fake_int8_output,fp32,high-sensitivity reduction/output path,8,580.567993164,580.567993164,20.3887042999,574.392845154,580.567993164,19.6531703472,20.3887042999,0.209037367254,0.209037367254,0.00199341449479,0.314830839634,2.17982710637e-06,2.72478391139e-06,1,,,,,,0,,0.005,
Qwen/Qwen2.5-0.5B,0.5,tatsu-lab/alpaca,42,h6_0p5b_calibration,calibration_bf16_seed42,base_model.model.model.layers.20.mlp.down_proj,layers.20.mlp.down_proj,mlp_projection,Linear,down_proj,20,24,0.869565217391,fake_int8_output,bf16,projection appears sensitive under activation probe,8,48.7087936401,48.7087936401,18.0133781433,33.5900776386,48.7087936401,15.283213377,18.0133781433,0.00584276611335,0.00584276611335,0.00121945302089,0.351507335901,2.17982710637e-06,3.21524493643e-05,1,,,,,,0,,0.005,
Qwen/Qwen2.5-0.5B,0.5,tatsu-lab/alpaca,42,h6_0p5b_calibration,calibration_bf16_seed42,base_model.model.model.layers.20.mlp.gate_proj,layers.20.mlp.gate_proj,mlp_projection,Linear,gate_proj,20,24,0.869565217391,fake_int8_output,bf16,projection appears sensitive under activation probe,8,31.6018543243,31.6018543243,8.62517929077,31.3477339745,31.6018543243,7.07496148348,8.62517929077,0.00507175491657,0.00507175491657,0.000263180339971,0.0866940105334,1.20464073916e-06,3.0116018479e-06,1,,,,,,0,,0.005,
Qwen/Qwen2.5-0.5B,0.5,tatsu-lab/alpaca,42,h6_0p5b_calibration,calibration_bf16_seed42,base_model.model.model.layers.20.mlp.up_proj,layers.20.mlp.up_proj,mlp_projection,Linear,up_proj,20,24,0.869565217391,fake_int8_output,bf16,projection appears sensitive under activation probe,8,31.6018543243,31.6018543243,7.87430286407,31.3477339745,31.6018543243,6.8480027914,7.87430286407,0.00507175491657,0.00507175491657,0.000243270775172,0.0797459473833,3.0116018479e-06,0.000140190064087,1,,,,,,0,,0.005,
Qwen/Qwen2.5-0.5B,0.5,tatsu-lab/alpaca,42,h6_0p5b_calibration,calibration_bf16_seed42,base_model.model.model.layers.20.post_attention_layernorm,layers.20.post_attention_layernorm,norm,Qwen2RMSNorm,post_attention_layernorm,20,24,0.869565217391,fake_int8_output,fp32,high-sensitivity reduction/output path,8,577.397766113,577.397766113,31.6018543243,570.551757812,577.397766113,31.3477339745,31.6018543243,0.212222252041,0.212222252041,0.00507175491657,0.656697802246,2.17982710637e-06,2.17982710637e-06,1,,,,,,0,,0.005,
Qwen/Qwen2.5-0.5B,0.5,tatsu-lab/alpaca,42,h6_0p5b_calibration,calibration_bf16_seed42,base_model.model.model.layers.20.self_attn.k_proj,layers.20.self_attn.k_proj,attention_projection,Linear,k_proj,20,24,0.869565217391,fake_int8_output,bf16,projection appears sensitive under activation probe,8,20.3887042999,20.3887042999,10.3099060059,19.6531703472,20.3887042999,8.18085128069,10.3099060059,0.00199341449479,0.00199341449479,0.000350528145646,0.105002359487,1.52587890625e-05,7.82012939453e-05,1,,,,,,0,,0.005,
Qwen/Qwen2.5-0.5B,0.5,tatsu-lab/alpaca,42,h6_0p5b_calibration,calibration_bf16_seed42,base_model.model.model.layers.20.self_attn.o_proj,layers.20.self_attn.o_proj,attention_projection,Linear,o_proj,20,24,0.869565217391,fake_int8_output,bf16,projection appears sensitive under activation probe,8,29.747631073,14.1699838638,29.747631073,13.2069869041,14.1699838638,25.4189333916,29.747631073,0.00338672066573,0.000900242317584,0.00338672066573,0.609789729118,2.45230549467e-06,5.44956782278e-06,1,,,,,,0,,0.005,
Qwen/Qwen2.5-0.5B,0.5,tatsu-lab/alpaca,42,h6_0p5b_calibration,calibration_bf16_seed42,base_model.model.model.layers.20.self_attn.q_proj,layers.20.self_attn.q_proj,attention_projection,Linear,q_proj,20,24,0.869565217391,fake_int8_output,bf16,projection appears sensitive under activation probe,8,20.3887042999,20.3887042999,8.09455490112,19.6531703472,20.3887042999,7.70403069258,8.09455490112,0.00199341449479,0.00199341449479,0.000307060512569,0.0948144728318,3.26974065956e-06,0.000315802452661,1,,,,,,0,,0.005,
Qwen/Qwen2.5-0.5B,0.5,tatsu-lab/alpaca,42,h6_0p5b_calibration,calibration_bf16_seed42,base_model.model.model.layers.20.self_attn.v_proj,layers.20.self_attn.v_proj,attention_projection,Linear,v_proj,20,24,0.869565217391,fake_int8_output,bf16,projection appears sensitive under activation probe,8,20.3887042999,20.3887042999,11.2607460022,19.6531703472,20.3887042999,8.56397289038,11.2607460022,0.00199341449479,0.00199341449479,0.000384684317396,0.124933837913,1.71661376953e-05,8.58306884766e-05,1,,,,,,0,,0.005,
Qwen/Qwen2.5-0.5B,0.5,tatsu-lab/alpaca,42,h6_0p5b_calibration,calibration_bf16_seed42,base_model.model.model.layers.21.input_layernorm,layers.21.input_layernorm,norm,Qwen2RMSNorm,input_layernorm,21,24,0.913043478261,fake_int8_output,fp32,high-sensitivity reduction/output path,8,533.793640137,533.793640137,21.4716262817,527.110923767,533.793640137,20.2897953987,21.4716262817,0.251379942521,0.251379942521,0.00212219016976,0.233249135315,2.17982710637e-06,2.17982710637e-06,1,,,,,,0,,0.005,
Qwen/Qwen2.5-0.5B,0.5,tatsu-lab/alpaca,42,h6_0p5b_perturbation,perturbation_bf16_seed42,base_model.model.model.layers.21.mlp.down_proj,layers.21.mlp.down_proj,mlp_projection,Linear,down_proj,21,24,0.913043478261,fake_int8_output,bf16,projection appears sensitive under activation probe,8,776.721801758,776.721801758,586.164367676,770.999794006,776.721801758,578.926261902,586.164367676,0.106836957857,0.0476584616117,0.106836957857,0.269375614822,2.17982710637e-06,2.17982710637e-06,1,1.75131380558,2.03804737329,0.286733567715,0.286733567715,0.424484848976,1,0,0.005,perturbation_abs_threshold
Qwen/Qwen2.5-0.5B,0.5,tatsu-lab/alpaca,42,h6_0p5b_calibration,calibration_bf16_seed42,base_model.model.model.layers.21.mlp.gate_proj,layers.21.mlp.gate_proj,mlp_projection,Linear,gate_proj,21,24,0.913043478261,fake_int8_output,bf16,projection appears sensitive under activation probe,8,136.364196777,136.364196777,23.0747013092,133.654472351,136.364196777,22.4035935402,23.0747013092,0.0924962945282,0.0924962945282,0.00259511367767,0.693868137896,1.20464073916e-06,1.95754120114e-06,1,,,,,,0,,0.005,
Qwen/Qwen2.5-0.5B,0.5,tatsu-lab/alpaca,42,h6_0p5b_calibration,calibration_bf16_seed42,base_model.model.model.layers.21.mlp.up_proj,layers.21.mlp.up_proj,mlp_projection,Linear,up_proj,21,24,0.913043478261,fake_int8_output,bf16,projection appears sensitive under activation probe,8,136.364196777,136.364196777,32.9184455872,133.654472351,136.364196777,31.7643654346,32.9184455872,0.0924962945282,0.0924962945282,0.00521189975552,0.761642813683,1.20464073916e-06,1.20464073916e-06,1,,,,,,0,,0.005,
Qwen/Qwen2.5-0.5B,0.5,tatsu-lab/alpaca,42,h6_0p5b_calibration,calibration_bf16_seed42,base_model.model.model.layers.21.post_attention_layernorm,layers.21.post_attention_layernorm,norm,Qwen2RMSNorm,post_attention_layernorm,21,24,0.913043478261,fake_int8_output,fp32,high-sensitivity reduction/output path,8,530.031188965,530.031188965,136.364196777,522.475387573,530.031188965,133.654472351,136.364196777,0.256540847942,0.256540847942,0.0924962945282,0.954333260655,2.17982710637e-06,2.17982710637e-06,1,,,,,,0,,0.005,
Qwen/Qwen2.5-0.5B,0.5,tatsu-lab/alpaca,42,h6_0p5b_calibration,calibration_bf16_seed42,base_model.model.model.layers.21.self_attn.k_proj,layers.21.self_attn.k_proj,attention_projection,Linear,k_proj,21,24,0.913043478261,fake_int8_output,bf16,projection appears sensitive under activation probe,8,21.4716262817,21.4716262817,9.89627742767,20.2897953987,21.4716262817,8.19711071253,9.89627742767,0.00212219016976,0.00212219016976,0.000352090562956,0.0986495958641,1.52587890625e-05,3.24249267578e-05,1,,,,,,0,,0.005,
Qwen/Qwen2.5-0.5B,0.5,tatsu-lab/alpaca,42,h6_0p5b_calibration,calibration_bf16_seed42,base_model.model.model.layers.21.self_attn.o_proj,layers.21.self_attn.o_proj,attention_projection,Linear,o_proj,21,24,0.913043478261,fake_int8_output,bf16,projection appears sensitive under activation probe,8,64.8852157593,14.2289733887,64.8852157593,12.7833057642,14.2289733887,51.0523281097,64.8852157593,0.0135837279959,0.000833153746498,0.0135837279959,0.816356904805,2.72478388297e-06,4.63213257262e-06,1,,,,,,0,,0.005,
Qwen/Qwen2.5-0.5B,0.5,tatsu-lab/alpaca,42,h6_0p5b_calibration,calibration_bf16_seed42,base_model.model.model.layers.21.self_attn.q_proj,layers.21.self_attn.q_proj,attention_projection,Linear,q_proj,21,24,0.913043478261,fake_int8_output,bf16,projection appears sensitive under activation probe,8,21.4716262817,21.4716262817,7.05686569214,20.2897953987,21.4716262817,6.95354151726,7.05686569214,0.00212219016976,0.00212219016976,0.000250203072937,0.0666527068242,7.08443812414e-06,0.00101879669819,1,,,,,,0,,0.005,
Qwen/Qwen2.5-0.5B,0.5,tatsu-lab/alpaca,42,h6_0p5b_calibration,calibration_bf16_seed42,base_model.model.model.layers.21.self_attn.v_proj,layers.21.self_attn.v_proj,attention_projection,Linear,v_proj,21,24,0.913043478261,fake_int8_output,bf16,projection appears sensitive under activation probe,8,21.4716262817,21.4716262817,8.35545825958,20.2897953987,21.4716262817,6.01764768362,8.35545825958,0.00212219016976,0.00212219016976,0.000191733384781,0.0634485022165,1.52587890625e-05,5.72204589844e-05,1,,,,,,0,,0.005,
Qwen/Qwen2.5-0.5B,0.5,tatsu-lab/alpaca,42,h6_0p5b_calibration,calibration_bf16_seed42,base_model.model.model.layers.22.input_layernorm,layers.22.input_layernorm,norm,Qwen2RMSNorm,input_layernorm,22,24,0.95652173913,fake_int8_output,fp32,high-sensitivity reduction/output path,8,26.6834983826,26.6834983826,23.1562786102,25.7286281586,26.6834983826,15.3069192171,23.1562786102,0.00342218912556,0.00342218912556,0.00125504197058,0.146701926365,3.26974065956e-06,0.000160217289505,1,,,,,,0,,0.005,
Qwen/Qwen2.5-0.5B,0.5,tatsu-lab/alpaca,42,h6_0p5b_calibration,calibration_bf16_seed42,base_model.model.model.layers.22.mlp.down_proj,layers.22.mlp.down_proj,mlp_projection,Linear,down_proj,22,24,0.95652173913,fake_int8_output,bf16,projection appears sensitive under activation probe,8,39.5400085449,39.5400085449,15.9088220596,34.109026432,39.5400085449,12.7402707338,15.9088220596,0.00562156256638,0.00562156256638,0.000850773139973,0.25943798013,2.17982710637e-06,1.66211817145e-05,1,,,,,,0,,0.005,
Qwen/Qwen2.5-0.5B,0.5,tatsu-lab/alpaca,42,h6_0p5b_perturbation,perturbation_bf16_seed42,base_model.model.model.layers.22.mlp.gate_proj,layers.22.mlp.gate_proj,mlp_projection,Linear,gate_proj,22,24,0.95652173913,fake_int8_output,bf16,projection appears sensitive under activation probe,8,15.5188817978,15.5188817978,10.9086389542,13.4449574947,15.5188817978,10.241976738,10.9086389542,0.000943490347709,0.000943490347709,0.000543001544429,0.177984343842,1.65638101635e-06,0.000101942723745,1,1.75131380558,1.75029826164,-0.00101554393768,0.00101554393768,0.00739169120789,1,1,0.005,perturbation_abs_threshold
Qwen/Qwen2.5-0.5B,0.5,tatsu-lab/alpaca,42,h6_0p5b_perturbation,perturbation_bf16_seed42,base_model.model.model.layers.22.mlp.up_proj,layers.22.mlp.up_proj,mlp_projection,Linear,up_proj,22,24,0.95652173913,fake_int8_output,bf16,projection appears sensitive under activation probe,8,15.5188817978,15.5188817978,11.0388936996,13.4449574947,15.5188817978,9.14070880413,11.0388936996,0.000943490347709,0.000943490347709,0.000435955058492,0.14337872155,1.50580092395e-06,8.85410925662e-05,1,1.75131380558,1.74708294868,-0.00423085689545,0.00423085689545,0.0118894577026,1,1,0.005,perturbation_abs_threshold
Qwen/Qwen2.5-0.5B,0.5,tatsu-lab/alpaca,42,h6_0p5b_calibration,calibration_bf16_seed42,base_model.model.model.layers.22.post_attention_layernorm,layers.22.post_attention_layernorm,norm,Qwen2RMSNorm,post_attention_layernorm,22,24,0.95652173913,fake_int8_output,fp32,high-sensitivity reduction/output path,8,26.4375247955,26.4375247955,15.5188817978,25.5466010571,26.4375247955,13.4449574947,15.5188817978,0.00337227314594,0.00337227314594,0.000943490347709,0.27421361208,2.17982710637e-06,8.17435181943e-06,1,,,,,,0,,0.005,
Qwen/Qwen2.5-0.5B,0.5,tatsu-lab/alpaca,42,h6_0p5b_calibration,calibration_bf16_seed42,base_model.model.model.layers.22.self_attn.k_proj,layers.22.self_attn.k_proj,attention_projection,Linear,k_proj,22,24,0.95652173913,fake_int8_output,bf16,projection appears sensitive under activation probe,8,23.1562786102,23.1562786102,5.95690059662,15.3069192171,23.1562786102,5.15806287527,5.95690059662,0.00125504197058,0.00125504197058,0.00013805679373,0.0408581504598,2.09808349609e-05,0.000278472900391,1,,,,,,0,,0.005,
Qwen/Qwen2.5-0.5B,0.5,tatsu-lab/alpaca,42,h6_0p5b_calibration,calibration_bf16_seed42,base_model.model.model.layers.22.self_attn.o_proj,layers.22.self_attn.o_proj,attention_projection,Linear,o_proj,22,24,0.95652173913,fake_int8_output,bf16,projection appears sensitive under activation probe,8,48.4392166138,30.6697597504,48.4392166138,23.7321195602,30.6697597504,40.4026556015,48.4392166138,0.00859221728751,0.00293088311446,0.00859221728751,0.664377182722,2.17982710637e-06,2.72478388297e-06,1,,,,,,0,,0.005,
Qwen/Qwen2.5-0.5B,0.5,tatsu-lab/alpaca,42,h6_0p5b_calibration,calibration_bf16_seed42,base_model.model.model.layers.22.self_attn.q_proj,layers.22.self_attn.q_proj,attention_projection,Linear,q_proj,22,24,0.95652173913,fake_int8_output,bf16,projection appears sensitive under activation probe,8,23.1562786102,23.1562786102,6.18913650513,15.3069192171,23.1562786102,5.6882019043,6.18913650513,0.00125504197058,0.00125504197058,0.000167615015016,0.0524443252943,2.17982710637e-06,1.77110949835e-05,1,,,,,,0,,0.005,
Qwen/Qwen2.5-0.5B,0.5,tatsu-lab/alpaca,42,h6_0p5b_calibration,calibration_bf16_seed42,base_model.model.model.layers.22.self_attn.v_proj,layers.22.self_attn.v_proj,attention_projection,Linear,v_proj,22,24,0.95652173913,fake_int8_output,bf16,projection appears sensitive under activation probe,8,23.1562786102,23.1562786102,16.660238266,15.3069192171,23.1562786102,11.8399273157,16.660238266,0.00125504197058,0.00125504197058,0.000750182549382,0.243321757764,1.52587890625e-05,2.47955322266e-05,1,,,,,,0,,0.005,
Qwen/Qwen2.5-0.5B,0.5,tatsu-lab/alpaca,42,h6_0p5b_calibration,calibration_bf16_seed42,base_model.model.model.layers.23.input_layernorm,layers.23.input_layernorm,norm,Qwen2RMSNorm,input_layernorm,23,24,1,fake_int8_output,fp32,high-sensitivity reduction/output path,8,23.9980220795,23.9980220795,18.8939437866,23.1798398495,23.9980220795,14.5162684917,18.8939437866,0.00277622431167,0.00277622431167,0.00111160667439,0.145909852348,2.17982710637e-06,4.90461098934e-06,1,,,,,,0,,0.005,
Qwen/Qwen2.5-0.5B,0.5,tatsu-lab/alpaca,42,h6_0p5b_calibration,calibration_bf16_seed42,base_model.model.model.layers.23.mlp.down_proj,layers.23.mlp.down_proj,mlp_projection,Linear,down_proj,23,24,1,fake_int8_output,bf16,projection appears sensitive under activation probe,8,30.1368980408,30.1368980408,19.7040863037,28.1578686237,30.1368980408,18.3398623466,19.7040863037,0.00342304605874,0.00342304605874,0.00173484915285,0.181888768449,2.17982710637e-06,4.00543233354e-05,1,,,,,,0,,0.005,
Qwen/Qwen2.5-0.5B,0.5,tatsu-lab/alpaca,42,h6_0p5b_perturbation,perturbation_bf16_seed42,base_model.model.model.layers.23.mlp.gate_proj,layers.23.mlp.gate_proj,mlp_projection,Linear,gate_proj,23,24,1,fake_int8_output,int8_candidate,low int8 fake-quant error and bounded outlier score,8,11.8770427704,11.8770427704,10.2924776077,11.5523256063,11.8770427704,10.0691820383,10.2924776077,0.000688681611791,0.000688681611791,0.000524339877302,0.181888351217,1.95754120114e-06,0.000131456419695,1,1.75131380558,1.74777209759,-0.00354170799255,0.00354170799255,0.00814509391785,1,1,0.005,perturbation_abs_threshold
Qwen/Qwen2.5-0.5B,0.5,tatsu-lab/alpaca,42,h6_0p5b_perturbation,perturbation_bf16_seed42,base_model.model.model.layers.23.mlp.up_proj,layers.23.mlp.up_proj,mlp_projection,Linear,up_proj,23,24,1,fake_int8_output,bf16,projection appears sensitive under activation probe,8,13.7174825668,11.8770427704,13.7174825668,11.5523256063,11.8770427704,12.7176033258,13.7174825668,0.000836792096379,0.000688681611791,0.000836792096379,0.243366824463,1.65638101635e-06,0.000125884956844,1,1.75131380558,1.75830495358,0.006991147995,0.006991147995,0.0117784738541,1,0,0.005,perturbation_abs_threshold
Qwen/Qwen2.5-0.5B,0.5,tatsu-lab/alpaca,42,h6_0p5b_calibration,calibration_bf16_seed42,base_model.model.model.layers.23.post_attention_layernorm,layers.23.post_attention_layernorm,norm,Qwen2RMSNorm,post_attention_layernorm,23,24,1,fake_int8_output,fp32,high-sensitivity reduction/output path,8,26.5460033417,26.5460033417,11.8770427704,25.1517298222,26.5460033417,11.5523256063,11.8770427704,0.00327105232282,0.00327105232282,0.000688681611791,0.208468584344,2.17982710637e-06,1.88010085935e-05,1,,,,,,0,,0.005,
Qwen/Qwen2.5-0.5B,0.5,tatsu-lab/alpaca,42,h6_0p5b_calibration,calibration_bf16_seed42,base_model.model.model.layers.23.self_attn.k_proj,layers.23.self_attn.k_proj,attention_projection,Linear,k_proj,23,24,1,fake_int8_output,bf16,projection appears sensitive under activation probe,8,18.8939437866,18.8939437866,6.12807559967,14.5162684917,18.8939437866,5.78409093618,6.12807559967,0.00111160667439,0.00111160667439,0.000173457839992,0.0456766784191,1.71661376953e-05,8.20159912109e-05,1,,,,,,0,,0.005,
Qwen/Qwen2.5-0.5B,0.5,tatsu-lab/alpaca,42,h6_0p5b_calibration,calibration_bf16_seed42,base_model.model.model.layers.23.self_attn.o_proj,layers.23.self_attn.o_proj,attention_projection,Linear,o_proj,23,24,1,fake_int8_output,bf16,projection appears sensitive under activation probe,8,88.4587478638,22.4485588074,88.4587478638,18.2878117561,22.4485588074,72.703394413,88.4587478638,0.0279527613893,0.00179423329246,0.0279527613893,0.641917746514,2.17982710637e-06,6.81195956531e-06,1,,,,,,0,,0.005,
Qwen/Qwen2.5-0.5B,0.5,tatsu-lab/alpaca,42,h6_0p5b_calibration,calibration_bf16_seed42,base_model.model.model.layers.23.self_attn.q_proj,layers.23.self_attn.q_proj,attention_projection,Linear,q_proj,23,24,1,fake_int8_output,bf16,projection appears sensitive under activation probe,8,18.8939437866,18.8939437866,8.9450340271,14.5162684917,18.8939437866,8.73665130138,8.9450340271,0.00111160667439,0.00111160667439,0.000394324739318,0.115552095696,4.08717590972e-06,0.000929423789785,1,,,,,,0,,0.005,
Qwen/Qwen2.5-0.5B,0.5,tatsu-lab/alpaca,42,h6_0p5b_calibration,calibration_bf16_seed42,base_model.model.model.layers.23.self_attn.v_proj,layers.23.self_attn.v_proj,attention_projection,Linear,v_proj,23,24,1,fake_int8_output,bf16,projection appears sensitive under activation probe,8,18.8939437866,18.8939437866,12.8834838867,14.5162684917,18.8939437866,9.8468388319,12.8834838867,0.00111160667439,0.00111160667439,0.000509690944455,0.164280772209,1.52587890625e-05,2.86102294922e-05,1,,,,,,0,,0.005,
Qwen/Qwen2.5-0.5B,0.5,tatsu-lab/alpaca,42,h6_0p5b_calibration,calibration_bf16_seed42,base_model.model.model.layers.3.input_layernorm,layers.3.input_layernorm,norm,Qwen2RMSNorm,input_layernorm,3,24,0.130434782609,fake_int8_output,fp32,high-sensitivity reduction/output path,8,645.609924316,645.609924316,28.5078907013,644.359680176,645.609924316,28.0839848518,28.5078907013,0.0562419733033,0.0562419733033,0.00408161454834,0.442679144442,2.17982710637e-06,2.17982710637e-06,1,,,,,,0,,0.005,
Qwen/Qwen2.5-0.5B,0.5,tatsu-lab/alpaca,42,h6_0p5b_perturbation,perturbation_bf16_seed42,base_model.model.model.layers.3.mlp.down_proj,layers.3.mlp.down_proj,mlp_projection,Linear,down_proj,3,24,0.130434782609,fake_int8_output,bf16,projection appears sensitive under activation probe,8,906.201293945,906.201293945,661.93157959,905.893432617,906.201293945,661.572677612,661.93157959,0.0171105987392,0.0112849399447,0.0171105987392,0.0404715533368,2.17982710637e-06,2.17982710637e-06,1,1.75131380558,1.90037602186,0.149062216282,0.149062216282,0.218831419945,1,0,0.005,perturbation_abs_threshold
Qwen/Qwen2.5-0.5B,0.5,tatsu-lab/alpaca,42,h6_0p5b_calibration,calibration_bf16_seed42,base_model.model.model.layers.3.mlp.gate_proj,layers.3.mlp.gate_proj,mlp_projection,Linear,gate_proj,3,24,0.130434782609,fake_int8_output,bf16,projection appears sensitive under activation probe,8,318.313659668,318.313659668,41.6221351624,314.509502411,318.313659668,39.4218130112,41.6221351624,0.408050540835,0.408050540835,0.00803719344549,0.872551247478,1.20464073916e-06,1.20464073916e-06,1,,,,,,0,,0.005,
Qwen/Qwen2.5-0.5B,0.5,tatsu-lab/alpaca,42,h6_0p5b_calibration,calibration_bf16_seed42,base_model.model.model.layers.3.mlp.up_proj,layers.3.mlp.up_proj,mlp_projection,Linear,up_proj,3,24,0.130434782609,fake_int8_output,bf16,projection appears sensitive under activation probe,8,318.313659668,318.313659668,71.5689239502,314.509502411,318.313659668,70.1222724915,71.5689239502,0.408050540835,0.408050540835,0.0254047415219,0.97524253279,1.20464073916e-06,1.20464073916e-06,1,,,,,,0,,0.005,
Qwen/Qwen2.5-0.5B,0.5,tatsu-lab/alpaca,42,h6_0p5b_calibration,calibration_bf16_seed42,base_model.model.model.layers.3.post_attention_layernorm,layers.3.post_attention_layernorm,norm,Qwen2RMSNorm,post_attention_layernorm,3,24,0.130434782609,fake_int8_output,fp32,high-sensitivity reduction/output path,8,645.66204834,645.66204834,318.313659668,643.991600037,645.66204834,314.509502411,318.313659668,0.408050540835,0.0573122501373,0.408050540835,0.784362472594,2.17982710637e-06,2.17982710637e-06,1,,,,,,0,,0.005,
Qwen/Qwen2.5-0.5B,0.5,tatsu-lab/alpaca,42,h6_0p5b_calibration,calibration_bf16_seed42,base_model.model.model.layers.3.self_attn.k_proj,layers.3.self_attn.k_proj,attention_projection,Linear,k_proj,3,24,0.130434782609,fake_int8_output,bf16,projection appears sensitive under activation probe,8,28.5078907013,28.5078907013,8.11528110504,28.0839848518,28.5078907013,7.88497847319,8.11528110504,0.00408161454834,0.00408161454834,0.000320812658174,0.0934719126672,1.52587890625e-05,0.000146865844727,1,,,,,,0,,0.005,
Qwen/Qwen2.5-0.5B,0.5,tatsu-lab/alpaca,42,h6_0p5b_calibration,calibration_bf16_seed42,base_model.model.model.layers.3.self_attn.o_proj,layers.3.self_attn.o_proj,attention_projection,Linear,o_proj,3,24,0.130434782609,fake_int8_output,bf16,projection appears sensitive under activation probe,8,39.8700141907,29.9521045685,39.8700141907,24.7644867897,29.9521045685,31.7449574471,39.8700141907,0.00536440918222,0.00313316896791,0.00536440918222,0.523924779147,2.17982710637e-06,5.72204606897e-06,1,,,,,,0,,0.005,
Qwen/Qwen2.5-0.5B,0.5,tatsu-lab/alpaca,42,h6_0p5b_calibration,calibration_bf16_seed42,base_model.model.model.layers.3.self_attn.q_proj,layers.3.self_attn.q_proj,attention_projection,Linear,q_proj,3,24,0.130434782609,fake_int8_output,bf16,projection appears sensitive under activation probe,8,28.5078907013,28.5078907013,11.4389505386,28.0839848518,28.5078907013,10.6715017557,11.4389505386,0.00408161454834,0.00408161454834,0.000587324466323,0.144851647317,2.99726229969e-06,1.4441354665e-05,1,,,,,,0,,0.005,
Qwen/Qwen2.5-0.5B,0.5,tatsu-lab/alpaca,42,h6_0p5b_calibration,calibration_bf16_seed42,base_model.model.model.layers.3.self_attn.v_proj,layers.3.self_attn.v_proj,attention_projection,Linear,v_proj,3,24,0.130434782609,fake_int8_output,bf16,projection appears sensitive under activation probe,8,28.5078907013,28.5078907013,9.10346698761,28.0839848518,28.5078907013,7.86362421513,9.10346698761,0.00408161454834,0.00408161454834,0.00032173382715,0.10840318352,1.71661376953e-05,4.57763671875e-05,1,,,,,,0,,0.005,
Qwen/Qwen2.5-0.5B,0.5,tatsu-lab/alpaca,42,h6_0p5b_perturbation,perturbation_bf16_seed42,base_model.model.model.layers.4.input_layernorm,layers.4.input_layernorm,norm,Qwen2RMSNorm,input_layernorm,4,24,0.173913043478,fake_int8_output,fp32,high-sensitivity reduction/output path,8,662.685974121,662.685974121,33.3024520874,662.511665344,662.685974121,33.0199656487,33.3024520874,0.0185909869615,0.0185909869615,0.00563469633926,0.511976964772,2.17982710637e-06,3.26974071641e-06,1,1.75131380558,1.74660885334,-0.00470495223999,0.00470495223999,0.0114011764526,1,1,0.005,perturbation_abs_threshold
Qwen/Qwen2.5-0.5B,0.5,tatsu-lab/alpaca,42,h6_0p5b_calibration,calibration_bf16_seed42,base_model.model.model.layers.4.mlp.down_proj,layers.4.mlp.down_proj,mlp_projection,Linear,down_proj,4,24,0.173913043478,fake_int8_output,bf16,projection appears sensitive under activation probe,8,64.2809295654,64.2809295654,16.7591495514,60.2342000008,64.2809295654,12.6596291065,16.7591495514,0.0171567747602,0.0171567747602,0.000845424176077,0.26287211664,2.17982710637e-06,3.81469746458e-06,1,,,,,,0,,0.005,
Qwen/Qwen2.5-0.5B,0.5,tatsu-lab/alpaca,42,h6_0p5b_calibration,calibration_bf16_seed42,base_model.model.model.layers.4.mlp.gate_proj,layers.4.mlp.gate_proj,mlp_projection,Linear,gate_proj,4,24,0.173913043478,fake_int8_output,bf16,projection appears sensitive under activation probe,8,41.5801391602,41.5801391602,9.30590343475,40.9575014114,41.5801391602,7.4988861084,9.30590343475,0.00865343934856,0.00865343934856,0.000294778676107,0.0975680807605,1.35522083156e-06,9.33596550112e-06,1,,,,,,0,,0.005,
Qwen/Qwen2.5-0.5B,0.5,tatsu-lab/alpaca,42,h6_0p5b_calibration,calibration_bf16_seed42,base_model.model.model.layers.4.mlp.up_proj,layers.4.mlp.up_proj,mlp_projection,Linear,up_proj,4,24,0.173913043478,fake_int8_output,bf16,projection appears sensitive under activation probe,8,41.5801391602,41.5801391602,9.81106376648,40.9575014114,41.5801391602,8.1340790987,9.81106376648,0.00865343934856,0.00865343934856,0.000345918429957,0.114089876413,1.35522083156e-06,6.1737837882e-06,1,,,,,,0,,0.005,
Qwen/Qwen2.5-0.5B,0.5,tatsu-lab/alpaca,42,h6_0p5b_perturbation,perturbation_bf16_seed42,base_model.model.model.layers.4.post_attention_layernorm,layers.4.post_attention_layernorm,norm,Qwen2RMSNorm,post_attention_layernorm,4,24,0.173913043478,fake_int8_output,fp32,high-sensitivity reduction/output path,8,662.762878418,662.762878418,41.5801391602,662.551002502,662.762878418,40.9575014114,41.5801391602,0.018630515784,0.018630515784,0.00865343934856,0.855140551925,2.17982710637e-06,2.17982710637e-06,1,1.75131380558,1.74795916677,-0.00335463881493,0.00335463881493,0.0180571079254,1,1,0.005,perturbation_abs_threshold
Qwen/Qwen2.5-0.5B,0.5,tatsu-lab/alpaca,42,h6_0p5b_calibration,calibration_bf16_seed42,base_model.model.model.layers.4.self_attn.k_proj,layers.4.self_attn.k_proj,attention_projection,Linear,k_proj,4,24,0.173913043478,fake_int8_output,bf16,projection appears sensitive under activation probe,8,33.3024520874,33.3024520874,7.81449174881,33.0199656487,33.3024520874,7.43709027767,7.81449174881,0.00563469633926,0.00563469633926,0.000285338875983,0.089482001029,1.71661376953e-05,0.000118255615234,1,,,,,,0,,0.005,
Qwen/Qwen2.5-0.5B,0.5,tatsu-lab/alpaca,42,h6_0p5b_calibration,calibration_bf16_seed42,base_model.model.model.layers.4.self_attn.o_proj,layers.4.self_attn.o_proj,attention_projection,Linear,o_proj,4,24,0.173913043478,fake_int8_output,bf16,projection appears sensitive under activation probe,8,26.5967998505,21.2584171295,26.5967998505,17.3201117516,21.2584171295,25.6894419193,26.5967998505,0.00341805748758,0.00158662385365,0.00341805748758,0.590154774487,2.17982710637e-06,2.17982710637e-06,1,,,,,,0,,0.005,
Qwen/Qwen2.5-0.5B,0.5,tatsu-lab/alpaca,42,h6_0p5b_calibration,calibration_bf16_seed42,base_model.model.model.layers.4.self_attn.q_proj,layers.4.self_attn.q_proj,attention_projection,Linear,q_proj,4,24,0.173913043478,fake_int8_output,bf16,projection appears sensitive under activation probe,8,33.3024520874,33.3024520874,11.5217723846,33.0199656487,33.3024520874,11.2630449533,11.5217723846,0.00563469633926,0.00563469633926,0.000654212693917,0.137580677867,2.17982710637e-06,9.10077806111e-05,1,,,,,,0,,0.005,
Qwen/Qwen2.5-0.5B,0.5,tatsu-lab/alpaca,42,h6_0p5b_calibration,calibration_bf16_seed42,base_model.model.model.layers.4.self_attn.v_proj,layers.4.self_attn.v_proj,attention_projection,Linear,v_proj,4,24,0.173913043478,fake_int8_output,bf16,projection appears sensitive under activation probe,8,33.3024520874,33.3024520874,6.37652111053,33.0199656487,33.3024520874,5.33452177048,6.37652111053,0.00563469633926,0.00563469633926,0.000149108366713,0.048362666741,1.52587890625e-05,3.43322753906e-05,1,,,,,,0,,0.005,
Qwen/Qwen2.5-0.5B,0.5,tatsu-lab/alpaca,42,h6_0p5b_calibration,calibration_bf16_seed42,base_model.model.model.layers.5.input_layernorm,layers.5.input_layernorm,norm,Qwen2RMSNorm,input_layernorm,5,24,0.217391304348,fake_int8_output,fp32,high-sensitivity reduction/output path,8,657.19708252,657.19708252,28.4051246643,656.337463379,657.19708252,26.8830504417,28.4051246643,0.0366864106618,0.0366864106618,0.00371876097051,0.603133864701,2.72478391139e-06,6.53948126228e-06,1,,,,,,0,,0.005,
Qwen/Qwen2.5-0.5B,0.5,tatsu-lab/alpaca,42,h6_0p5b_calibration,calibration_bf16_seed42,base_model.model.model.layers.5.mlp.down_proj,layers.5.mlp.down_proj,mlp_projection,Linear,down_proj,5,24,0.217391304348,fake_int8_output,bf16,projection appears sensitive under activation probe,8,115.945526123,89.0578079224,115.945526123,54.7247614861,89.0578079224,107.416202545,115.945526123,0.0600223480724,0.0159973989939,0.0600223480724,0.931742601097,2.17982710637e-06,2.17982710637e-06,1,,,,,,0,,0.005,
Qwen/Qwen2.5-0.5B,0.5,tatsu-lab/alpaca,42,h6_0p5b_calibration,calibration_bf16_seed42,base_model.model.model.layers.5.mlp.gate_proj,layers.5.mlp.gate_proj,mlp_projection,Linear,gate_proj,5,24,0.217391304348,fake_int8_output,bf16,projection appears sensitive under activation probe,8,45.6708450317,45.6708450317,5.29331588745,45.4445567131,45.6708450317,4.51820296049,5.29331588745,0.0105883441865,0.0105883441865,0.000106168042294,0.0349501322489,1.35522083156e-06,1.77684508458e-05,1,,,,,,0,,0.005,
Qwen/Qwen2.5-0.5B,0.5,tatsu-lab/alpaca,42,h6_0p5b_calibration,calibration_bf16_seed42,base_model.model.model.layers.5.mlp.up_proj,layers.5.mlp.up_proj,mlp_projection,Linear,up_proj,5,24,0.217391304348,fake_int8_output,bf16,projection appears sensitive under activation probe,8,45.6708450317,45.6708450317,10.414607048,45.4445567131,45.6708450317,8.98711252213,10.414607048,0.0105883441865,0.0105883441865,0.000423010042141,0.140085775405,1.20464073916e-06,3.61392221748e-06,1,,,,,,0,,0.005,
Qwen/Qwen2.5-0.5B,0.5,tatsu-lab/alpaca,42,h6_0p5b_calibration,calibration_bf16_seed42,base_model.model.model.layers.5.post_attention_layernorm,layers.5.post_attention_layernorm,norm,Qwen2RMSNorm,post_attention_layernorm,5,24,0.217391304348,fake_int8_output,fp32,high-sensitivity reduction/output path,8,656.726501465,656.726501465,45.6708450317,655.864593506,656.726501465,45.4445567131,45.6708450317,0.0382824507542,0.0382824507542,0.0105883441865,0.804162368178,2.17982710637e-06,2.17982710637e-06,1,,,,,,0,,0.005,
Qwen/Qwen2.5-0.5B,0.5,tatsu-lab/alpaca,42,h6_0p5b_calibration,calibration_bf16_seed42,base_model.model.model.layers.5.self_attn.k_proj,layers.5.self_attn.k_proj,attention_projection,Linear,k_proj,5,24,0.217391304348,fake_int8_output,bf16,projection appears sensitive under activation probe,8,28.4051246643,28.4051246643,8.84614944458,26.8830504417,28.4051246643,7.82119190693,8.84614944458,0.00371876097051,0.00371876097051,0.000317052792525,0.107512477785,1.52587890625e-05,8.96453857422e-05,1,,,,,,0,,0.005,
Qwen/Qwen2.5-0.5B,0.5,tatsu-lab/alpaca,42,h6_0p5b_calibration,calibration_bf16_seed42,base_model.model.model.layers.5.self_attn.o_proj,layers.5.self_attn.o_proj,attention_projection,Linear,o_proj,5,24,0.217391304348,fake_int8_output,bf16,projection appears sensitive under activation probe,8,33.5177307129,17.3234386444,33.5177307129,14.245546937,17.3234386444,29.3852455616,33.5177307129,0.00447862787405,0.00106763742224,0.00447862787405,0.796775713563,2.17982710637e-06,4.35965421275e-06,1,,,,,,0,,0.005,
Qwen/Qwen2.5-0.5B,0.5,tatsu-lab/alpaca,42,h6_0p5b_calibration,calibration_bf16_seed42,base_model.model.model.layers.5.self_attn.q_proj,layers.5.self_attn.q_proj,attention_projection,Linear,q_proj,5,24,0.217391304348,fake_int8_output,bf16,projection appears sensitive under activation probe,8,28.4051246643,28.4051246643,11.1297836304,26.8830504417,28.4051246643,10.7869272232,11.1297836304,0.00371876097051,0.00371876097051,0.000601844010816,0.145156484097,3.26974068798e-06,0.000130517144953,1,,,,,,0,,0.005,
Qwen/Qwen2.5-0.5B,0.5,tatsu-lab/alpaca,42,h6_0p5b_calibration,calibration_bf16_seed42,base_model.model.model.layers.5.self_attn.v_proj,layers.5.self_attn.v_proj,attention_projection,Linear,v_proj,5,24,0.217391304348,fake_int8_output,bf16,projection appears sensitive under activation probe,8,28.4051246643,28.4051246643,5.34537744522,26.8830504417,28.4051246643,4.80417221785,5.34537744522,0.00371876097051,0.00371876097051,0.000119775759231,0.039241633378,1.52587890625e-05,3.43322753906e-05,1,,,,,,0,,0.005,
Qwen/Qwen2.5-0.5B,0.5,tatsu-lab/alpaca,42,h6_0p5b_calibration,calibration_bf16_seed42,base_model.model.model.layers.6.input_layernorm,layers.6.input_layernorm,norm,Qwen2RMSNorm,input_layernorm,6,24,0.260869565217,fake_int8_output,fp32,high-sensitivity reduction/output path,8,656.069702148,656.069702148,42.8912773132,654.716957092,656.069702148,42.184158802,42.8912773132,0.0412070560269,0.0412070560269,0.00914750027005,0.650641925633,2.17982710637e-06,2.17982710637e-06,1,,,,,,0,,0.005,
Qwen/Qwen2.5-0.5B,0.5,tatsu-lab/alpaca,42,h6_0p5b_calibration,calibration_bf16_seed42,base_model.model.model.layers.6.mlp.down_proj,layers.6.mlp.down_proj,mlp_projection,Linear,down_proj,6,24,0.260869565217,fake_int8_output,bf16,projection appears sensitive under activation probe,8,41.4638710022,41.4638710022,10.0606117249,37.0132389069,41.4638710022,8.43414133787,10.0606117249,0.00685191183584,0.00685191183584,0.000373622820916,0.122848385945,2.17982710637e-06,3.81469746458e-06,1,,,,,,0,,0.005,
Qwen/Qwen2.5-0.5B,0.5,tatsu-lab/alpaca,42,h6_0p5b_calibration,calibration_bf16_seed42,base_model.model.model.layers.6.mlp.gate_proj,layers.6.mlp.gate_proj,mlp_projection,Linear,gate_proj,6,24,0.260869565217,fake_int8_output,bf16,projection appears sensitive under activation probe,8,41.0885810852,41.0885810852,6.9856877327,40.2040662766,41.0885810852,6.12428623438,6.9856877327,0.00833125796635,0.00833125796635,0.000194440313862,0.0638919170015,1.20464073916e-06,7.83016486139e-06,1,,,,,,0,,0.005,
Qwen/Qwen2.5-0.5B,0.5,tatsu-lab/alpaca,42,h6_0p5b_calibration,calibration_bf16_seed42,base_model.model.model.layers.6.mlp.up_proj,layers.6.mlp.up_proj,mlp_projection,Linear,up_proj,6,24,0.260869565217,fake_int8_output,bf16,projection appears sensitive under activation probe,8,41.0885810852,41.0885810852,10.9528436661,40.2040662766,41.0885810852,9.95734643936,10.9528436661,0.00833125796635,0.00833125796635,0.000514579282026,0.168116072193,1.20464073916e-06,3.31276203269e-06,1,,,,,,0,,0.005,
Qwen/Qwen2.5-0.5B,0.5,tatsu-lab/alpaca,42,h6_0p5b_calibration,calibration_bf16_seed42,base_model.model.model.layers.6.post_attention_layernorm,layers.6.post_attention_layernorm,norm,Qwen2RMSNorm,post_attention_layernorm,6,24,0.260869565217,fake_int8_output,fp32,high-sensitivity reduction/output path,8,655.812255859,655.812255859,41.0885810852,654.447692871,655.812255859,40.2040662766,41.0885810852,0.0419480074197,0.0419480074197,0.00833125796635,0.845841288567,2.17982710637e-06,2.17982710637e-06,1,,,,,,0,,0.005,
Qwen/Qwen2.5-0.5B,0.5,tatsu-lab/alpaca,42,h6_0p5b_calibration,calibration_bf16_seed42,base_model.model.model.layers.6.self_attn.k_proj,layers.6.self_attn.k_proj,attention_projection,Linear,k_proj,6,24,0.260869565217,fake_int8_output,bf16,projection appears sensitive under activation probe,8,42.8912773132,42.8912773132,6.14342498779,42.184158802,42.8912773132,5.89277428389,6.14342498779,0.00914750027005,0.00914750027005,0.000179851624125,0.0630951682106,1.90734863281e-05,0.0001220703125,1,,,,,,0,,0.005,
Qwen/Qwen2.5-0.5B,0.5,tatsu-lab/alpaca,42,h6_0p5b_calibration,calibration_bf16_seed42,base_model.model.model.layers.6.self_attn.o_proj,layers.6.self_attn.o_proj,attention_projection,Linear,o_proj,6,24,0.260869565217,fake_int8_output,bf16,projection appears sensitive under activation probe,8,32.1690864563,17.8329200745,32.1690864563,13.3428951502,17.8329200745,28.7778537273,32.1690864563,0.00435458839638,0.000954407754762,0.00435458839638,0.646111480892,2.17982710637e-06,4.35965424117e-06,1,,,,,,0,,0.005,
Qwen/Qwen2.5-0.5B,0.5,tatsu-lab/alpaca,42,h6_0p5b_calibration,calibration_bf16_seed42,base_model.model.model.layers.6.self_attn.q_proj,layers.6.self_attn.q_proj,attention_projection,Linear,q_proj,6,24,0.260869565217,fake_int8_output,bf16,projection appears sensitive under activation probe,8,42.8912773132,42.8912773132,8.43921089172,42.184158802,42.8912773132,8.28461229801,8.43921089172,0.00914750027005,0.00914750027005,0.000355673422746,0.0944417994469,2.45230549467e-06,7.82012975833e-05,1,,,,,,0,,0.005,
Qwen/Qwen2.5-0.5B,0.5,tatsu-lab/alpaca,42,h6_0p5b_calibration,calibration_bf16_seed42,base_model.model.model.layers.6.self_attn.v_proj,layers.6.self_attn.v_proj,attention_projection,Linear,v_proj,6,24,0.260869565217,fake_int8_output,bf16,projection appears sensitive under activation probe,8,42.8912773132,42.8912773132,7.9880437851,42.184158802,42.8912773132,6.36633771658,7.9880437851,0.00914750027005,0.00914750027005,0.000213700262066,0.0694651743397,1.52587890625e-05,2.67028808594e-05,1,,,,,,0,,0.005,
Qwen/Qwen2.5-0.5B,0.5,tatsu-lab/alpaca,42,h6_0p5b_calibration,calibration_bf16_seed42,base_model.model.model.layers.7.input_layernorm,layers.7.input_layernorm,norm,Qwen2RMSNorm,input_layernorm,7,24,0.304347826087,fake_int8_output,fp32,high-sensitivity reduction/output path,8,654.80065918,654.80065918,32.8895225525,652.854598999,654.80065918,31.4884335995,32.8895225525,0.0463959281333,0.0463959281333,0.00513088598382,0.656488113105,2.17982710637e-06,6.53948137597e-06,1,,,,,,0,,0.005,
Qwen/Qwen2.5-0.5B,0.5,tatsu-lab/alpaca,42,h6_0p5b_calibration,calibration_bf16_seed42,base_model.model.model.layers.7.mlp.down_proj,layers.7.mlp.down_proj,mlp_projection,Linear,down_proj,7,24,0.304347826087,fake_int8_output,bf16,projection appears sensitive under activation probe,8,47.5270423889,47.5270423889,8.93388652802,38.3196954727,47.5270423889,6.37275725603,8.93388652802,0.00731154659297,0.00731154659297,0.000217978093133,0.0711174374446,2.17982710637e-06,7.08443803887e-06,1,,,,,,0,,0.005,
Qwen/Qwen2.5-0.5B,0.5,tatsu-lab/alpaca,42,h6_0p5b_calibration,calibration_bf16_seed42,base_model.model.model.layers.7.mlp.gate_proj,layers.7.mlp.gate_proj,mlp_projection,Linear,gate_proj,7,24,0.304347826087,fake_int8_output,bf16,projection appears sensitive under activation probe,8,34.6722297668,34.6722297668,7.46132040024,33.8496308327,34.6722297668,6.82800084352,7.46132040024,0.00590277829906,0.00590277829906,0.000242162999712,0.0794769204222,1.20464073916e-06,3.91508240227e-06,1,,,,,,0,,0.005,
Qwen/Qwen2.5-0.5B,0.5,tatsu-lab/alpaca,42,h6_0p5b_calibration,calibration_bf16_seed42,base_model.model.model.layers.7.mlp.up_proj,layers.7.mlp.up_proj,mlp_projection,Linear,up_proj,7,24,0.304347826087,fake_int8_output,bf16,projection appears sensitive under activation probe,8,34.6722297668,34.6722297668,10.0468845367,33.8496308327,34.6722297668,9.61865830421,10.0468845367,0.00590277829906,0.00590277829906,0.00047880323109,0.156306428835,1.20464073916e-06,2.40928147832e-06,1,,,,,,0,,0.005,
Qwen/Qwen2.5-0.5B,0.5,tatsu-lab/alpaca,42,h6_0p5b_calibration,calibration_bf16_seed42,base_model.model.model.layers.7.post_attention_layernorm,layers.7.post_attention_layernorm,norm,Qwen2RMSNorm,post_attention_layernorm,7,24,0.304347826087,fake_int8_output,fp32,high-sensitivity reduction/output path,8,655.130310059,655.130310059,34.6722297668,653.346809387,655.130310059,33.8496308327,34.6722297668,0.0449841781519,0.0449841781519,0.00590277829906,0.851239413023,2.17982710637e-06,2.17982710637e-06,1,,,,,,0,,0.005,
Qwen/Qwen2.5-0.5B,0.5,tatsu-lab/alpaca,42,h6_0p5b_calibration,calibration_bf16_seed42,base_model.model.model.layers.7.self_attn.k_proj,layers.7.self_attn.k_proj,attention_projection,Linear,k_proj,7,24,0.304347826087,fake_int8_output,bf16,projection appears sensitive under activation probe,8,32.8895225525,32.8895225525,8.01327323914,31.4884335995,32.8895225525,7.7576726079,8.01327323914,0.00513088598382,0.00513088598382,0.000310544390231,0.100819303654,1.52587890625e-05,0.000160217285156,1,,,,,,0,,0.005,
Qwen/Qwen2.5-0.5B,0.5,tatsu-lab/alpaca,42,h6_0p5b_calibration,calibration_bf16_seed42,base_model.model.model.layers.7.self_attn.o_proj,layers.7.self_attn.o_proj,attention_projection,Linear,o_proj,7,24,0.304347826087,fake_int8_output,bf16,projection appears sensitive under activation probe,8,24.9293041229,22.9826450348,24.9293041229,19.5827667713,22.9826450348,23.0374171734,24.9293041229,0.00274474936305,0.00187527960225,0.00274474936305,0.436386629939,3.814697493e-06,0.000133241931508,1,,,,,,0,,0.005,
Qwen/Qwen2.5-0.5B,0.5,tatsu-lab/alpaca,42,h6_0p5b_calibration,calibration_bf16_seed42,base_model.model.model.layers.7.self_attn.q_proj,layers.7.self_attn.q_proj,attention_projection,Linear,q_proj,7,24,0.304347826087,fake_int8_output,bf16,projection appears sensitive under activation probe,8,32.8895225525,32.8895225525,10.4337911606,31.4884335995,32.8895225525,10.1944887638,10.4337911606,0.00513088598382,0.00513088598382,0.000538154585229,0.116367460229,2.17982710637e-06,0.00010190691728,1,,,,,,0,,0.005,
Qwen/Qwen2.5-0.5B,0.5,tatsu-lab/alpaca,42,h6_0p5b_calibration,calibration_bf16_seed42,base_model.model.model.layers.7.self_attn.v_proj,layers.7.self_attn.v_proj,attention_projection,Linear,v_proj,7,24,0.304347826087,fake_int8_output,bf16,projection appears sensitive under activation probe,8,32.8895225525,32.8895225525,6.79757595062,31.4884335995,32.8895225525,5.67617022991,6.79757595062,0.00513088598382,0.00513088598382,0.00017012995886,0.0567016317509,1.52587890625e-05,4.00543212891e-05,1,,,,,,0,,0.005,
Qwen/Qwen2.5-0.5B,0.5,tatsu-lab/alpaca,42,h6_0p5b_calibration,calibration_bf16_seed42,base_model.model.model.layers.8.input_layernorm,layers.8.input_layernorm,norm,Qwen2RMSNorm,input_layernorm,8,24,0.347826086957,fake_int8_output,fp32,high-sensitivity reduction/output path,8,646.169616699,646.169616699,34.1288948059,643.716407776,646.169616699,33.6532473564,34.1288948059,0.0729609774426,0.0729609774426,0.00575822911924,0.669835157692,2.17982710637e-06,2.17982710637e-06,1,,,,,,0,,0.005,
Qwen/Qwen2.5-0.5B,0.5,tatsu-lab/alpaca,42,h6_0p5b_calibration,calibration_bf16_seed42,base_model.model.model.layers.8.mlp.down_proj,layers.8.mlp.down_proj,mlp_projection,Linear,down_proj,8,24,0.347826086957,fake_int8_output,bf16,projection appears sensitive under activation probe,8,36.3161735535,36.3161735535,13.8878126144,25.347915411,36.3161735535,12.1958123446,13.8878126144,0.00332093745237,0.00332093745237,0.000775072490796,0.227706383914,2.17982710637e-06,6.45773784527e-05,1,,,,,,0,,0.005,
Qwen/Qwen2.5-0.5B,0.5,tatsu-lab/alpaca,42,h6_0p5b_calibration,calibration_bf16_seed42,base_model.model.model.layers.8.mlp.gate_proj,layers.8.mlp.gate_proj,mlp_projection,Linear,gate_proj,8,24,0.347826086957,fake_int8_output,bf16,projection appears sensitive under activation probe,8,35.0993728638,35.0993728638,7.516477108,34.3924779892,35.0993728638,6.87543141842,7.516477108,0.0061148905661,0.0061148905661,0.000245193572482,0.0809150598943,1.20464073916e-06,9.63712585644e-06,1,,,,,,0,,0.005,
Qwen/Qwen2.5-0.5B,0.5,tatsu-lab/alpaca,42,h6_0p5b_calibration,calibration_bf16_seed42,base_model.model.model.layers.8.mlp.up_proj,layers.8.mlp.up_proj,mlp_projection,Linear,up_proj,8,24,0.347826086957,fake_int8_output,bf16,projection appears sensitive under activation probe,8,35.0993728638,35.0993728638,5.8370552063,34.3924779892,35.0993728638,5.42957925797,5.8370552063,0.0061148905661,0.0061148905661,0.000152450920723,0.0500983921811,1.35522083156e-06,1.26487277612e-05,1,,,,,,0,,0.005,
Qwen/Qwen2.5-0.5B,0.5,tatsu-lab/alpaca,42,h6_0p5b_calibration,calibration_bf16_seed42,base_model.model.model.layers.8.post_attention_layernorm,layers.8.post_attention_layernorm,norm,Qwen2RMSNorm,post_attention_layernorm,8,24,0.347826086957,fake_int8_output,fp32,high-sensitivity reduction/output path,8,645.922668457,645.922668457,35.0993728638,643.64642334,645.922668457,34.3924779892,35.0993728638,0.0730119813234,0.0730119813234,0.0061148905661,0.845553152263,2.17982710637e-06,2.17982710637e-06,1,,,,,,0,,0.005,
Qwen/Qwen2.5-0.5B,0.5,tatsu-lab/alpaca,42,h6_0p5b_calibration,calibration_bf16_seed42,base_model.model.model.layers.8.self_attn.k_proj,layers.8.self_attn.k_proj,attention_projection,Linear,k_proj,8,24,0.347826086957,fake_int8_output,bf16,projection appears sensitive under activation probe,8,34.1288948059,34.1288948059,8.73086357117,33.6532473564,34.1288948059,8.70419061184,8.73086357117,0.00575822911924,0.00575822911924,0.00041131015314,0.0158764371881,3.24249267578e-05,0.0078125,1,,,,,,0,,0.005,
Qwen/Qwen2.5-0.5B,0.5,tatsu-lab/alpaca,42,h6_0p5b_calibration,calibration_bf16_seed42,base_model.model.model.layers.8.self_attn.o_proj,layers.8.self_attn.o_proj,attention_projection,Linear,o_proj,8,24,0.347826086957,fake_int8_output,bf16,projection appears sensitive under activation probe,8,27.8001976013,18.8995838165,27.8001976013,16.0310516357,18.8995838165,24.4109158516,27.8001976013,0.00309929353534,0.00133407011162,0.00309929353534,0.4971017465,2.17982710637e-06,7.08443818098e-06,1,,,,,,0,,0.005,
Qwen/Qwen2.5-0.5B,0.5,tatsu-lab/alpaca,42,h6_0p5b_calibration,calibration_bf16_seed42,base_model.model.model.layers.8.self_attn.q_proj,layers.8.self_attn.q_proj,attention_projection,Linear,q_proj,8,24,0.347826086957,fake_int8_output,bf16,projection appears sensitive under activation probe,8,34.1288948059,34.1288948059,13.2303295135,33.6532473564,34.1288948059,11.0064795017,13.2303295135,0.00575822911924,0.00575822911924,0.000629992886388,0.141590505838,2.17982710637e-06,4.08717582161e-05,1,,,,,,0,,0.005,
Qwen/Qwen2.5-0.5B,0.5,tatsu-lab/alpaca,42,h6_0p5b_calibration,calibration_bf16_seed42,base_model.model.model.layers.8.self_attn.v_proj,layers.8.self_attn.v_proj,attention_projection,Linear,v_proj,8,24,0.347826086957,fake_int8_output,bf16,projection appears sensitive under activation probe,8,34.1288948059,34.1288948059,5.70157670975,33.6532473564,34.1288948059,4.53895288706,5.70157670975,0.00575822911924,0.00575822911924,0.000108298257146,0.035672677448,1.52587890625e-05,3.81469726562e-05,1,,,,,,0,,0.005,
Qwen/Qwen2.5-0.5B,0.5,tatsu-lab/alpaca,42,h6_0p5b_calibration,calibration_bf16_seed42,base_model.model.model.layers.9.input_layernorm,layers.9.input_layernorm,norm,Qwen2RMSNorm,input_layernorm,9,24,0.391304347826,fake_int8_output,fp32,high-sensitivity reduction/output path,8,643.533447266,643.533447266,23.7029399872,638.216896057,643.533447266,21.7474966049,23.7029399872,0.0853767152876,0.0853767152876,0.00242290832102,0.467292431742,2.17982710637e-06,5.7220462395e-06,1,,,,,,0,,0.005,
Qwen/Qwen2.5-0.5B,0.5,tatsu-lab/alpaca,42,h6_0p5b_calibration,calibration_bf16_seed42,base_model.model.model.layers.9.mlp.down_proj,layers.9.mlp.down_proj,mlp_projection,Linear,down_proj,9,24,0.391304347826,fake_int8_output,bf16,projection appears sensitive under activation probe,8,34.9524040222,34.9524040222,19.5138835907,26.6475617886,34.9524040222,16.6278543472,19.5138835907,0.00365181628149,0.00365181628149,0.00144508748781,0.382354736328,2.45230549467e-06,1.3078962354e-05,1,,,,,,0,,0.005,
Qwen/Qwen2.5-0.5B,0.5,tatsu-lab/alpaca,42,h6_0p5b_calibration,calibration_bf16_seed42,base_model.model.model.layers.9.mlp.gate_proj,layers.9.mlp.gate_proj,mlp_projection,Linear,gate_proj,9,24,0.391304347826,fake_int8_output,bf16,projection appears sensitive under activation probe,8,31.815788269,31.815788269,7.70686435699,30.9219925404,31.815788269,6.08751839399,7.70686435699,0.00491889729165,0.00491889729165,0.000194332598767,0.0642841318622,1.20464073916e-06,5.11972319828e-06,1,,,,,,0,,0.005,
Qwen/Qwen2.5-0.5B,0.5,tatsu-lab/alpaca,42,h6_0p5b_calibration,calibration_bf16_seed42,base_model.model.model.layers.9.mlp.up_proj,layers.9.mlp.up_proj,mlp_projection,Linear,up_proj,9,24,0.391304347826,fake_int8_output,bf16,projection appears sensitive under activation probe,8,31.815788269,31.815788269,7.9708032608,30.9219925404,31.815788269,7.58265924454,7.9708032608,0.00491889729165,0.00491889729165,0.000298006681987,0.0980613538995,1.20464073916e-06,1.09923469154e-05,1,,,,,,0,,0.005,
Qwen/Qwen2.5-0.5B,0.5,tatsu-lab/alpaca,42,h6_0p5b_calibration,calibration_bf16_seed42,base_model.model.model.layers.9.post_attention_layernorm,layers.9.post_attention_layernorm,norm,Qwen2RMSNorm,post_attention_layernorm,9,24,0.391304347826,fake_int8_output,fp32,high-sensitivity reduction/output path,8,644.663391113,644.663391113,31.815788269,639.759872437,644.663391113,30.9219925404,31.815788269,0.0842560771853,0.0842560771853,0.00491889729165,0.799927137792,2.17982710637e-06,2.17982710637e-06,1,,,,,,0,,0.005,
Qwen/Qwen2.5-0.5B,0.5,tatsu-lab/alpaca,42,h6_0p5b_calibration,calibration_bf16_seed42,base_model.model.model.layers.9.self_attn.k_proj,layers.9.self_attn.k_proj,attention_projection,Linear,k_proj,9,24,0.391304347826,fake_int8_output,bf16,projection appears sensitive under activation probe,8,23.7029399872,23.7029399872,7.84604263306,21.7474966049,23.7029399872,7.15887916088,7.84604263306,0.00242290832102,0.00242290832102,0.000265649634457,0.0860045505688,1.52587890625e-05,3.24249267578e-05,1,,,,,,0,,0.005,
Qwen/Qwen2.5-0.5B,0.5,tatsu-lab/alpaca,42,h6_0p5b_calibration,calibration_bf16_seed42,base_model.model.model.layers.9.self_attn.o_proj,layers.9.self_attn.o_proj,attention_projection,Linear,o_proj,9,24,0.391304347826,fake_int8_output,bf16,projection appears sensitive under activation probe,8,26.1386451721,26.1386451721,22.4993686676,22.4996626377,26.1386451721,21.4340839386,22.4993686676,0.00238544854801,0.00233917868172,0.00238544854801,0.380622189492,2.45230549467e-06,0.000786645110566,1,,,,,,0,,0.005,
Qwen/Qwen2.5-0.5B,0.5,tatsu-lab/alpaca,42,h6_0p5b_calibration,calibration_bf16_seed42,base_model.model.model.layers.9.self_attn.q_proj,layers.9.self_attn.q_proj,attention_projection,Linear,q_proj,9,24,0.391304347826,fake_int8_output,bf16,projection appears sensitive under activation probe,8,23.7029399872,23.7029399872,11.4332790375,21.7474966049,23.7029399872,10.1199202538,11.4332790375,0.00242290832102,0.00242290832102,0.000531685956958,0.102418560535,2.17982710637e-06,1.08991354182e-05,1,,,,,,0,,0.005,
Qwen/Qwen2.5-0.5B,0.5,tatsu-lab/alpaca,42,h6_0p5b_calibration,calibration_bf16_seed42,base_model.model.model.layers.9.self_attn.v_proj,layers.9.self_attn.v_proj,attention_projection,Linear,v_proj,9,24,0.391304347826,fake_int8_output,bf16,projection appears sensitive under activation probe,8,23.7029399872,23.7029399872,6.73854970932,21.7474966049,23.7029399872,5.89101725817,6.73854970932,0.00242290832102,0.00242290832102,0.00017998313524,0.0596253601834,1.52587890625e-05,4.19616699219e-05,1,,,,,,0,,0.005,
Qwen/Qwen2.5-0.5B,0.5,tatsu-lab/alpaca,42,h6_0p5b_calibration,calibration_bf16_seed42,base_model.model.model.norm,norm,norm,Qwen2RMSNorm,norm,,24,,fake_int8_output,fp32,high-sensitivity reduction/output path,8,21.9832668304,21.9832668304,19.7650871277,19.2755844593,21.9832668304,19.2257249355,19.7650871277,0.00193032654352,0.00193032654352,0.00190445838962,0.122835991904,2.17982710637e-06,6.81195965058e-06,1,,,,,,0,,0.005,
Qwen/Qwen2.5-0.5B,0.5,tatsu-lab/alpaca,43,h6_0p5b_perturbation,perturbation_bf16_seed43,base_model.model.lm_head,base_model.model.lm_head,logits,Linear,lm_head,,24,,fake_int8_output,fp32,high-sensitivity reduction/output path,8,19.8866863251,19.8866863251,7.65231227875,19.1538183689,19.8866863251,6.71491086483,7.65231227875,0.00189689313993,0.00189689313993,0.000234888251725,0.0755731449462,1.00268323422e-06,2.88271426996e-06,1,2.41479498148,2.41573154926,0.000936567783356,0.000936567783356,0.0172069072723,1,1,0.005,perturbation_abs_threshold
Qwen/Qwen2.5-0.5B,0.5,tatsu-lab/alpaca,43,h6_0p5b_calibration,calibration_bf16_seed43,base_model.model.model.layers.0.input_layernorm,layers.0.input_layernorm,norm,Qwen2RMSNorm,input_layernorm,0,24,0,fake_int8_output,fp32,high-sensitivity reduction/output path,8,26.8995800018,5.78992700577,26.8995800018,4.32735496759,5.78992700577,23.6096818447,26.8995800018,0.00292370616808,0.00010172506154,0.00292370616808,0.301497202367,5.99452442884e-06,8.71930834023e-06,1,,,,,,0,,0.005,
Qwen/Qwen2.5-0.5B,0.5,tatsu-lab/alpaca,43,h6_0p5b_calibration,calibration_bf16_seed43,base_model.model.model.layers.0.mlp.down_proj,layers.0.mlp.down_proj,mlp_projection,Linear,down_proj,0,24,0,fake_int8_output,bf16,projection appears sensitive under activation probe,8,71.4807510376,71.4807510376,18.8526496887,70.0882139206,71.4807510376,17.2486658096,18.8526496887,0.0197934587486,0.0197934587486,0.00154370204837,0.426069896668,2.17982710637e-06,4.63213257262e-06,1,,,,,,0,,0.005,
Qwen/Qwen2.5-0.5B,0.5,tatsu-lab/alpaca,43,h6_0p5b_calibration,calibration_bf16_seed43,base_model.model.model.layers.0.mlp.gate_proj,layers.0.mlp.gate_proj,mlp_projection,Linear,gate_proj,0,24,0,fake_int8_output,bf16,projection appears sensitive under activation probe,8,19.7969112396,19.7969112396,10.8918628693,18.6506175995,19.7969112396,9.62110924721,10.8918628693,0.00180002157867,0.00180002157867,0.000480910050101,0.147405503318,1.20464073916e-06,8.13132493249e-06,1,,,,,,0,,0.005,
Qwen/Qwen2.5-0.5B,0.5,tatsu-lab/alpaca,43,h6_0p5b_calibration,calibration_bf16_seed43,base_model.model.model.layers.0.mlp.up_proj,layers.0.mlp.up_proj,mlp_projection,Linear,up_proj,0,24,0,fake_int8_output,bf16,projection appears sensitive under activation probe,8,19.7969112396,19.7969112396,14.3199520111,18.6506175995,19.7969112396,11.9603419304,14.3199520111,0.00180002157867,0.00180002157867,0.000745759934944,0.245467538014,1.35522083156e-06,3.76450230988e-06,1,,,,,,0,,0.005,
Qwen/Qwen2.5-0.5B,0.5,tatsu-lab/alpaca,43,h6_0p5b_calibration,calibration_bf16_seed43,base_model.model.model.layers.0.post_attention_layernorm,layers.0.post_attention_layernorm,norm,Qwen2RMSNorm,post_attention_layernorm,0,24,0,fake_int8_output,fp32,high-sensitivity reduction/output path,8,25.2095184326,25.2095184326,19.7969112396,24.1274194717,25.2095184326,18.6506175995,19.7969112396,0.0030087211635,0.0030087211635,0.00180002157867,0.510335631669,4.35965418433e-06,3.07900576217e-05,1,,,,,,0,,0.005,
Qwen/Qwen2.5-0.5B,0.5,tatsu-lab/alpaca,43,h6_0p5b_calibration,calibration_bf16_seed43,base_model.model.model.layers.0.self_attn.k_proj,layers.0.self_attn.k_proj,attention_projection,Linear,k_proj,0,24,0,fake_int8_output,bf16,projection appears sensitive under activation probe,8,26.8995800018,26.8995800018,4.00537538528,23.6096818447,26.8995800018,4.00470966101,4.00537538528,0.00292370616808,0.00292370616808,7.47412332203e-05,0.0208581462502,0.00780868530273,0.0229587554932,1,,,,,,0,,0.005,
Qwen/Qwen2.5-0.5B,0.5,tatsu-lab/alpaca,43,h6_0p5b_calibration,calibration_bf16_seed43,base_model.model.model.layers.0.self_attn.o_proj,layers.0.self_attn.o_proj,attention_projection,Linear,o_proj,0,24,0,fake_int8_output,bf16,projection appears sensitive under activation probe,8,42.7433166504,17.8280944824,42.7433166504,16.8082983494,17.8280944824,39.6001605988,42.7433166504,0.00813649169868,0.00146824182593,0.00813649169868,0.223488915712,3.26974068798e-06,1.33514409697e-05,1,,,,,,0,,0.005,
Qwen/Qwen2.5-0.5B,0.5,tatsu-lab/alpaca,43,h6_0p5b_calibration,calibration_bf16_seed43,base_model.model.model.layers.0.self_attn.q_proj,layers.0.self_attn.q_proj,attention_projection,Linear,q_proj,0,24,0,fake_int8_output,bf16,projection appears sensitive under activation probe,8,26.8995800018,26.8995800018,10.0966968536,23.6096818447,26.8995800018,10.0739805698,10.0966968536,0.00292370616808,0.00292370616808,0.000501194641402,0.104283371009,1.03541788405e-05,0.00111607147846,1,,,,,,0,,0.005,
Qwen/Qwen2.5-0.5B,0.5,tatsu-lab/alpaca,43,h6_0p5b_calibration,calibration_bf16_seed43,base_model.model.model.layers.0.self_attn.v_proj,layers.0.self_attn.v_proj,attention_projection,Linear,v_proj,0,24,0,fake_int8_output,bf16,projection appears sensitive under activation probe,8,26.8995800018,26.8995800018,10.1433954239,23.6096818447,26.8995800018,10.0444620848,10.1433954239,0.00292370616808,0.00292370616808,0.000492785897222,0.166198477149,4.95910644531e-05,0.000106811523438,1,,,,,,0,,0.005,
Qwen/Qwen2.5-0.5B,0.5,tatsu-lab/alpaca,43,h6_0p5b_calibration,calibration_bf16_seed43,base_model.model.model.layers.1.input_layernorm,layers.1.input_layernorm,norm,Qwen2RMSNorm,input_layernorm,1,24,0.0434782608696,fake_int8_output,fp32,high-sensitivity reduction/output path,8,18.6851158142,18.6183547974,18.6851158142,17.0824807882,18.6183547974,18.0442743301,18.6851158142,0.00167944999703,0.00151220425323,0.00167944999703,0.409898150712,2.17982710637e-06,5.99452457095e-06,1,,,,,,0,,0.005,
Qwen/Qwen2.5-0.5B,0.5,tatsu-lab/alpaca,43,h6_0p5b_calibration,calibration_bf16_seed43,base_model.model.model.layers.1.mlp.down_proj,layers.1.mlp.down_proj,mlp_projection,Linear,down_proj,1,24,0.0434782608696,fake_int8_output,bf16,projection appears sensitive under activation probe,8,83.7213363647,83.7213363647,20.2083435059,56.3925540447,83.7213363647,15.3371324539,20.2083435059,0.0171725701657,0.0171725701657,0.00125001410925,0.362518846989,2.17982710637e-06,4.87736318178e-05,1,,,,,,0,,0.005,
Qwen/Qwen2.5-0.5B,0.5,tatsu-lab/alpaca,43,h6_0p5b_calibration,calibration_bf16_seed43,base_model.model.model.layers.1.mlp.gate_proj,layers.1.mlp.gate_proj,mlp_projection,Linear,gate_proj,1,24,0.0434782608696,fake_int8_output,bf16,projection appears sensitive under activation probe,8,15.0343418121,15.0343418121,8.54222869873,14.6041533947,15.0343418121,7.63085126877,8.54222869873,0.00110062089516,0.00110062089516,0.000301389896777,0.0989692527801,1.20464073916e-06,2.86102175551e-06,1,,,,,,0,,0.005,
Qwen/Qwen2.5-0.5B,0.5,tatsu-lab/alpaca,43,h6_0p5b_calibration,calibration_bf16_seed43,base_model.model.model.layers.1.mlp.up_proj,layers.1.mlp.up_proj,mlp_projection,Linear,up_proj,1,24,0.0434782608696,fake_int8_output,bf16,projection appears sensitive under activation probe,8,15.0343418121,15.0343418121,10.667681694,14.6041533947,15.0343418121,9.6011146307,10.667681694,0.00110062089516,0.00110062089516,0.000478805526654,0.156601252966,1.20464073916e-06,1.95754120114e-06,1,,,,,,0,,0.005,
Qwen/Qwen2.5-0.5B,0.5,tatsu-lab/alpaca,43,h6_0p5b_calibration,calibration_bf16_seed43,base_model.model.model.layers.1.post_attention_layernorm,layers.1.post_attention_layernorm,norm,Qwen2RMSNorm,post_attention_layernorm,1,24,0.0434782608696,fake_int8_output,fp32,high-sensitivity reduction/output path,8,20.9810752869,20.9810752869,15.0343418121,19.9086918831,20.9810752869,14.6041533947,15.0343418121,0.00205321687099,0.00205321687099,0.00110062089516,0.348222594708,3.26974071641e-06,6.53948134755e-06,1,,,,,,0,,0.005,
Qwen/Qwen2.5-0.5B,0.5,tatsu-lab/alpaca,43,h6_0p5b_calibration,calibration_bf16_seed43,base_model.model.model.layers.1.self_attn.k_proj,layers.1.self_attn.k_proj,attention_projection,Linear,k_proj,1,24,0.0434782608696,fake_int8_output,bf16,projection appears sensitive under activation probe,8,18.6851158142,18.6851158142,8.05143165588,18.0442743301,18.6851158142,8.00364220142,8.05143165588,0.00167944999703,0.00167944999703,0.000323825515807,0.0208997773007,0.000129699707031,0.0078125,1,,,,,,0,,0.005,
Qwen/Qwen2.5-0.5B,0.5,tatsu-lab/alpaca,43,h6_0p5b_calibration,calibration_bf16_seed43,base_model.model.model.layers.1.self_attn.o_proj,layers.1.self_attn.o_proj,attention_projection,Linear,o_proj,1,24,0.0434782608696,fake_int8_output,bf16,projection appears sensitive under activation probe,8,17.9692840576,13.9375629425,17.9692840576,12.8347322941,13.9375629425,17.1970384121,17.9692840576,0.00152990568313,0.000853336168802,0.00152990568313,0.254570387304,2.72478388297e-06,3.24249284915e-05,1,,,,,,0,,0.005,
Qwen/Qwen2.5-0.5B,0.5,tatsu-lab/alpaca,43,h6_0p5b_calibration,calibration_bf16_seed43,base_model.model.model.layers.1.self_attn.q_proj,layers.1.self_attn.q_proj,attention_projection,Linear,q_proj,1,24,0.0434782608696,fake_int8_output,bf16,projection appears sensitive under activation probe,8,18.6851158142,18.6851158142,11.8667201996,18.0442743301,18.6851158142,11.4880878925,11.8667201996,0.00167944999703,0.00167944999703,0.00068215567444,0.159131435677,2.17982710637e-06,8.17435173417e-06,1,,,,,,0,,0.005,
Qwen/Qwen2.5-0.5B,0.5,tatsu-lab/alpaca,43,h6_0p5b_calibration,calibration_bf16_seed43,base_model.model.model.layers.1.self_attn.v_proj,layers.1.self_attn.v_proj,attention_projection,Linear,v_proj,1,24,0.0434782608696,fake_int8_output,bf16,projection appears sensitive under activation probe,8,18.6851158142,18.6851158142,10.9606513977,18.0442743301,18.6851158142,10.4687620401,10.9606513977,0.00167944999703,0.00167944999703,0.000565790767723,0.191849324852,1.52587890625e-05,0.000102996826172,1,,,,,,0,,0.005,
Qwen/Qwen2.5-0.5B,0.5,tatsu-lab/alpaca,43,h6_0p5b_calibration,calibration_bf16_seed43,base_model.model.model.layers.10.input_layernorm,layers.10.input_layernorm,norm,Qwen2RMSNorm,input_layernorm,10,24,0.434782608696,fake_int8_output,fp32,high-sensitivity reduction/output path,8,641.862487793,641.862487793,25.2354946136,637.335617065,641.862487793,24.3528587818,25.2354946136,0.0816164277494,0.0816164277494,0.00300967227668,0.560173742473,2.17982710637e-06,2.17982710637e-06,1,,,,,,0,,0.005,
Qwen/Qwen2.5-0.5B,0.5,tatsu-lab/alpaca,43,h6_0p5b_calibration,calibration_bf16_seed43,base_model.model.model.layers.10.mlp.down_proj,layers.10.mlp.down_proj,mlp_projection,Linear,down_proj,10,24,0.434782608696,fake_int8_output,bf16,projection appears sensitive under activation probe,8,22.7601261139,22.7601261139,13.6874227524,19.3948670626,22.7601261139,12.5658690929,13.6874227524,0.00193166694953,0.00193166694953,0.000816906540422,0.242975059897,2.17982710637e-06,2.72478388297e-06,1,,,,,,0,,0.005,
Qwen/Qwen2.5-0.5B,0.5,tatsu-lab/alpaca,43,h6_0p5b_calibration,calibration_bf16_seed43,base_model.model.model.layers.10.mlp.gate_proj,layers.10.mlp.gate_proj,mlp_projection,Linear,gate_proj,10,24,0.434782608696,fake_int8_output,bf16,projection appears sensitive under activation probe,8,26.50730896,26.50730896,7.00544595718,25.3727657795,26.50730896,6.42676079273,7.00544595718,0.00333015594515,0.00333015594515,0.000214498530113,0.0705733839422,1.20464073916e-06,1.18958274129e-05,1,,,,,,0,,0.005,
Qwen/Qwen2.5-0.5B,0.5,tatsu-lab/alpaca,43,h6_0p5b_calibration,calibration_bf16_seed43,base_model.model.model.layers.10.mlp.up_proj,layers.10.mlp.up_proj,mlp_projection,Linear,up_proj,10,24,0.434782608696,fake_int8_output,bf16,projection appears sensitive under activation probe,8,26.50730896,26.50730896,7.37104463577,25.3727657795,26.50730896,6.37563425303,7.37104463577,0.00333015594515,0.00333015594515,0.000212553426536,0.0697344732471,1.35522083156e-06,8.2819049112e-06,1,,,,,,0,,0.005,
Qwen/Qwen2.5-0.5B,0.5,tatsu-lab/alpaca,43,h6_0p5b_calibration,calibration_bf16_seed43,base_model.model.model.layers.10.post_attention_layernorm,layers.10.post_attention_layernorm,norm,Qwen2RMSNorm,post_attention_layernorm,10,24,0.434782608696,fake_int8_output,fp32,high-sensitivity reduction/output path,8,643.658874512,643.658874512,26.50730896,639.851081848,643.658874512,25.3727657795,26.50730896,0.0824529733509,0.0824529733509,0.00333015594515,0.667609639466,2.17982710637e-06,2.17982710637e-06,1,,,,,,0,,0.005,
Qwen/Qwen2.5-0.5B,0.5,tatsu-lab/alpaca,43,h6_0p5b_calibration,calibration_bf16_seed43,base_model.model.model.layers.10.self_attn.k_proj,layers.10.self_attn.k_proj,attention_projection,Linear,k_proj,10,24,0.434782608696,fake_int8_output,bf16,projection appears sensitive under activation probe,8,25.2354946136,25.2354946136,8.74225616455,24.3528587818,25.2354946136,7.73150122166,8.74225616455,0.00300967227668,0.00300967227668,0.000310407169309,0.0989657761529,1.52587890625e-05,5.91278076172e-05,1,,,,,,0,,0.005,
Qwen/Qwen2.5-0.5B,0.5,tatsu-lab/alpaca,43,h6_0p5b_calibration,calibration_bf16_seed43,base_model.model.model.layers.10.self_attn.o_proj,layers.10.self_attn.o_proj,attention_projection,Linear,o_proj,10,24,0.434782608696,fake_int8_output,bf16,projection appears sensitive under activation probe,8,29.5111026764,14.6412277222,29.5111026764,12.250929594,14.6412277222,27.6552109718,29.5111026764,0.00396960839862,0.00077479344327,0.00396960839862,0.40376373753,2.17982710637e-06,8.47407799824e-05,1,,,,,,0,,0.005,
Qwen/Qwen2.5-0.5B,0.5,tatsu-lab/alpaca,43,h6_0p5b_calibration,calibration_bf16_seed43,base_model.model.model.layers.10.self_attn.q_proj,layers.10.self_attn.q_proj,attention_projection,Linear,q_proj,10,24,0.434782608696,fake_int8_output,bf16,projection appears sensitive under activation probe,8,25.2354946136,25.2354946136,10.936589241,24.3528587818,25.2354946136,10.6660019159,10.936589241,0.00300967227668,0.00300967227668,0.000586494119489,0.131191624328,3.0790058446e-05,0.00107628962724,1,,,,,,0,,0.005,
Qwen/Qwen2.5-0.5B,0.5,tatsu-lab/alpaca,43,h6_0p5b_calibration,calibration_bf16_seed43,base_model.model.model.layers.10.self_attn.v_proj,layers.10.self_attn.v_proj,attention_projection,Linear,v_proj,10,24,0.434782608696,fake_int8_output,bf16,projection appears sensitive under activation probe,8,25.2354946136,25.2354946136,5.81826305389,24.3528587818,25.2354946136,4.79636198282,5.81826305389,0.00300967227668,0.00300967227668,0.000119819772408,0.0395927601494,1.52587890625e-05,0.000246047973633,1,,,,,,0,,0.005,
Qwen/Qwen2.5-0.5B,0.5,tatsu-lab/alpaca,43,h6_0p5b_calibration,calibration_bf16_seed43,base_model.model.model.layers.11.input_layernorm,layers.11.input_layernorm,norm,Qwen2RMSNorm,input_layernorm,11,24,0.478260869565,fake_int8_output,fp32,high-sensitivity reduction/output path,8,645.695922852,645.695922852,19.7611751556,642.573181152,645.695922852,18.2371897697,19.7611751556,0.0745731377974,0.0745731377974,0.00172430890962,0.374790854752,2.17982710637e-06,6.81195979269e-06,1,,,,,,0,,0.005,
Qwen/Qwen2.5-0.5B,0.5,tatsu-lab/alpaca,43,h6_0p5b_calibration,calibration_bf16_seed43,base_model.model.model.layers.11.mlp.down_proj,layers.11.mlp.down_proj,mlp_projection,Linear,down_proj,11,24,0.478260869565,fake_int8_output,bf16,projection appears sensitive under activation probe,8,32.6850700378,32.6850700378,12.1142730713,28.3180947304,32.6850700378,9.89133250713,12.1142730713,0.0040929709503,0.0040929709503,0.000512700498803,0.163740609773,2.17982710637e-06,5.44956779436e-06,1,,,,,,0,,0.005,
Qwen/Qwen2.5-0.5B,0.5,tatsu-lab/alpaca,43,h6_0p5b_calibration,calibration_bf16_seed43,base_model.model.model.layers.11.mlp.gate_proj,layers.11.mlp.gate_proj,mlp_projection,Linear,gate_proj,11,24,0.478260869565,fake_int8_output,bf16,projection appears sensitive under activation probe,8,26.9449329376,26.9449329376,7.83924770355,25.8409423828,26.9449329376,6.47337669134,7.83924770355,0.0034431120439,0.0034431120439,0.000219185558308,0.0717385960743,1.50580092395e-06,7.98074518116e-06,1,,,,,,0,,0.005,
Qwen/Qwen2.5-0.5B,0.5,tatsu-lab/alpaca,43,h6_0p5b_calibration,calibration_bf16_seed43,base_model.model.model.layers.11.mlp.up_proj,layers.11.mlp.up_proj,mlp_projection,Linear,up_proj,11,24,0.478260869565,fake_int8_output,bf16,projection appears sensitive under activation probe,8,26.9449329376,26.9449329376,7.42539215088,25.8409423828,26.9449329376,6.86090242863,7.42539215088,0.0034431120439,0.0034431120439,0.000244109365667,0.0803195470944,1.50580092395e-06,3.14712394811e-05,1,,,,,,0,,0.005,
Qwen/Qwen2.5-0.5B,0.5,tatsu-lab/alpaca,43,h6_0p5b_calibration,calibration_bf16_seed43,base_model.model.model.layers.11.post_attention_layernorm,layers.11.post_attention_layernorm,norm,Qwen2RMSNorm,post_attention_layernorm,11,24,0.478260869565,fake_int8_output,fp32,high-sensitivity reduction/output path,8,646.438598633,646.438598633,26.9449329376,643.611740112,646.438598633,25.8409423828,26.9449329376,0.0730455135927,0.0730455135927,0.0034431120439,0.692765459418,2.17982710637e-06,2.17982710637e-06,1,,,,,,0,,0.005,
Qwen/Qwen2.5-0.5B,0.5,tatsu-lab/alpaca,43,h6_0p5b_calibration,calibration_bf16_seed43,base_model.model.model.layers.11.self_attn.k_proj,layers.11.self_attn.k_proj,attention_projection,Linear,k_proj,11,24,0.478260869565,fake_int8_output,bf16,projection appears sensitive under activation probe,8,19.7611751556,19.7611751556,7.36556100845,18.2371897697,19.7611751556,6.74564617872,7.36556100845,0.00172430890962,0.00172430890962,0.000235255622101,0.0732119237073,1.52587890625e-05,5.91278076172e-05,1,,,,,,0,,0.005,
Qwen/Qwen2.5-0.5B,0.5,tatsu-lab/alpaca,43,h6_0p5b_calibration,calibration_bf16_seed43,base_model.model.model.layers.11.self_attn.o_proj,layers.11.self_attn.o_proj,attention_projection,Linear,o_proj,11,24,0.478260869565,fake_int8_output,bf16,projection appears sensitive under activation probe,8,23.0510787964,17.8881969452,23.0510787964,15.2762451172,17.8881969452,22.3843410015,23.0510787964,0.00259887083666,0.000902396961465,0.00259887083666,0.389888208359,8.99178661484e-06,0.000904628257558,1,,,,,,0,,0.005,
Qwen/Qwen2.5-0.5B,0.5,tatsu-lab/alpaca,43,h6_0p5b_calibration,calibration_bf16_seed43,base_model.model.model.layers.11.self_attn.q_proj,layers.11.self_attn.q_proj,attention_projection,Linear,q_proj,11,24,0.478260869565,fake_int8_output,bf16,projection appears sensitive under activation probe,8,19.7611751556,19.7611751556,14.2289180756,18.2371897697,19.7611751556,13.1954478025,14.2289180756,0.00172430890962,0.00172430890962,0.000899301565369,0.159458840266,3.26974068798e-06,1.47138329396e-05,1,,,,,,0,,0.005,
Qwen/Qwen2.5-0.5B,0.5,tatsu-lab/alpaca,43,h6_0p5b_calibration,calibration_bf16_seed43,base_model.model.model.layers.11.self_attn.v_proj,layers.11.self_attn.v_proj,attention_projection,Linear,v_proj,11,24,0.478260869565,fake_int8_output,bf16,projection appears sensitive under activation probe,8,19.7611751556,19.7611751556,9.08715438843,18.2371897697,19.7611751556,6.91616612673,9.08715438843,0.00172430890962,0.00172430890962,0.000255326580373,0.0841704197228,1.71661376953e-05,4.95910644531e-05,1,,,,,,0,,0.005,
Qwen/Qwen2.5-0.5B,0.5,tatsu-lab/alpaca,43,h6_0p5b_calibration,calibration_bf16_seed43,base_model.model.model.layers.12.input_layernorm,layers.12.input_layernorm,norm,Qwen2RMSNorm,input_layernorm,12,24,0.521739130435,fake_int8_output,fp32,high-sensitivity reduction/output path,8,647.673583984,647.673583984,29.0960350037,644.613182068,647.673583984,27.9753830433,29.0960350037,0.069586571306,0.069586571306,0.00399440742331,0.64264767617,2.17982710637e-06,2.17982710637e-06,1,,,,,,0,,0.005,
Qwen/Qwen2.5-0.5B,0.5,tatsu-lab/alpaca,43,h6_0p5b_calibration,calibration_bf16_seed43,base_model.model.model.layers.12.mlp.down_proj,layers.12.mlp.down_proj,mlp_projection,Linear,down_proj,12,24,0.521739130435,fake_int8_output,bf16,projection appears sensitive under activation probe,8,47.0049781799,47.0049781799,14.1094989777,27.2774043083,47.0049781799,13.3848634958,14.1094989777,0.0041728408687,0.0041728408687,0.000927870300075,0.272567631677,2.17982710637e-06,2.72478388297e-06,1,,,,,,0,,0.005,
Qwen/Qwen2.5-0.5B,0.5,tatsu-lab/alpaca,43,h6_0p5b_calibration,calibration_bf16_seed43,base_model.model.model.layers.12.mlp.gate_proj,layers.12.mlp.gate_proj,mlp_projection,Linear,gate_proj,12,24,0.521739130435,fake_int8_output,bf16,projection appears sensitive under activation probe,8,24.387834549,24.387834549,8.67324256897,23.6015934944,24.387834549,7.13012212515,8.67324256897,0.00287746690447,0.00287746690447,0.000267007997536,0.0888082217425,1.20464073916e-06,1.24981477825e-05,1,,,,,,0,,0.005,
Qwen/Qwen2.5-0.5B,0.5,tatsu-lab/alpaca,43,h6_0p5b_calibration,calibration_bf16_seed43,base_model.model.model.layers.12.mlp.up_proj,layers.12.mlp.up_proj,mlp_projection,Linear,up_proj,12,24,0.521739130435,fake_int8_output,bf16,projection appears sensitive under activation probe,8,24.387834549,24.387834549,8.24725437164,23.6015934944,24.387834549,7.22753614187,8.24725437164,0.00287746690447,0.00287746690447,0.000271081235041,0.0891402577981,1.35522083156e-06,2.5749195629e-05,1,,,,,,0,,0.005,
Qwen/Qwen2.5-0.5B,0.5,tatsu-lab/alpaca,43,h6_0p5b_calibration,calibration_bf16_seed43,base_model.model.model.layers.12.post_attention_layernorm,layers.12.post_attention_layernorm,norm,Qwen2RMSNorm,post_attention_layernorm,12,24,0.521739130435,fake_int8_output,fp32,high-sensitivity reduction/output path,8,647.622253418,647.622253418,24.387834549,644.678588867,647.622253418,23.6015934944,24.387834549,0.0696458853781,0.0696458853781,0.00287746690447,0.61209641397,2.17982710637e-06,2.17982710637e-06,1,,,,,,0,,0.005,
Qwen/Qwen2.5-0.5B,0.5,tatsu-lab/alpaca,43,h6_0p5b_calibration,calibration_bf16_seed43,base_model.model.model.layers.12.self_attn.k_proj,layers.12.self_attn.k_proj,attention_projection,Linear,k_proj,12,24,0.521739130435,fake_int8_output,bf16,projection appears sensitive under activation probe,8,29.0960350037,29.0960350037,6.17331504822,27.9753830433,29.0960350037,5.91057324409,6.17331504822,0.00399440742331,0.00399440742331,0.000180532897502,0.0603809528984,1.52587890625e-05,9.53674316406e-05,1,,,,,,0,,0.005,
Qwen/Qwen2.5-0.5B,0.5,tatsu-lab/alpaca,43,h6_0p5b_calibration,calibration_bf16_seed43,base_model.model.model.layers.12.self_attn.o_proj,layers.12.self_attn.o_proj,attention_projection,Linear,o_proj,12,24,0.521739130435,fake_int8_output,bf16,projection appears sensitive under activation probe,8,23.2403297424,21.397611618,23.2403297424,17.6595014334,21.397611618,19.6811931133,23.2403297424,0.00202980492031,0.00165629739786,0.00202980492031,0.445266086608,2.17982710637e-06,4.90461110303e-06,1,,,,,,0,,0.005,
Qwen/Qwen2.5-0.5B,0.5,tatsu-lab/alpaca,43,h6_0p5b_calibration,calibration_bf16_seed43,base_model.model.model.layers.12.self_attn.q_proj,layers.12.self_attn.q_proj,attention_projection,Linear,q_proj,12,24,0.521739130435,fake_int8_output,bf16,projection appears sensitive under activation probe,8,29.0960350037,29.0960350037,11.5114307404,27.9753830433,29.0960350037,11.318415761,11.5114307404,0.00399440742331,0.00399440742331,0.000661735772155,0.150721764192,2.17982710637e-06,0.000347409945164,1,,,,,,0,,0.005,
Qwen/Qwen2.5-0.5B,0.5,tatsu-lab/alpaca,43,h6_0p5b_calibration,calibration_bf16_seed43,base_model.model.model.layers.12.self_attn.v_proj,layers.12.self_attn.v_proj,attention_projection,Linear,v_proj,12,24,0.521739130435,fake_int8_output,bf16,projection appears sensitive under activation probe,8,29.0960350037,29.0960350037,5.49273920059,27.9753830433,29.0960350037,4.69683778286,5.49273920059,0.00399440742331,0.00399440742331,0.000115427955279,0.0378152080812,1.52587890625e-05,4.38690185547e-05,1,,,,,,0,,0.005,
Qwen/Qwen2.5-0.5B,0.5,tatsu-lab/alpaca,43,h6_0p5b_calibration,calibration_bf16_seed43,base_model.model.model.layers.13.input_layernorm,layers.13.input_layernorm,norm,Qwen2RMSNorm,input_layernorm,13,24,0.565217391304,fake_int8_output,fp32,high-sensitivity reduction/output path,8,649.295349121,649.295349121,21.6037311554,646.916358948,649.295349121,21.3467442989,21.6037311554,0.062734156847,0.062734156847,0.00234872254077,0.48314467445,2.17982710637e-06,2.17982710637e-06,1,,,,,,0,,0.005,
Qwen/Qwen2.5-0.5B,0.5,tatsu-lab/alpaca,43,h6_0p5b_calibration,calibration_bf16_seed43,base_model.model.model.layers.13.mlp.down_proj,layers.13.mlp.down_proj,mlp_projection,Linear,down_proj,13,24,0.565217391304,fake_int8_output,bf16,projection appears sensitive under activation probe,8,54.6125450134,54.6125450134,10.8900718689,50.2038273811,54.6125450134,9.60748302937,10.8900718689,0.0122552239336,0.0122552239336,0.000479569927847,0.148559593596,2.17982710637e-06,2.72478388297e-06,1,,,,,,0,,0.005,
Qwen/Qwen2.5-0.5B,0.5,tatsu-lab/alpaca,43,h6_0p5b_calibration,calibration_bf16_seed43,base_model.model.model.layers.13.mlp.gate_proj,layers.13.mlp.gate_proj,mlp_projection,Linear,gate_proj,13,24,0.565217391304,fake_int8_output,bf16,projection appears sensitive under activation probe,8,22.8243637085,22.8243637085,9.36991786957,22.3921322823,22.8243637085,7.75702190399,9.36991786957,0.00258871403639,0.00258871403639,0.000314332937705,0.102947832085,1.50580092395e-06,2.95136985642e-05,1,,,,,,0,,0.005,
Qwen/Qwen2.5-0.5B,0.5,tatsu-lab/alpaca,43,h6_0p5b_calibration,calibration_bf16_seed43,base_model.model.model.layers.13.mlp.up_proj,layers.13.mlp.up_proj,mlp_projection,Linear,up_proj,13,24,0.565217391304,fake_int8_output,bf16,projection appears sensitive under activation probe,8,22.8243637085,22.8243637085,9.22373962402,22.3921322823,22.8243637085,8.80885517597,9.22373962402,0.00258871403639,0.00258871403639,0.000401250574214,0.131374700926,1.50580092395e-06,8.44754310947e-05,1,,,,,,0,,0.005,
Qwen/Qwen2.5-0.5B,0.5,tatsu-lab/alpaca,43,h6_0p5b_calibration,calibration_bf16_seed43,base_model.model.model.layers.13.post_attention_layernorm,layers.13.post_attention_layernorm,norm,Qwen2RMSNorm,post_attention_layernorm,13,24,0.565217391304,fake_int8_output,fp32,high-sensitivity reduction/output path,8,649.449829102,649.449829102,22.8243637085,647.464660645,649.449829102,22.3921322823,22.8243637085,0.0614456441253,0.0614456441253,0.00258871403639,0.591549508274,2.17982710637e-06,2.17982710637e-06,1,,,,,,0,,0.005,
Qwen/Qwen2.5-0.5B,0.5,tatsu-lab/alpaca,43,h6_0p5b_calibration,calibration_bf16_seed43,base_model.model.model.layers.13.self_attn.k_proj,layers.13.self_attn.k_proj,attention_projection,Linear,k_proj,13,24,0.565217391304,fake_int8_output,bf16,projection appears sensitive under activation probe,8,21.6037311554,21.6037311554,5.63754892349,21.3467442989,21.6037311554,5.07908457518,5.63754892349,0.00234872254077,0.00234872254077,0.000133872109473,0.0432165404782,1.71661376953e-05,5.14984130859e-05,1,,,,,,0,,0.005,
Qwen/Qwen2.5-0.5B,0.5,tatsu-lab/alpaca,43,h6_0p5b_calibration,calibration_bf16_seed43,base_model.model.model.layers.13.self_attn.o_proj,layers.13.self_attn.o_proj,attention_projection,Linear,o_proj,13,24,0.565217391304,fake_int8_output,bf16,projection appears sensitive under activation probe,8,29.3262577057,14.5452537537,29.3262577057,12.6451584101,14.5452537537,25.284291029,29.3262577057,0.00335156192887,0.000761146337027,0.00335156192887,0.423300497234,2.45230549467e-06,0.000165121902285,1,,,,,,0,,0.005,
Qwen/Qwen2.5-0.5B,0.5,tatsu-lab/alpaca,43,h6_0p5b_calibration,calibration_bf16_seed43,base_model.model.model.layers.13.self_attn.q_proj,layers.13.self_attn.q_proj,attention_projection,Linear,q_proj,13,24,0.565217391304,fake_int8_output,bf16,projection appears sensitive under activation probe,8,21.6037311554,21.6037311554,9.55811691284,21.3467442989,21.6037311554,9.0942658186,9.55811691284,0.00234872254077,0.00234872254077,0.000427691251389,0.108917727135,2.72478388297e-06,5.61305489555e-05,1,,,,,,0,,0.005,
Qwen/Qwen2.5-0.5B,0.5,tatsu-lab/alpaca,43,h6_0p5b_calibration,calibration_bf16_seed43,base_model.model.model.layers.13.self_attn.v_proj,layers.13.self_attn.v_proj,attention_projection,Linear,v_proj,13,24,0.565217391304,fake_int8_output,bf16,projection appears sensitive under activation probe,8,21.6037311554,21.6037311554,5.36330127716,21.3467442989,21.6037311554,4.69652423263,5.36330127716,0.00234872254077,0.00234872254077,0.000115101789561,0.0373993713874,1.90734863281e-05,0.000284194946289,1,,,,,,0,,0.005,
Qwen/Qwen2.5-0.5B,0.5,tatsu-lab/alpaca,43,h6_0p5b_calibration,calibration_bf16_seed43,base_model.model.model.layers.14.input_layernorm,layers.14.input_layernorm,norm,Qwen2RMSNorm,input_layernorm,14,24,0.608695652174,fake_int8_output,fp32,high-sensitivity reduction/output path,8,646.938171387,646.938171387,23.9644355774,642.887374878,646.938171387,23.1810534,23.9644355774,0.0742535358295,0.0742535358295,0.00276006295462,0.546544589102,2.17982710637e-06,2.17982710637e-06,1,,,,,,0,,0.005,
Qwen/Qwen2.5-0.5B,0.5,tatsu-lab/alpaca,43,h6_0p5b_calibration,calibration_bf16_seed43,base_model.model.model.layers.14.mlp.down_proj,layers.14.mlp.down_proj,mlp_projection,Linear,down_proj,14,24,0.608695652174,fake_int8_output,bf16,projection appears sensitive under activation probe,8,68.3290023804,68.3290023804,10.2350931168,53.568649292,68.3290023804,7.56451112032,10.2350931168,0.0139901252696,0.0139901252696,0.000301882937492,0.0979134356603,2.45230549467e-06,5.99452459937e-06,1,,,,,,0,,0.005,
Qwen/Qwen2.5-0.5B,0.5,tatsu-lab/alpaca,43,h6_0p5b_calibration,calibration_bf16_seed43,base_model.model.model.layers.14.mlp.gate_proj,layers.14.mlp.gate_proj,mlp_projection,Linear,gate_proj,14,24,0.608695652174,fake_int8_output,bf16,projection appears sensitive under activation probe,8,18.5001392365,18.5001392365,8.20399188995,18.0378837585,18.5001392365,7.10895293951,8.20399188995,0.00168061445584,0.00168061445584,0.00026263446307,0.0872557535768,1.20464073916e-06,3.76450242356e-06,1,,,,,,0,,0.005,
Qwen/Qwen2.5-0.5B,0.5,tatsu-lab/alpaca,43,h6_0p5b_calibration,calibration_bf16_seed43,base_model.model.model.layers.14.mlp.up_proj,layers.14.mlp.up_proj,mlp_projection,Linear,up_proj,14,24,0.608695652174,fake_int8_output,bf16,projection appears sensitive under activation probe,8,18.5001392365,18.5001392365,7.56517601013,18.0378837585,18.5001392365,5.77870243788,7.56517601013,0.00168061445584,0.00168061445584,0.000176088446096,0.0578327216208,1.35522083156e-06,6.32436388059e-06,1,,,,,,0,,0.005,
Qwen/Qwen2.5-0.5B,0.5,tatsu-lab/alpaca,43,h6_0p5b_calibration,calibration_bf16_seed43,base_model.model.model.layers.14.post_attention_layernorm,layers.14.post_attention_layernorm,norm,Qwen2RMSNorm,post_attention_layernorm,14,24,0.608695652174,fake_int8_output,fp32,high-sensitivity reduction/output path,8,647.146972656,647.146972656,18.5001392365,643.362190247,647.146972656,18.0378837585,18.5001392365,0.0727736884728,0.0727736884728,0.00168061445584,0.429679691792,2.45230549467e-06,7.90187334587e-06,1,,,,,,0,,0.005,
Qwen/Qwen2.5-0.5B,0.5,tatsu-lab/alpaca,43,h6_0p5b_calibration,calibration_bf16_seed43,base_model.model.model.layers.14.self_attn.k_proj,layers.14.self_attn.k_proj,attention_projection,Linear,k_proj,14,24,0.608695652174,fake_int8_output,bf16,projection appears sensitive under activation probe,8,23.9644355774,23.9644355774,8.29641246796,23.1810534,23.9644355774,7.28747409582,8.29641246796,0.00276006295462,0.00276006295462,0.000275468801192,0.101183878258,1.90734863281e-05,5.53131103516e-05,1,,,,,,0,,0.005,
Qwen/Qwen2.5-0.5B,0.5,tatsu-lab/alpaca,43,h6_0p5b_calibration,calibration_bf16_seed43,base_model.model.model.layers.14.self_attn.o_proj,layers.14.self_attn.o_proj,attention_projection,Linear,o_proj,14,24,0.608695652174,fake_int8_output,bf16,projection appears sensitive under activation probe,8,36.8490066528,15.3169641495,36.8490066528,11.9308696985,15.3169641495,30.1715676785,36.8490066528,0.00486494382494,0.000713876608643,0.00486494382494,0.545302301645,2.17982710637e-06,4.0871758813e-06,1,,,,,,0,,0.005,
Qwen/Qwen2.5-0.5B,0.5,tatsu-lab/alpaca,43,h6_0p5b_calibration,calibration_bf16_seed43,base_model.model.model.layers.14.self_attn.q_proj,layers.14.self_attn.q_proj,attention_projection,Linear,q_proj,14,24,0.608695652174,fake_int8_output,bf16,projection appears sensitive under activation probe,8,23.9644355774,23.9644355774,8.8409318924,23.1810534,23.9644355774,8.69576120377,8.8409318924,0.00276006295462,0.00276006295462,0.00039062851647,0.111118822359,2.17982710637e-06,7.629394986e-06,1,,,,,,0,,0.005,
Qwen/Qwen2.5-0.5B,0.5,tatsu-lab/alpaca,43,h6_0p5b_calibration,calibration_bf16_seed43,base_model.model.model.layers.14.self_attn.v_proj,layers.14.self_attn.v_proj,attention_projection,Linear,v_proj,14,24,0.608695652174,fake_int8_output,bf16,projection appears sensitive under activation probe,8,23.9644355774,23.9644355774,5.24256372452,23.1810534,23.9644355774,4.31847503781,5.24256372452,0.00276006295462,0.00276006295462,9.73104915829e-05,0.0318840905093,1.71661376953e-05,9.53674316406e-05,1,,,,,,0,,0.005,
Qwen/Qwen2.5-0.5B,0.5,tatsu-lab/alpaca,43,h6_0p5b_calibration,calibration_bf16_seed43,base_model.model.model.layers.15.input_layernorm,layers.15.input_layernorm,norm,Qwen2RMSNorm,input_layernorm,15,24,0.652173913043,fake_int8_output,fp32,high-sensitivity reduction/output path,8,641.762207031,641.762207031,25.1983718872,638.829078674,641.762207031,24.578353405,25.1983718872,0.0845577390864,0.0845577390864,0.00310945027741,0.507870074362,2.17982710637e-06,2.17982710637e-06,1,,,,,,0,,0.005,
Qwen/Qwen2.5-0.5B,0.5,tatsu-lab/alpaca,43,h6_0p5b_calibration,calibration_bf16_seed43,base_model.model.model.layers.15.mlp.down_proj,layers.15.mlp.down_proj,mlp_projection,Linear,down_proj,15,24,0.652173913043,fake_int8_output,bf16,projection appears sensitive under activation probe,8,29.305847168,29.305847168,15.3934869766,24.3290344477,29.305847168,13.0091875792,15.3934869766,0.0030830562464,0.0030830562464,0.00089238007422,0.263549359515,2.17982710637e-06,1.11716139486e-05,1,,,,,,0,,0.005,
Qwen/Qwen2.5-0.5B,0.5,tatsu-lab/alpaca,43,h6_0p5b_calibration,calibration_bf16_seed43,base_model.model.model.layers.15.mlp.gate_proj,layers.15.mlp.gate_proj,mlp_projection,Linear,gate_proj,15,24,0.652173913043,fake_int8_output,bf16,projection appears sensitive under activation probe,8,20.7558917999,20.7558917999,6.2681016922,20.4598562717,20.7558917999,5.54075276852,6.2681016922,0.00216031234595,0.00216031234595,0.000160062499162,0.0529524930753,1.20464073916e-06,9.63712597013e-06,1,,,,,,0,,0.005,
Qwen/Qwen2.5-0.5B,0.5,tatsu-lab/alpaca,43,h6_0p5b_calibration,calibration_bf16_seed43,base_model.model.model.layers.15.mlp.up_proj,layers.15.mlp.up_proj,mlp_projection,Linear,up_proj,15,24,0.652173913043,fake_int8_output,bf16,projection appears sensitive under activation probe,8,20.7558917999,20.7558917999,7.13497209549,20.4598562717,20.7558917999,6.41211307049,7.13497209549,0.00216031234595,0.00216031234595,0.000213701760003,0.070183285512,1.20464073916e-06,9.33596589903e-06,1,,,,,,0,,0.005,
Qwen/Qwen2.5-0.5B,0.5,tatsu-lab/alpaca,43,h6_0p5b_calibration,calibration_bf16_seed43,base_model.model.model.layers.15.post_attention_layernorm,layers.15.post_attention_layernorm,norm,Qwen2RMSNorm,post_attention_layernorm,15,24,0.652173913043,fake_int8_output,fp32,high-sensitivity reduction/output path,8,641.676452637,641.676452637,20.7558917999,639.278587341,641.676452637,20.4598562717,20.7558917999,0.0831199288368,0.0831199288368,0.00216031234595,0.512163545936,2.17982710637e-06,3.26974065956e-06,1,,,,,,0,,0.005,
Qwen/Qwen2.5-0.5B,0.5,tatsu-lab/alpaca,43,h6_0p5b_calibration,calibration_bf16_seed43,base_model.model.model.layers.15.self_attn.k_proj,layers.15.self_attn.k_proj,attention_projection,Linear,k_proj,15,24,0.652173913043,fake_int8_output,bf16,projection appears sensitive under activation probe,8,25.1983718872,25.1983718872,6.58204269409,24.578353405,25.1983718872,6.09426128864,6.58204269409,0.00310945027741,0.00310945027741,0.000191978100702,0.0629745335318,1.52587890625e-05,0.000101089477539,1,,,,,,0,,0.005,
Qwen/Qwen2.5-0.5B,0.5,tatsu-lab/alpaca,43,h6_0p5b_calibration,calibration_bf16_seed43,base_model.model.model.layers.15.self_attn.o_proj,layers.15.self_attn.o_proj,attention_projection,Linear,o_proj,15,24,0.652173913043,fake_int8_output,bf16,projection appears sensitive under activation probe,8,20.6836662292,15.2318181992,20.6836662292,12.8487919569,15.2318181992,18.8577599525,20.6836662292,0.00184478260053,0.000895688164746,0.00184478260053,0.354502521455,0.000164031988731,0.000497818019312,1,,,,,,0,,0.005,
Qwen/Qwen2.5-0.5B,0.5,tatsu-lab/alpaca,43,h6_0p5b_calibration,calibration_bf16_seed43,base_model.model.model.layers.15.self_attn.q_proj,layers.15.self_attn.q_proj,attention_projection,Linear,q_proj,15,24,0.652173913043,fake_int8_output,bf16,projection appears sensitive under activation probe,8,25.1983718872,25.1983718872,9.30567359924,24.578353405,25.1983718872,9.01593852043,9.30567359924,0.00310945027741,0.00310945027741,0.000420725864387,0.107355806045,2.72478388297e-06,0.000279835302536,1,,,,,,0,,0.005,
Qwen/Qwen2.5-0.5B,0.5,tatsu-lab/alpaca,43,h6_0p5b_calibration,calibration_bf16_seed43,base_model.model.model.layers.15.self_attn.v_proj,layers.15.self_attn.v_proj,attention_projection,Linear,v_proj,15,24,0.652173913043,fake_int8_output,bf16,projection appears sensitive under activation probe,8,25.1983718872,25.1983718872,4.92301416397,24.578353405,25.1983718872,4.33181649446,4.92301416397,0.00310945027741,0.00310945027741,9.79625401669e-05,0.0324587435462,1.52587890625e-05,5.72204589844e-05,1,,,,,,0,,0.005,
Qwen/Qwen2.5-0.5B,0.5,tatsu-lab/alpaca,43,h6_0p5b_calibration,calibration_bf16_seed43,base_model.model.model.layers.16.input_layernorm,layers.16.input_layernorm,norm,Qwen2RMSNorm,input_layernorm,16,24,0.695652173913,fake_int8_output,fp32,high-sensitivity reduction/output path,8,643.562194824,643.562194824,22.7894515991,639.711288452,643.562194824,22.1049730778,22.7894515991,0.0788383930922,0.0788383930922,0.00252156422357,0.422378245741,2.17982710637e-06,2.45230549467e-06,1,,,,,,0,,0.005,
Qwen/Qwen2.5-0.5B,0.5,tatsu-lab/alpaca,43,h6_0p5b_calibration,calibration_bf16_seed43,base_model.model.model.layers.16.mlp.down_proj,layers.16.mlp.down_proj,mlp_projection,Linear,down_proj,16,24,0.695652173913,fake_int8_output,bf16,projection appears sensitive under activation probe,8,59.4644546509,59.4644546509,18.758638382,39.8810880184,59.4644546509,17.3387724161,18.758638382,0.00837958499324,0.00837958499324,0.00155878727674,0.471255037934,2.17982710637e-06,4.35965421275e-06,1,,,,,,0,,0.005,
Qwen/Qwen2.5-0.5B,0.5,tatsu-lab/alpaca,43,h6_0p5b_calibration,calibration_bf16_seed43,base_model.model.model.layers.16.mlp.gate_proj,layers.16.mlp.gate_proj,mlp_projection,Linear,gate_proj,16,24,0.695652173913,fake_int8_output,bf16,projection appears sensitive under activation probe,8,24.9396820068,24.9396820068,7.59858512878,21.9507482052,24.9396820068,6.44435685873,7.59858512878,0.00251097528962,0.00251097528962,0.000216926206122,0.0715548554435,1.20464073916e-06,3.76450236672e-06,1,,,,,,0,,0.005,
Qwen/Qwen2.5-0.5B,0.5,tatsu-lab/alpaca,43,h6_0p5b_calibration,calibration_bf16_seed43,base_model.model.model.layers.16.mlp.up_proj,layers.16.mlp.up_proj,mlp_projection,Linear,up_proj,16,24,0.695652173913,fake_int8_output,bf16,projection appears sensitive under activation probe,8,24.9396820068,24.9396820068,8.64221477509,21.9507482052,24.9396820068,7.06607294083,8.64221477509,0.00251097528962,0.00251097528962,0.000263349280431,0.0871126251295,1.35522083156e-06,2.40928147832e-06,1,,,,,,0,,0.005,
Qwen/Qwen2.5-0.5B,0.5,tatsu-lab/alpaca,43,h6_0p5b_calibration,calibration_bf16_seed43,base_model.model.model.layers.16.post_attention_layernorm,layers.16.post_attention_layernorm,norm,Qwen2RMSNorm,post_attention_layernorm,16,24,0.695652173913,fake_int8_output,fp32,high-sensitivity reduction/output path,8,643.530517578,643.530517578,24.9396820068,639.591178894,643.530517578,21.9507482052,24.9396820068,0.079273276031,0.079273276031,0.00251097528962,0.546091284603,2.17982710637e-06,1.14440923085e-05,1,,,,,,0,,0.005,
Qwen/Qwen2.5-0.5B,0.5,tatsu-lab/alpaca,43,h6_0p5b_calibration,calibration_bf16_seed43,base_model.model.model.layers.16.self_attn.k_proj,layers.16.self_attn.k_proj,attention_projection,Linear,k_proj,16,24,0.695652173913,fake_int8_output,bf16,projection appears sensitive under activation probe,8,22.7894515991,22.7894515991,6.29259347916,22.1049730778,22.7894515991,5.4986025691,6.29259347916,0.00252156422357,0.00252156422357,0.000157682336067,0.0543300411664,1.52587890625e-05,5.14984130859e-05,1,,,,,,0,,0.005,
Qwen/Qwen2.5-0.5B,0.5,tatsu-lab/alpaca,43,h6_0p5b_calibration,calibration_bf16_seed43,base_model.model.model.layers.16.self_attn.o_proj,layers.16.self_attn.o_proj,attention_projection,Linear,o_proj,16,24,0.695652173913,fake_int8_output,bf16,projection appears sensitive under activation probe,8,78.2128753662,55.1276283264,78.2128753662,41.8019752502,55.1276283264,50.6107726097,78.2128753662,0.0138698461233,0.00958982680459,0.0138698461233,0.430213656276,2.45230549467e-06,2.99726229969e-06,1,,,,,,0,,0.005,
Qwen/Qwen2.5-0.5B,0.5,tatsu-lab/alpaca,43,h6_0p5b_calibration,calibration_bf16_seed43,base_model.model.model.layers.16.self_attn.q_proj,layers.16.self_attn.q_proj,attention_projection,Linear,q_proj,16,24,0.695652173913,fake_int8_output,bf16,projection appears sensitive under activation probe,8,22.7894515991,22.7894515991,9.72171115875,22.1049730778,22.7894515991,9.31118643284,9.72171115875,0.00252156422357,0.00252156422357,0.000446471083706,0.093362194486,4.35965426959e-06,0.00185394294385,1,,,,,,0,,0.005,
Qwen/Qwen2.5-0.5B,0.5,tatsu-lab/alpaca,43,h6_0p5b_calibration,calibration_bf16_seed43,base_model.model.model.layers.16.self_attn.v_proj,layers.16.self_attn.v_proj,attention_projection,Linear,v_proj,16,24,0.695652173913,fake_int8_output,bf16,projection appears sensitive under activation probe,8,22.7894515991,22.7894515991,9.26236724854,22.1049730778,22.7894515991,6.30416637659,9.26236724854,0.00252156422357,0.00252156422357,0.000213365090531,0.0713489577174,1.52587890625e-05,4.19616699219e-05,1,,,,,,0,,0.005,
Qwen/Qwen2.5-0.5B,0.5,tatsu-lab/alpaca,43,h6_0p5b_calibration,calibration_bf16_seed43,base_model.model.model.layers.17.input_layernorm,layers.17.input_layernorm,norm,Qwen2RMSNorm,input_layernorm,17,24,0.739130434783,fake_int8_output,fp32,high-sensitivity reduction/output path,8,639.429077148,639.429077148,19.2791290283,633.769165039,639.429077148,17.732298851,19.2791290283,0.0896923569962,0.0896923569962,0.00163395368145,0.357491981238,2.17982710637e-06,1.03541787269e-05,1,,,,,,0,,0.005,
Qwen/Qwen2.5-0.5B,0.5,tatsu-lab/alpaca,43,h6_0p5b_calibration,calibration_bf16_seed43,base_model.model.model.layers.17.mlp.down_proj,layers.17.mlp.down_proj,mlp_projection,Linear,down_proj,17,24,0.739130434783,fake_int8_output,bf16,projection appears sensitive under activation probe,8,60.8891639709,60.8891639709,12.4591302872,58.0117635727,60.8891639709,11.6194024086,12.4591302872,0.0160064043012,0.0160064043012,0.000699595249898,0.218789612874,2.17982710637e-06,1.03541787553e-05,1,,,,,,0,,0.005,
Qwen/Qwen2.5-0.5B,0.5,tatsu-lab/alpaca,43,h6_0p5b_calibration,calibration_bf16_seed43,base_model.model.model.layers.17.mlp.gate_proj,layers.17.mlp.gate_proj,mlp_projection,Linear,gate_proj,17,24,0.739130434783,fake_int8_output,bf16,projection appears sensitive under activation probe,8,26.7622699738,26.7622699738,8.52031803131,23.9272251129,26.7622699738,6.23211842775,8.52031803131,0.00296834600158,0.00296834600158,0.000207028653676,0.0672665932216,1.20464073916e-06,6.02320363896e-06,1,,,,,,0,,0.005,
Qwen/Qwen2.5-0.5B,0.5,tatsu-lab/alpaca,43,h6_0p5b_calibration,calibration_bf16_seed43,base_model.model.model.layers.17.mlp.up_proj,layers.17.mlp.up_proj,mlp_projection,Linear,up_proj,17,24,0.739130434783,fake_int8_output,bf16,projection appears sensitive under activation probe,8,26.7622699738,26.7622699738,7.5507774353,23.9272251129,26.7622699738,6.40062922239,7.5507774353,0.00296834600158,0.00296834600158,0.000213087012526,0.0699105816893,1.20464073916e-06,1.12935070433e-05,1,,,,,,0,,0.005,
Qwen/Qwen2.5-0.5B,0.5,tatsu-lab/alpaca,43,h6_0p5b_calibration,calibration_bf16_seed43,base_model.model.model.layers.17.post_attention_layernorm,layers.17.post_attention_layernorm,norm,Qwen2RMSNorm,post_attention_layernorm,17,24,0.739130434783,fake_int8_output,fp32,high-sensitivity reduction/output path,8,638.562744141,638.562744141,26.7622699738,632.283653259,638.562744141,23.9272251129,26.7622699738,0.0914749959484,0.0914749959484,0.00296834600158,0.592478916049,2.72478388297e-06,1.607622454e-05,1,,,,,,0,,0.005,
Qwen/Qwen2.5-0.5B,0.5,tatsu-lab/alpaca,43,h6_0p5b_calibration,calibration_bf16_seed43,base_model.model.model.layers.17.self_attn.k_proj,layers.17.self_attn.k_proj,attention_projection,Linear,k_proj,17,24,0.739130434783,fake_int8_output,bf16,projection appears sensitive under activation probe,8,19.2791290283,19.2791290283,7.90600776672,17.732298851,19.2791290283,6.59494769573,7.90600776672,0.00163395368145,0.00163395368145,0.00022634650486,0.0755344326608,1.52587890625e-05,9.1552734375e-05,1,,,,,,0,,0.005,
Qwen/Qwen2.5-0.5B,0.5,tatsu-lab/alpaca,43,h6_0p5b_calibration,calibration_bf16_seed43,base_model.model.model.layers.17.self_attn.o_proj,layers.17.self_attn.o_proj,attention_projection,Linear,o_proj,17,24,0.739130434783,fake_int8_output,bf16,projection appears sensitive under activation probe,8,25.7964248657,18.0383911133,25.7964248657,14.0354591608,18.0383911133,19.9502265453,25.7964248657,0.00211311064777,0.00101190988062,0.00211311064777,0.41885676235,2.17982710637e-06,7.35691656928e-06,1,,,,,,0,,0.005,
Qwen/Qwen2.5-0.5B,0.5,tatsu-lab/alpaca,43,h6_0p5b_calibration,calibration_bf16_seed43,base_model.model.model.layers.17.self_attn.q_proj,layers.17.self_attn.q_proj,attention_projection,Linear,q_proj,17,24,0.739130434783,fake_int8_output,bf16,projection appears sensitive under activation probe,8,19.2791290283,19.2791290283,9.1715221405,17.732298851,19.2791290283,8.60267055035,9.1715221405,0.00163395368145,0.00163395368145,0.000382812941098,0.10713612102,2.72478388297e-06,0.000597272614101,1,,,,,,0,,0.005,
Qwen/Qwen2.5-0.5B,0.5,tatsu-lab/alpaca,43,h6_0p5b_calibration,calibration_bf16_seed43,base_model.model.model.layers.17.self_attn.v_proj,layers.17.self_attn.v_proj,attention_projection,Linear,v_proj,17,24,0.739130434783,fake_int8_output,bf16,projection appears sensitive under activation probe,8,19.2791290283,19.2791290283,8.89566421509,17.732298851,19.2791290283,7.33890813589,8.89566421509,0.00163395368145,0.00163395368145,0.000282576653262,0.0935888625681,1.52587890625e-05,3.43322753906e-05,1,,,,,,0,,0.005,
Qwen/Qwen2.5-0.5B,0.5,tatsu-lab/alpaca,43,h6_0p5b_calibration,calibration_bf16_seed43,base_model.model.model.layers.18.input_layernorm,layers.18.input_layernorm,norm,Qwen2RMSNorm,input_layernorm,18,24,0.782608695652,fake_int8_output,fp32,high-sensitivity reduction/output path,8,614.638122559,614.638122559,18.7942733765,607.091178894,614.638122559,18.1877880096,18.7942733765,0.145007772371,0.145007772371,0.00170904876722,0.360196955502,2.17982710637e-06,6.53948134755e-06,1,,,,,,0,,0.005,
Qwen/Qwen2.5-0.5B,0.5,tatsu-lab/alpaca,43,h6_0p5b_calibration,calibration_bf16_seed43,base_model.model.model.layers.18.mlp.down_proj,layers.18.mlp.down_proj,mlp_projection,Linear,down_proj,18,24,0.782608695652,fake_int8_output,bf16,projection appears sensitive under activation probe,8,46.6112861633,46.6112861633,17.557258606,39.8947620392,46.6112861633,15.3446702957,17.557258606,0.00814540270949,0.00814540270949,0.00122387979354,0.361434280872,2.17982710637e-06,3.26974068798e-06,1,,,,,,0,,0.005,
Qwen/Qwen2.5-0.5B,0.5,tatsu-lab/alpaca,43,h6_0p5b_calibration,calibration_bf16_seed43,base_model.model.model.layers.18.mlp.gate_proj,layers.18.mlp.gate_proj,mlp_projection,Linear,gate_proj,18,24,0.782608695652,fake_int8_output,bf16,projection appears sensitive under activation probe,8,23.5756893158,23.5756893158,6.61069059372,22.7165284157,23.5756893158,5.32107627392,6.61069059372,0.00266348040896,0.00266348040896,0.000148817800437,0.048750851769,1.20464073916e-06,1.2196987484e-05,1,,,,,,0,,0.005,
Qwen/Qwen2.5-0.5B,0.5,tatsu-lab/alpaca,43,h6_0p5b_calibration,calibration_bf16_seed43,base_model.model.model.layers.18.mlp.up_proj,layers.18.mlp.up_proj,mlp_projection,Linear,up_proj,18,24,0.782608695652,fake_int8_output,bf16,projection appears sensitive under activation probe,8,23.5756893158,23.5756893158,8.9105682373,22.7165284157,23.5756893158,8.40388053656,8.9105682373,0.00266348040896,0.00266348040896,0.000365158033674,0.119405830279,2.71044166311e-06,0.000146363849126,1,,,,,,0,,0.005,
Qwen/Qwen2.5-0.5B,0.5,tatsu-lab/alpaca,43,h6_0p5b_calibration,calibration_bf16_seed43,base_model.model.model.layers.18.post_attention_layernorm,layers.18.post_attention_layernorm,norm,Qwen2RMSNorm,post_attention_layernorm,18,24,0.782608695652,fake_int8_output,fp32,high-sensitivity reduction/output path,8,614.96661377,614.96661377,23.5756893158,607.01537323,614.96661377,22.7165284157,23.5756893158,0.144416013733,0.144416013733,0.00266348040896,0.564366310835,2.45230549467e-06,1.19890491703e-05,1,,,,,,0,,0.005,
Qwen/Qwen2.5-0.5B,0.5,tatsu-lab/alpaca,43,h6_0p5b_calibration,calibration_bf16_seed43,base_model.model.model.layers.18.self_attn.k_proj,layers.18.self_attn.k_proj,attention_projection,Linear,k_proj,18,24,0.782608695652,fake_int8_output,bf16,projection appears sensitive under activation probe,8,18.7942733765,18.7942733765,6.25778341293,18.1877880096,18.7942733765,5.82347661257,6.25778341293,0.00170904876722,0.00170904876722,0.000175539980773,0.0591693744063,1.71661376953e-05,9.91821289062e-05,1,,,,,,0,,0.005,
Qwen/Qwen2.5-0.5B,0.5,tatsu-lab/alpaca,43,h6_0p5b_calibration,calibration_bf16_seed43,base_model.model.model.layers.18.self_attn.o_proj,layers.18.self_attn.o_proj,attention_projection,Linear,o_proj,18,24,0.782608695652,fake_int8_output,bf16,projection appears sensitive under activation probe,8,70.3878097534,32.1006851196,70.3878097534,26.6934888363,32.1006851196,41.6916105747,70.3878097534,0.00968144164653,0.00411069672555,0.00968144164653,0.430350035429,2.17982710637e-06,2.99726229969e-06,1,,,,,,0,,0.005,
Qwen/Qwen2.5-0.5B,0.5,tatsu-lab/alpaca,43,h6_0p5b_calibration,calibration_bf16_seed43,base_model.model.model.layers.18.self_attn.q_proj,layers.18.self_attn.q_proj,attention_projection,Linear,q_proj,18,24,0.782608695652,fake_int8_output,bf16,projection appears sensitive under activation probe,8,18.7942733765,18.7942733765,9.699842453,18.1877880096,18.7942733765,9.39102554321,9.699842453,0.00170904876722,0.00170904876722,0.000455625646282,0.121310306713,2.45230549467e-06,0.000732694406906,1,,,,,,0,,0.005,
Qwen/Qwen2.5-0.5B,0.5,tatsu-lab/alpaca,43,h6_0p5b_calibration,calibration_bf16_seed43,base_model.model.model.layers.18.self_attn.v_proj,layers.18.self_attn.v_proj,attention_projection,Linear,v_proj,18,24,0.782608695652,fake_int8_output,bf16,projection appears sensitive under activation probe,8,18.7942733765,18.7942733765,7.59302186966,18.1877880096,18.7942733765,6.12592047453,7.59302186966,0.00170904876722,0.00170904876722,0.000197096683223,0.0655548819341,1.71661376953e-05,5.72204589844e-05,1,,,,,,0,,0.005,
Qwen/Qwen2.5-0.5B,0.5,tatsu-lab/alpaca,43,h6_0p5b_calibration,calibration_bf16_seed43,base_model.model.model.layers.19.input_layernorm,layers.19.input_layernorm,norm,Qwen2RMSNorm,input_layernorm,19,24,0.826086956522,fake_int8_output,fp32,high-sensitivity reduction/output path,8,600.941955566,600.941955566,16.635761261,595.322944641,600.941955566,16.1701512337,16.635761261,0.165029287338,0.165029287338,0.00134726203396,0.241931952536,2.17982710637e-06,2.17982710637e-06,1,,,,,,0,,0.005,
Qwen/Qwen2.5-0.5B,0.5,tatsu-lab/alpaca,43,h6_0p5b_calibration,calibration_bf16_seed43,base_model.model.model.layers.19.mlp.down_proj,layers.19.mlp.down_proj,mlp_projection,Linear,down_proj,19,24,0.826086956522,fake_int8_output,bf16,projection appears sensitive under activation probe,8,78.1484146118,78.1484146118,16.7689208984,42.9807829857,78.1484146118,12.3574016094,16.7689208984,0.0101083997288,0.0101083997288,0.000813184215076,0.25793685019,2.17982710637e-06,4.35965426959e-06,1,,,,,,0,,0.005,
Qwen/Qwen2.5-0.5B,0.5,tatsu-lab/alpaca,43,h6_0p5b_calibration,calibration_bf16_seed43,base_model.model.model.layers.19.mlp.gate_proj,layers.19.mlp.gate_proj,mlp_projection,Linear,gate_proj,19,24,0.826086956522,fake_int8_output,bf16,projection appears sensitive under activation probe,8,26.9228210449,26.9228210449,6.7576379776,25.87682724,26.9228210449,6.14689844847,6.7576379776,0.0034579258645,0.0034579258645,0.000196128718017,0.0641492772847,1.35522083156e-06,8.7336454726e-06,1,,,,,,0,,0.005,
Qwen/Qwen2.5-0.5B,0.5,tatsu-lab/alpaca,43,h6_0p5b_calibration,calibration_bf16_seed43,base_model.model.model.layers.19.mlp.up_proj,layers.19.mlp.up_proj,mlp_projection,Linear,up_proj,19,24,0.826086956522,fake_int8_output,bf16,projection appears sensitive under activation probe,8,26.9228210449,26.9228210449,7.37833929062,25.87682724,26.9228210449,6.77916687727,7.37833929062,0.0034579258645,0.0034579258645,0.000237985221247,0.0781918466091,1.35522083156e-06,2.31893339446e-05,1,,,,,,0,,0.005,
Qwen/Qwen2.5-0.5B,0.5,tatsu-lab/alpaca,43,h6_0p5b_calibration,calibration_bf16_seed43,base_model.model.model.layers.19.post_attention_layernorm,layers.19.post_attention_layernorm,norm,Qwen2RMSNorm,post_attention_layernorm,19,24,0.826086956522,fake_int8_output,fp32,high-sensitivity reduction/output path,8,601.708068848,601.708068848,26.9228210449,595.938690186,601.708068848,25.87682724,26.9228210449,0.16789021343,0.16789021343,0.0034579258645,0.596491120756,2.17982710637e-06,8.71930819812e-06,1,,,,,,0,,0.005,
Qwen/Qwen2.5-0.5B,0.5,tatsu-lab/alpaca,43,h6_0p5b_calibration,calibration_bf16_seed43,base_model.model.model.layers.19.self_attn.k_proj,layers.19.self_attn.k_proj,attention_projection,Linear,k_proj,19,24,0.826086956522,fake_int8_output,bf16,projection appears sensitive under activation probe,8,16.635761261,16.635761261,8.46131801605,16.1701512337,16.635761261,6.49302321672,8.46131801605,0.00134726203396,0.00134726203396,0.000220314244871,0.0764835076407,1.90734863281e-05,0.000228881835938,1,,,,,,0,,0.005,
Qwen/Qwen2.5-0.5B,0.5,tatsu-lab/alpaca,43,h6_0p5b_calibration,calibration_bf16_seed43,base_model.model.model.layers.19.self_attn.o_proj,layers.19.self_attn.o_proj,attention_projection,Linear,o_proj,19,24,0.826086956522,fake_int8_output,bf16,projection appears sensitive under activation probe,8,24.1627597809,24.1627597809,21.9914054871,18.0548655987,24.1627597809,18.695767045,21.9914054871,0.00178207323188,0.00169074865698,0.00178207323188,0.312014149502,7.1116858436e-05,0.000704084147827,1,,,,,,0,,0.005,
Qwen/Qwen2.5-0.5B,0.5,tatsu-lab/alpaca,43,h6_0p5b_calibration,calibration_bf16_seed43,base_model.model.model.layers.19.self_attn.q_proj,layers.19.self_attn.q_proj,attention_projection,Linear,q_proj,19,24,0.826086956522,fake_int8_output,bf16,projection appears sensitive under activation probe,8,16.635761261,16.635761261,8.93708133698,16.1701512337,16.635761261,8.44848203659,8.93708133698,0.00134726203396,0.00134726203396,0.000370024263248,0.106112270616,7.08443812414e-06,0.00160108301498,1,,,,,,0,,0.005,
Qwen/Qwen2.5-0.5B,0.5,tatsu-lab/alpaca,43,h6_0p5b_calibration,calibration_bf16_seed43,base_model.model.model.layers.19.self_attn.v_proj,layers.19.self_attn.v_proj,attention_projection,Linear,v_proj,19,24,0.826086956522,fake_int8_output,bf16,projection appears sensitive under activation probe,8,16.635761261,16.635761261,5.27139997482,16.1701512337,16.635761261,4.5064778924,5.27139997482,0.00134726203396,0.00134726203396,0.00010631589339,0.0343831405044,2.28881835938e-05,0.000532150268555,1,,,,,,0,,0.005,
Qwen/Qwen2.5-0.5B,0.5,tatsu-lab/alpaca,43,h6_0p5b_calibration,calibration_bf16_seed43,base_model.model.model.layers.2.input_layernorm,layers.2.input_layernorm,norm,Qwen2RMSNorm,input_layernorm,2,24,0.0869565217391,fake_int8_output,fp32,high-sensitivity reduction/output path,8,29.540561676,19.7126903534,29.540561676,19.2133691311,19.7126903534,28.9148685932,29.540561676,0.00433821801562,0.00190744324937,0.00433821801562,0.488439854234,2.72478391139e-06,6.53948134755e-06,1,,,,,,0,,0.005,
Qwen/Qwen2.5-0.5B,0.5,tatsu-lab/alpaca,43,h6_0p5b_perturbation,perturbation_bf16_seed43,base_model.model.model.layers.2.mlp.down_proj,layers.2.mlp.down_proj,mlp_projection,Linear,down_proj,2,24,0.0869565217391,fake_int8_output,bf16,projection appears sensitive under activation probe,8,909.678649902,909.678649902,661.58392334,909.597434998,909.678649902,661.29447937,661.58392334,0.0159930677619,0.00313265787554,0.0159930677619,0.0467389547266,2.17982710637e-06,2.17982710637e-06,1,2.41479498148,2.83862859011,0.423833608627,0.423833608627,0.872000455856,1,0,0.005,perturbation_abs_threshold
Qwen/Qwen2.5-0.5B,0.5,tatsu-lab/alpaca,43,h6_0p5b_calibration,calibration_bf16_seed43,base_model.model.model.layers.2.mlp.gate_proj,layers.2.mlp.gate_proj,mlp_projection,Linear,gate_proj,2,24,0.0869565217391,fake_int8_output,bf16,projection appears sensitive under activation probe,8,39.1071586609,39.1071586609,22.9934101105,38.2179603577,39.1071586609,22.4346671104,22.9934101105,0.0075463046669,0.0075463046669,0.00260162708582,0.695580989122,1.20464073916e-06,1.20464073916e-06,1,,,,,,0,,0.005,
Qwen/Qwen2.5-0.5B,0.5,tatsu-lab/alpaca,43,h6_0p5b_calibration,calibration_bf16_seed43,base_model.model.model.layers.2.mlp.up_proj,layers.2.mlp.up_proj,mlp_projection,Linear,up_proj,2,24,0.0869565217391,fake_int8_output,bf16,projection appears sensitive under activation probe,8,226.791976929,39.1071586609,226.791976929,38.2179603577,39.1071586609,219.784147263,226.791976929,0.248110951856,0.0075463046669,0.248110951856,0.941479295492,1.20464073916e-06,1.20464073916e-06,1,,,,,,0,,0.005,
Qwen/Qwen2.5-0.5B,0.5,tatsu-lab/alpaca,43,h6_0p5b_calibration,calibration_bf16_seed43,base_model.model.model.layers.2.post_attention_layernorm,layers.2.post_attention_layernorm,norm,Qwen2RMSNorm,post_attention_layernorm,2,24,0.0869565217391,fake_int8_output,fp32,high-sensitivity reduction/output path,8,39.1071586609,23.2470779419,39.1071586609,21.2400341034,23.2470779419,38.2179603577,39.1071586609,0.0075463046669,0.00234639213886,0.0075463046669,0.817003287375,2.17982710637e-06,2.17982710637e-06,1,,,,,,0,,0.005,
Qwen/Qwen2.5-0.5B,0.5,tatsu-lab/alpaca,43,h6_0p5b_calibration,calibration_bf16_seed43,base_model.model.model.layers.2.self_attn.k_proj,layers.2.self_attn.k_proj,attention_projection,Linear,k_proj,2,24,0.0869565217391,fake_int8_output,bf16,projection appears sensitive under activation probe,8,29.540561676,29.540561676,5.16338777542,28.9148685932,29.540561676,5.1248459816,5.16338777542,0.00433821801562,0.00433821801562,0.000137619428642,0.0245309006423,1.71661376953e-05,0.00700759887695,1,,,,,,0,,0.005,
Qwen/Qwen2.5-0.5B,0.5,tatsu-lab/alpaca,43,h6_0p5b_calibration,calibration_bf16_seed43,base_model.model.model.layers.2.self_attn.o_proj,layers.2.self_attn.o_proj,attention_projection,Linear,o_proj,2,24,0.0869565217391,fake_int8_output,bf16,projection appears sensitive under activation probe,8,51.0380439758,21.1753807068,51.0380439758,19.769892931,21.1753807068,45.6463599205,51.0380439758,0.0108441174962,0.00201705934887,0.0108441174962,0.725823231041,2.17982710637e-06,2.99726227126e-06,1,,,,,,0,,0.005,
Qwen/Qwen2.5-0.5B,0.5,tatsu-lab/alpaca,43,h6_0p5b_calibration,calibration_bf16_seed43,base_model.model.model.layers.2.self_attn.q_proj,layers.2.self_attn.q_proj,attention_projection,Linear,q_proj,2,24,0.0869565217391,fake_int8_output,bf16,projection appears sensitive under activation probe,8,29.540561676,29.540561676,9.01408290863,28.9148685932,29.540561676,8.39050209522,9.01408290863,0.00433821801562,0.00433821801562,0.000364762243407,0.10979572963,2.17982710637e-06,6.53948131912e-06,1,,,,,,0,,0.005,
Qwen/Qwen2.5-0.5B,0.5,tatsu-lab/alpaca,43,h6_0p5b_calibration,calibration_bf16_seed43,base_model.model.model.layers.2.self_attn.v_proj,layers.2.self_attn.v_proj,attention_projection,Linear,v_proj,2,24,0.0869565217391,fake_int8_output,bf16,projection appears sensitive under activation probe,8,29.540561676,29.540561676,9.00546836853,28.9148685932,29.540561676,8.27764713764,9.00546836853,0.00433821801562,0.00433821801562,0.000354804797098,0.114929040894,1.71661376953e-05,3.24249267578e-05,1,,,,,,0,,0.005,
Qwen/Qwen2.5-0.5B,0.5,tatsu-lab/alpaca,43,h6_0p5b_calibration,calibration_bf16_seed43,base_model.model.model.layers.20.input_layernorm,layers.20.input_layernorm,norm,Qwen2RMSNorm,input_layernorm,20,24,0.869565217391,fake_int8_output,fp32,high-sensitivity reduction/output path,8,582.447753906,582.447753906,20.2452106476,576.136772156,582.447753906,19.7968246937,20.2452106476,0.201015919447,0.201015919447,0.00202262411767,0.320361878723,2.17982710637e-06,2.17982710637e-06,1,,,,,,0,,0.005,
Qwen/Qwen2.5-0.5B,0.5,tatsu-lab/alpaca,43,h6_0p5b_calibration,calibration_bf16_seed43,base_model.model.model.layers.20.mlp.down_proj,layers.20.mlp.down_proj,mlp_projection,Linear,down_proj,20,24,0.869565217391,fake_int8_output,bf16,projection appears sensitive under activation probe,8,63.8686981201,63.8686981201,19.0919647217,38.3590724468,63.8686981201,14.9335280657,19.0919647217,0.00785592166358,0.00785592166358,0.00118687142094,0.33334614709,2.17982710637e-06,2.2888184958e-05,1,,,,,,0,,0.005,
Qwen/Qwen2.5-0.5B,0.5,tatsu-lab/alpaca,43,h6_0p5b_calibration,calibration_bf16_seed43,base_model.model.model.layers.20.mlp.gate_proj,layers.20.mlp.gate_proj,mlp_projection,Linear,gate_proj,20,24,0.869565217391,fake_int8_output,bf16,projection appears sensitive under activation probe,8,31.9216766357,31.9216766357,8.07031154633,31.4992427826,31.9216766357,6.44596844912,8.07031154633,0.00512312020874,0.00512312020874,0.000218927747483,0.0723131052218,1.35522083156e-06,2.55986157072e-06,1,,,,,,0,,0.005,
Qwen/Qwen2.5-0.5B,0.5,tatsu-lab/alpaca,43,h6_0p5b_calibration,calibration_bf16_seed43,base_model.model.model.layers.20.mlp.up_proj,layers.20.mlp.up_proj,mlp_projection,Linear,up_proj,20,24,0.869565217391,fake_int8_output,bf16,projection appears sensitive under activation probe,8,31.9216766357,31.9216766357,8.47617149353,31.4992427826,31.9216766357,7.08753681183,8.47617149353,0.00512312020874,0.00512312020874,0.000261176128333,0.0855592647567,2.25870138593e-06,0.000118807692218,1,,,,,,0,,0.005,
Qwen/Qwen2.5-0.5B,0.5,tatsu-lab/alpaca,43,h6_0p5b_calibration,calibration_bf16_seed43,base_model.model.model.layers.20.post_attention_layernorm,layers.20.post_attention_layernorm,norm,Qwen2RMSNorm,post_attention_layernorm,20,24,0.869565217391,fake_int8_output,fp32,high-sensitivity reduction/output path,8,579.363464355,579.363464355,31.9216766357,572.18019104,579.363464355,31.4992427826,31.9216766357,0.204105347395,0.204105347395,0.00512312020874,0.651136435568,2.17982710637e-06,2.17982710637e-06,1,,,,,,0,,0.005,
Qwen/Qwen2.5-0.5B,0.5,tatsu-lab/alpaca,43,h6_0p5b_calibration,calibration_bf16_seed43,base_model.model.model.layers.20.self_attn.k_proj,layers.20.self_attn.k_proj,attention_projection,Linear,k_proj,20,24,0.869565217391,fake_int8_output,bf16,projection appears sensitive under activation probe,8,20.2452106476,20.2452106476,9.3696603775,19.7968246937,20.2452106476,8.09781628847,9.3696603775,0.00202262411767,0.00202262411767,0.000340265145496,0.103647201322,1.71661376953e-05,8.39233398438e-05,1,,,,,,0,,0.005,
Qwen/Qwen2.5-0.5B,0.5,tatsu-lab/alpaca,43,h6_0p5b_calibration,calibration_bf16_seed43,base_model.model.model.layers.20.self_attn.o_proj,layers.20.self_attn.o_proj,attention_projection,Linear,o_proj,20,24,0.869565217391,fake_int8_output,bf16,projection appears sensitive under activation probe,8,33.6757316589,14.3739585876,33.6757316589,13.4547201395,14.3739585876,26.8762979507,33.6757316589,0.00382001837716,0.000932605900744,0.00382001837716,0.644400313497,2.72478388297e-06,4.90461107461e-06,1,,,,,,0,,0.005,
Qwen/Qwen2.5-0.5B,0.5,tatsu-lab/alpaca,43,h6_0p5b_calibration,calibration_bf16_seed43,base_model.model.model.layers.20.self_attn.q_proj,layers.20.self_attn.q_proj,attention_projection,Linear,q_proj,20,24,0.869565217391,fake_int8_output,bf16,projection appears sensitive under activation probe,8,20.2452106476,20.2452106476,8.0820646286,19.7968246937,20.2452106476,7.55632448196,8.0820646286,0.00202262411767,0.00202262411767,0.000295444413496,0.0915640844032,2.45230549467e-06,0.00035285951094,1,,,,,,0,,0.005,
Qwen/Qwen2.5-0.5B,0.5,tatsu-lab/alpaca,43,h6_0p5b_calibration,calibration_bf16_seed43,base_model.model.model.layers.20.self_attn.v_proj,layers.20.self_attn.v_proj,attention_projection,Linear,v_proj,20,24,0.869565217391,fake_int8_output,bf16,projection appears sensitive under activation probe,8,20.2452106476,20.2452106476,12.208533287,19.7968246937,20.2452106476,9.27885234356,12.208533287,0.00202262411767,0.00202262411767,0.000453979588201,0.144222682342,1.52587890625e-05,5.91278076172e-05,1,,,,,,0,,0.005,
Qwen/Qwen2.5-0.5B,0.5,tatsu-lab/alpaca,43,h6_0p5b_calibration,calibration_bf16_seed43,base_model.model.model.layers.21.input_layernorm,layers.21.input_layernorm,norm,Qwen2RMSNorm,input_layernorm,21,24,0.913043478261,fake_int8_output,fp32,high-sensitivity reduction/output path,8,534.611206055,534.611206055,20.7869682312,528.18359375,534.611206055,20.4454126358,20.7869682312,0.245517985895,0.245517985895,0.00215668528108,0.236591652036,2.17982710637e-06,2.17982710637e-06,1,,,,,,0,,0.005,
Qwen/Qwen2.5-0.5B,0.5,tatsu-lab/alpaca,43,h6_0p5b_perturbation,perturbation_bf16_seed43,base_model.model.model.layers.21.mlp.down_proj,layers.21.mlp.down_proj,mlp_projection,Linear,down_proj,21,24,0.913043478261,fake_int8_output,bf16,projection appears sensitive under activation probe,8,779.88079834,779.88079834,590.165649414,772.738777161,779.88079834,579.974845886,590.165649414,0.104003639892,0.0470157181844,0.104003639892,0.2667193003,2.17982710637e-06,2.17982710637e-06,1,2.41479498148,2.60043859482,0.185643613338,0.185643613338,0.375074148178,1,0,0.005,perturbation_abs_threshold
Qwen/Qwen2.5-0.5B,0.5,tatsu-lab/alpaca,43,h6_0p5b_calibration,calibration_bf16_seed43,base_model.model.model.layers.21.mlp.gate_proj,layers.21.mlp.gate_proj,mlp_projection,Linear,gate_proj,21,24,0.913043478261,fake_int8_output,bf16,projection appears sensitive under activation probe,8,139.345626831,139.345626831,23.292219162,135.137861252,139.345626831,22.7924218178,23.292219162,0.0938614830375,0.0938614830375,0.00268690547091,0.705104641616,1.20464073916e-06,1.50580092395e-06,1,,,,,,0,,0.005,
Qwen/Qwen2.5-0.5B,0.5,tatsu-lab/alpaca,43,h6_0p5b_calibration,calibration_bf16_seed43,base_model.model.model.layers.21.mlp.up_proj,layers.21.mlp.up_proj,mlp_projection,Linear,up_proj,21,24,0.913043478261,fake_int8_output,bf16,projection appears sensitive under activation probe,8,139.345626831,139.345626831,33.4979820251,135.137861252,139.345626831,32.2469727993,33.4979820251,0.0938614830375,0.0938614830375,0.0053774046246,0.769371658564,1.20464073916e-06,1.20464073916e-06,1,,,,,,0,,0.005,
Qwen/Qwen2.5-0.5B,0.5,tatsu-lab/alpaca,43,h6_0p5b_calibration,calibration_bf16_seed43,base_model.model.model.layers.21.post_attention_layernorm,layers.21.post_attention_layernorm,norm,Qwen2RMSNorm,post_attention_layernorm,21,24,0.913043478261,fake_int8_output,fp32,high-sensitivity reduction/output path,8,531.24609375,531.24609375,139.345626831,523.121658325,531.24609375,135.137861252,139.345626831,0.249958561733,0.249958561733,0.0938614830375,0.953794792295,2.17982710637e-06,2.17982710637e-06,1,,,,,,0,,0.005,
Qwen/Qwen2.5-0.5B,0.5,tatsu-lab/alpaca,43,h6_0p5b_calibration,calibration_bf16_seed43,base_model.model.model.layers.21.self_attn.k_proj,layers.21.self_attn.k_proj,attention_projection,Linear,k_proj,21,24,0.913043478261,fake_int8_output,bf16,projection appears sensitive under activation probe,8,20.7869682312,20.7869682312,8.31509494781,20.4454126358,20.7869682312,7.37284481525,8.31509494781,0.00215668528108,0.00215668528108,0.000282478435111,0.0841551655903,1.71661376953e-05,4.38690185547e-05,1,,,,,,0,,0.005,
Qwen/Qwen2.5-0.5B,0.5,tatsu-lab/alpaca,43,h6_0p5b_calibration,calibration_bf16_seed43,base_model.model.model.layers.21.self_attn.o_proj,layers.21.self_attn.o_proj,attention_projection,Linear,o_proj,21,24,0.913043478261,fake_int8_output,bf16,projection appears sensitive under activation probe,8,56.5686836243,12.9159164429,56.5686836243,12.1197557449,12.9159164429,49.3467760086,56.5686836243,0.0125288801501,0.000758544738346,0.0125288801501,0.786621108651,2.17982710637e-06,6.26700301609e-06,1,,,,,,0,,0.005,
Qwen/Qwen2.5-0.5B,0.5,tatsu-lab/alpaca,43,h6_0p5b_calibration,calibration_bf16_seed43,base_model.model.model.layers.21.self_attn.q_proj,layers.21.self_attn.q_proj,attention_projection,Linear,q_proj,21,24,0.913043478261,fake_int8_output,bf16,projection appears sensitive under activation probe,8,20.7869682312,20.7869682312,7.44232702255,20.4454126358,20.7869682312,7.11215990782,7.44232702255,0.00215668528108,0.00215668528108,0.00026144684125,0.0692037306726,2.99726229969e-06,0.000843320593049,1,,,,,,0,,0.005,
Qwen/Qwen2.5-0.5B,0.5,tatsu-lab/alpaca,43,h6_0p5b_calibration,calibration_bf16_seed43,base_model.model.model.layers.21.self_attn.v_proj,layers.21.self_attn.v_proj,attention_projection,Linear,v_proj,21,24,0.913043478261,fake_int8_output,bf16,projection appears sensitive under activation probe,8,20.7869682312,20.7869682312,6.68161535263,20.4454126358,20.7869682312,5.74001532793,6.68161535263,0.00215668528108,0.00215668528108,0.000171621919435,0.0557055743411,1.90734863281e-05,8.58306884766e-05,1,,,,,,0,,0.005,
Qwen/Qwen2.5-0.5B,0.5,tatsu-lab/alpaca,43,h6_0p5b_calibration,calibration_bf16_seed43,base_model.model.model.layers.22.input_layernorm,layers.22.input_layernorm,norm,Qwen2RMSNorm,input_layernorm,22,24,0.95652173913,fake_int8_output,fp32,high-sensitivity reduction/output path,8,26.364610672,26.364610672,15.2560510635,25.7718889713,26.364610672,14.3779470921,15.2560510635,0.00343277546926,0.00343277546926,0.00107093406405,0.139526277781,2.17982710637e-06,0.000111988616936,1,,,,,,0,,0.005,
Qwen/Qwen2.5-0.5B,0.5,tatsu-lab/alpaca,43,h6_0p5b_calibration,calibration_bf16_seed43,base_model.model.model.layers.22.mlp.down_proj,layers.22.mlp.down_proj,mlp_projection,Linear,down_proj,22,24,0.95652173913,fake_int8_output,bf16,projection appears sensitive under activation probe,8,39.5705070496,39.5705070496,14.3283548355,33.4360642433,39.5705070496,12.6579977274,14.3283548355,0.00539475510595,0.00539475510595,0.000834302380099,0.253563866019,2.45230549467e-06,1.44413544376e-05,1,,,,,,0,,0.005,
Qwen/Qwen2.5-0.5B,0.5,tatsu-lab/alpaca,43,h6_0p5b_perturbation,perturbation_bf16_seed43,base_model.model.model.layers.22.mlp.gate_proj,layers.22.mlp.gate_proj,mlp_projection,Linear,gate_proj,22,24,0.95652173913,fake_int8_output,bf16,projection appears sensitive under activation probe,8,16.9301338196,16.9301338196,10.5784959793,13.7776969671,16.9301338196,10.1644772291,10.5784959793,0.000995358466753,0.000995358466753,0.00053435171867,0.17543800734,2.10812129353e-06,0.000146665011016,1,2.41479498148,2.41823920608,0.00344422459602,0.00344422459602,0.00505518913269,1,1,0.005,perturbation_abs_threshold
Qwen/Qwen2.5-0.5B,0.5,tatsu-lab/alpaca,43,h6_0p5b_perturbation,perturbation_bf16_seed43,base_model.model.model.layers.22.mlp.up_proj,layers.22.mlp.up_proj,mlp_projection,Linear,up_proj,22,24,0.95652173913,fake_int8_output,bf16,projection appears sensitive under activation probe,8,16.9301338196,16.9301338196,10.8278436661,13.7776969671,16.9301338196,9.2425249815,10.8278436661,0.000995358466753,0.000995358466753,0.000446532238129,0.146789856255,1.65638101635e-06,9.68229995237e-05,1,2.41479498148,2.41628086567,0.00148588418961,0.00148588418961,0.00662183761597,1,1,0.005,perturbation_abs_threshold
Qwen/Qwen2.5-0.5B,0.5,tatsu-lab/alpaca,43,h6_0p5b_calibration,calibration_bf16_seed43,base_model.model.model.layers.22.post_attention_layernorm,layers.22.post_attention_layernorm,norm,Qwen2RMSNorm,post_attention_layernorm,22,24,0.95652173913,fake_int8_output,fp32,high-sensitivity reduction/output path,8,26.1828269958,26.1828269958,16.9301338196,25.5575118065,26.1828269958,13.7776969671,16.9301338196,0.00337602154468,0.00337602154468,0.000995358466753,0.280135460198,2.17982710637e-06,1.25340056059e-05,1,,,,,,0,,0.005,
Qwen/Qwen2.5-0.5B,0.5,tatsu-lab/alpaca,43,h6_0p5b_calibration,calibration_bf16_seed43,base_model.model.model.layers.22.self_attn.k_proj,layers.22.self_attn.k_proj,attention_projection,Linear,k_proj,22,24,0.95652173913,fake_int8_output,bf16,projection appears sensitive under activation probe,8,15.2560510635,15.2560510635,5.56916427612,14.3779470921,15.2560510635,5.14561313391,5.56916427612,0.00107093406405,0.00107093406405,0.000137066536809,0.0390774491243,1.71661376953e-05,0.00013542175293,1,,,,,,0,,0.005,
Qwen/Qwen2.5-0.5B,0.5,tatsu-lab/alpaca,43,h6_0p5b_calibration,calibration_bf16_seed43,base_model.model.model.layers.22.self_attn.o_proj,layers.22.self_attn.o_proj,attention_projection,Linear,o_proj,22,24,0.95652173913,fake_int8_output,bf16,projection appears sensitive under activation probe,8,52.2270126343,25.8951320648,52.2270126343,23.1333837509,25.8951320648,43.3215179443,52.2270126343,0.00986528571229,0.00277484828257,0.00986528571229,0.701215170324,2.17982710637e-06,3.81469746458e-06,1,,,,,,0,,0.005,
Qwen/Qwen2.5-0.5B,0.5,tatsu-lab/alpaca,43,h6_0p5b_calibration,calibration_bf16_seed43,base_model.model.model.layers.22.self_attn.q_proj,layers.22.self_attn.q_proj,attention_projection,Linear,q_proj,22,24,0.95652173913,fake_int8_output,bf16,projection appears sensitive under activation probe,8,15.2560510635,15.2560510635,6.89778852463,14.3779470921,15.2560510635,5.96089363098,6.89778852463,0.00107093406405,0.00107093406405,0.00018509527581,0.0580979371443,2.17982710637e-06,4.35965420422e-05,1,,,,,,0,,0.005,
Qwen/Qwen2.5-0.5B,0.5,tatsu-lab/alpaca,43,h6_0p5b_calibration,calibration_bf16_seed43,base_model.model.model.layers.22.self_attn.v_proj,layers.22.self_attn.v_proj,attention_projection,Linear,v_proj,22,24,0.95652173913,fake_int8_output,bf16,projection appears sensitive under activation probe,8,18.0090560913,15.2560510635,18.0090560913,14.3779470921,15.2560510635,13.1383259296,18.0090560913,0.00107093406405,0.00107093406405,0.000919881385926,0.290127750486,1.52587890625e-05,2.47955322266e-05,1,,,,,,0,,0.005,
Qwen/Qwen2.5-0.5B,0.5,tatsu-lab/alpaca,43,h6_0p5b_calibration,calibration_bf16_seed43,base_model.model.model.layers.23.input_layernorm,layers.23.input_layernorm,norm,Qwen2RMSNorm,input_layernorm,23,24,1,fake_int8_output,fp32,high-sensitivity reduction/output path,8,23.6846351624,23.6846351624,15.2121324539,23.2943561077,23.6846351624,13.9216982126,15.2121324539,0.00280147287413,0.00280147287413,0.00100464514981,0.141130533069,2.17982710637e-06,6.53948120544e-06,1,,,,,,0,,0.005,
Qwen/Qwen2.5-0.5B,0.5,tatsu-lab/alpaca,43,h6_0p5b_calibration,calibration_bf16_seed43,base_model.model.model.layers.23.mlp.down_proj,layers.23.mlp.down_proj,mlp_projection,Linear,down_proj,23,24,1,fake_int8_output,bf16,projection appears sensitive under activation probe,8,30.0303878784,30.0303878784,19.7860851288,28.559969902,30.0303878784,18.7354135513,19.7860851288,0.00350832814001,0.00350832814001,0.0018104112678,0.179607208818,3.26974068798e-06,5.8310374925e-05,1,,,,,,0,,0.005,
Qwen/Qwen2.5-0.5B,0.5,tatsu-lab/alpaca,43,h6_0p5b_perturbation,perturbation_bf16_seed43,base_model.model.model.layers.23.mlp.gate_proj,layers.23.mlp.gate_proj,mlp_projection,Linear,gate_proj,23,24,1,fake_int8_output,bf16,projection appears sensitive under activation probe,8,12.049325943,12.049325943,10.4230766296,11.7209419012,12.049325943,10.1323559284,10.4230766296,0.000709800391633,0.000709800391633,0.000530867942871,0.184193713591,1.80696110874e-06,0.000121367554129,1,2.41479498148,2.41962739825,0.00483241677284,0.00483241677284,0.0171151161194,1,1,0.005,perturbation_abs_threshold
Qwen/Qwen2.5-0.5B,0.5,tatsu-lab/alpaca,43,h6_0p5b_perturbation,perturbation_bf16_seed43,base_model.model.model.layers.23.mlp.up_proj,layers.23.mlp.up_proj,mlp_projection,Linear,up_proj,23,24,1,fake_int8_output,bf16,projection appears sensitive under activation probe,8,14.7901926041,12.049325943,14.7901926041,11.7209419012,12.049325943,13.1419793367,14.7901926041,0.000895745040907,0.000709800391633,0.000895745040907,0.254652388394,1.50580092395e-06,8.86916726017e-05,1,2.41479498148,2.41645947099,0.00166448950768,0.00166448950768,0.00711941719055,1,1,0.005,perturbation_abs_threshold
Qwen/Qwen2.5-0.5B,0.5,tatsu-lab/alpaca,43,h6_0p5b_calibration,calibration_bf16_seed43,base_model.model.model.layers.23.post_attention_layernorm,layers.23.post_attention_layernorm,norm,Qwen2RMSNorm,post_attention_layernorm,23,24,1,fake_int8_output,fp32,high-sensitivity reduction/output path,8,26.0229644775,26.0229644775,12.049325943,25.1035194397,26.0229644775,11.7209419012,12.049325943,0.00325743257417,0.00325743257417,0.000709800391633,0.211294217035,2.45230549467e-06,5.17708929237e-06,1,,,,,,0,,0.005,
Qwen/Qwen2.5-0.5B,0.5,tatsu-lab/alpaca,43,h6_0p5b_calibration,calibration_bf16_seed43,base_model.model.model.layers.23.self_attn.k_proj,layers.23.self_attn.k_proj,attention_projection,Linear,k_proj,23,24,1,fake_int8_output,bf16,projection appears sensitive under activation probe,8,15.2121324539,15.2121324539,5.82975912094,13.9216982126,15.2121324539,5.60010904074,5.82975912094,0.00100464514981,0.00100464514981,0.000162523512699,0.0444590710104,1.71661376953e-05,7.82012939453e-05,1,,,,,,0,,0.005,
Qwen/Qwen2.5-0.5B,0.5,tatsu-lab/alpaca,43,h6_0p5b_calibration,calibration_bf16_seed43,base_model.model.model.layers.23.self_attn.o_proj,layers.23.self_attn.o_proj,attention_projection,Linear,o_proj,23,24,1,fake_int8_output,bf16,projection appears sensitive under activation probe,8,96.9865493774,20.1544704437,96.9865493774,16.9409096241,20.1544704437,71.0208659172,96.9865493774,0.027002240764,0.00151684456796,0.027002240764,0.633871823549,2.45230549467e-06,6.81195962215e-06,1,,,,,,0,,0.005,
Qwen/Qwen2.5-0.5B,0.5,tatsu-lab/alpaca,43,h6_0p5b_calibration,calibration_bf16_seed43,base_model.model.model.layers.23.self_attn.q_proj,layers.23.self_attn.q_proj,attention_projection,Linear,q_proj,23,24,1,fake_int8_output,bf16,projection appears sensitive under activation probe,8,15.2121324539,15.2121324539,9.37236785889,13.9216982126,15.2121324539,8.97362554073,9.37236785889,0.00100464514981,0.00100464514981,0.000416127521021,0.118871854618,2.45230549467e-06,0.000616618591948,1,,,,,,0,,0.005,
Qwen/Qwen2.5-0.5B,0.5,tatsu-lab/alpaca,43,h6_0p5b_calibration,calibration_bf16_seed43,base_model.model.model.layers.23.self_attn.v_proj,layers.23.self_attn.v_proj,attention_projection,Linear,v_proj,23,24,1,fake_int8_output,bf16,projection appears sensitive under activation probe,8,15.2121324539,15.2121324539,10.6948432922,13.9216982126,15.2121324539,9.766258955,10.6948432922,0.00100464514981,0.00100464514981,0.000496135278809,0.164180794731,1.52587890625e-05,3.24249267578e-05,1,,,,,,0,,0.005,
Qwen/Qwen2.5-0.5B,0.5,tatsu-lab/alpaca,43,h6_0p5b_calibration,calibration_bf16_seed43,base_model.model.model.layers.3.input_layernorm,layers.3.input_layernorm,norm,Qwen2RMSNorm,input_layernorm,3,24,0.130434782609,fake_int8_output,fp32,high-sensitivity reduction/output path,8,646.244445801,646.244445801,28.7616539001,644.648506165,646.244445801,28.0880820751,28.7616539001,0.056038656272,0.056038656272,0.00408420112217,0.441963739693,2.17982710637e-06,2.17982710637e-06,1,,,,,,0,,0.005,
Qwen/Qwen2.5-0.5B,0.5,tatsu-lab/alpaca,43,h6_0p5b_perturbation,perturbation_bf16_seed43,base_model.model.model.layers.3.mlp.down_proj,layers.3.mlp.down_proj,mlp_projection,Linear,down_proj,3,24,0.130434782609,fake_int8_output,bf16,projection appears sensitive under activation probe,8,906.064819336,906.064819336,661.758056641,905.88621521,906.064819336,661.588226318,661.758056641,0.0170653846581,0.0112515880028,0.0170653846581,0.0404265583493,2.17982710637e-06,2.17982710637e-06,1,2.41479498148,2.71199822426,0.297203242779,0.297203242779,0.390293598175,1,0,0.005,perturbation_abs_threshold
Qwen/Qwen2.5-0.5B,0.5,tatsu-lab/alpaca,43,h6_0p5b_calibration,calibration_bf16_seed43,base_model.model.model.layers.3.mlp.gate_proj,layers.3.mlp.gate_proj,mlp_projection,Linear,gate_proj,3,24,0.130434782609,fake_int8_output,bf16,projection appears sensitive under activation probe,8,319.258239746,319.258239746,41.5298538208,314.260543823,319.258239746,39.2708172798,41.5298538208,0.406618084759,0.406618084759,0.00797626731219,0.871079303324,1.20464073916e-06,1.20464073916e-06,1,,,,,,0,,0.005,
Qwen/Qwen2.5-0.5B,0.5,tatsu-lab/alpaca,43,h6_0p5b_calibration,calibration_bf16_seed43,base_model.model.model.layers.3.mlp.up_proj,layers.3.mlp.up_proj,mlp_projection,Linear,up_proj,3,24,0.130434782609,fake_int8_output,bf16,projection appears sensitive under activation probe,8,319.258239746,319.258239746,72.7091598511,314.260543823,319.258239746,70.3524570465,72.7091598511,0.406618084759,0.406618084759,0.0255724827293,0.976026877761,1.20464073916e-06,1.20464073916e-06,1,,,,,,0,,0.005,
Qwen/Qwen2.5-0.5B,0.5,tatsu-lab/alpaca,43,h6_0p5b_calibration,calibration_bf16_seed43,base_model.model.model.layers.3.post_attention_layernorm,layers.3.post_attention_layernorm,norm,Qwen2RMSNorm,post_attention_layernorm,3,24,0.130434782609,fake_int8_output,fp32,high-sensitivity reduction/output path,8,646.240966797,646.240966797,319.258239746,644.247543335,646.240966797,314.260543823,319.258239746,0.406618084759,0.0571084399708,0.406618084759,0.784699678421,2.17982710637e-06,2.17982710637e-06,1,,,,,,0,,0.005,
Qwen/Qwen2.5-0.5B,0.5,tatsu-lab/alpaca,43,h6_0p5b_calibration,calibration_bf16_seed43,base_model.model.model.layers.3.self_attn.k_proj,layers.3.self_attn.k_proj,attention_projection,Linear,k_proj,3,24,0.130434782609,fake_int8_output,bf16,projection appears sensitive under activation probe,8,28.7616539001,28.7616539001,8.12011814117,28.0880820751,28.7616539001,7.98575901985,8.12011814117,0.00408420112217,0.00408420112217,0.000330152088281,0.0969659211114,1.52587890625e-05,0.0001220703125,1,,,,,,0,,0.005,
Qwen/Qwen2.5-0.5B,0.5,tatsu-lab/alpaca,43,h6_0p5b_calibration,calibration_bf16_seed43,base_model.model.model.layers.3.self_attn.o_proj,layers.3.self_attn.o_proj,attention_projection,Linear,o_proj,3,24,0.130434782609,fake_int8_output,bf16,projection appears sensitive under activation probe,8,42.7337188721,35.706073761,42.7337188721,25.4469726086,35.706073761,33.3113644123,42.7337188721,0.00589927184046,0.00341620987456,0.00589927184046,0.556496430188,2.17982710637e-06,2.45230549467e-06,1,,,,,,0,,0.005,
Qwen/Qwen2.5-0.5B,0.5,tatsu-lab/alpaca,43,h6_0p5b_calibration,calibration_bf16_seed43,base_model.model.model.layers.3.self_attn.q_proj,layers.3.self_attn.q_proj,attention_projection,Linear,q_proj,3,24,0.130434782609,fake_int8_output,bf16,projection appears sensitive under activation probe,8,28.7616539001,28.7616539001,10.979927063,28.0880820751,28.7616539001,10.1387283802,10.979927063,0.00408420112217,0.00408420112217,0.000529201748577,0.133101866581,2.45230549467e-06,3.62396264109e-05,1,,,,,,0,,0.005,
Qwen/Qwen2.5-0.5B,0.5,tatsu-lab/alpaca,43,h6_0p5b_calibration,calibration_bf16_seed43,base_model.model.model.layers.3.self_attn.v_proj,layers.3.self_attn.v_proj,attention_projection,Linear,v_proj,3,24,0.130434782609,fake_int8_output,bf16,projection appears sensitive under activation probe,8,28.7616539001,28.7616539001,8.37850952148,28.0880820751,28.7616539001,7.58514094353,8.37850952148,0.00408420112217,0.00408420112217,0.0002980010795,0.100672438741,1.71661376953e-05,6.86645507812e-05,1,,,,,,0,,0.005,
Qwen/Qwen2.5-0.5B,0.5,tatsu-lab/alpaca,43,h6_0p5b_perturbation,perturbation_bf16_seed43,base_model.model.model.layers.4.input_layernorm,layers.4.input_layernorm,norm,Qwen2RMSNorm,input_layernorm,4,24,0.173913043478,fake_int8_output,fp32,high-sensitivity reduction/output path,8,662.841064453,662.841064453,33.4235153198,662.51789093,662.841064453,33.1740994453,33.4235153198,0.0185749223456,0.0185749223456,0.00569519790588,0.519260697067,2.17982710637e-06,4.63213262947e-06,1,2.41479498148,2.40786188841,-0.00693309307098,0.00693309307098,0.017071723938,1,0,0.005,perturbation_abs_threshold
Qwen/Qwen2.5-0.5B,0.5,tatsu-lab/alpaca,43,h6_0p5b_calibration,calibration_bf16_seed43,base_model.model.model.layers.4.mlp.down_proj,layers.4.mlp.down_proj,mlp_projection,Linear,down_proj,4,24,0.173913043478,fake_int8_output,bf16,projection appears sensitive under activation probe,8,64.7419052124,64.7419052124,14.6427097321,61.3503503799,64.7419052124,11.7171634436,14.6427097321,0.0177020254778,0.0177020254778,0.00071614648914,0.225740844384,2.17982710637e-06,4.63213265789e-06,1,,,,,,0,,0.005,
Qwen/Qwen2.5-0.5B,0.5,tatsu-lab/alpaca,43,h6_0p5b_calibration,calibration_bf16_seed43,base_model.model.model.layers.4.mlp.gate_proj,layers.4.mlp.gate_proj,mlp_projection,Linear,gate_proj,4,24,0.173913043478,fake_int8_output,bf16,projection appears sensitive under activation probe,8,41.9798469543,41.9798469543,7.74550199509,41.0297245979,41.9798469543,7.2339437604,7.74550199509,0.00869477039669,0.00869477039669,0.000271490027444,0.0893825786188,1.35522083156e-06,8.4324854015e-06,1,,,,,,0,,0.005,
Qwen/Qwen2.5-0.5B,0.5,tatsu-lab/alpaca,43,h6_0p5b_calibration,calibration_bf16_seed43,base_model.model.model.layers.4.mlp.up_proj,layers.4.mlp.up_proj,mlp_projection,Linear,up_proj,4,24,0.173913043478,fake_int8_output,bf16,projection appears sensitive under activation probe,8,41.9798469543,41.9798469543,9.42766857147,41.0297245979,41.9798469543,8.3841291666,9.42766857147,0.00869477039669,0.00869477039669,0.000366958791346,0.120777982287,1.35522083156e-06,8.13132493249e-06,1,,,,,,0,,0.005,
Qwen/Qwen2.5-0.5B,0.5,tatsu-lab/alpaca,43,h6_0p5b_perturbation,perturbation_bf16_seed43,base_model.model.model.layers.4.post_attention_layernorm,layers.4.post_attention_layernorm,norm,Qwen2RMSNorm,post_attention_layernorm,4,24,0.173913043478,fake_int8_output,fp32,high-sensitivity reduction/output path,8,662.943725586,662.943725586,41.9798469543,662.526565552,662.943725586,41.0297245979,41.9798469543,0.0187044516206,0.0187044516206,0.00869477039669,0.854704603553,2.17982710637e-06,2.17982710637e-06,1,2.41479498148,2.41833546758,0.00354048609734,0.00354048609734,0.0219759941101,1,1,0.005,perturbation_abs_threshold
Qwen/Qwen2.5-0.5B,0.5,tatsu-lab/alpaca,43,h6_0p5b_calibration,calibration_bf16_seed43,base_model.model.model.layers.4.self_attn.k_proj,layers.4.self_attn.k_proj,attention_projection,Linear,k_proj,4,24,0.173913043478,fake_int8_output,bf16,projection appears sensitive under activation probe,8,33.4235153198,33.4235153198,7.55228805542,33.1740994453,33.4235153198,7.39908444881,7.55228805542,0.00569519790588,0.00569519790588,0.000282259297819,0.0895746545866,1.71661376953e-05,0.000118255615234,1,,,,,,0,,0.005,
Qwen/Qwen2.5-0.5B,0.5,tatsu-lab/alpaca,43,h6_0p5b_calibration,calibration_bf16_seed43,base_model.model.model.layers.4.self_attn.o_proj,layers.4.self_attn.o_proj,attention_projection,Linear,o_proj,4,24,0.173913043478,fake_int8_output,bf16,projection appears sensitive under activation probe,8,27.1674499512,20.5885028839,27.1674499512,17.1512442827,20.5885028839,25.5491883755,27.1674499512,0.00338222793653,0.00153979644529,0.00338222793653,0.596758961678,2.17982710637e-06,2.17982710637e-06,1,,,,,,0,,0.005,
Qwen/Qwen2.5-0.5B,0.5,tatsu-lab/alpaca,43,h6_0p5b_calibration,calibration_bf16_seed43,base_model.model.model.layers.4.self_attn.q_proj,layers.4.self_attn.q_proj,attention_projection,Linear,q_proj,4,24,0.173913043478,fake_int8_output,bf16,projection appears sensitive under activation probe,8,33.4235153198,33.4235153198,11.4465208054,33.1740994453,33.4235153198,11.152474165,11.4465208054,0.00569519790588,0.00569519790588,0.000643173108983,0.137072330341,3.26974065956e-06,0.000119890492897,1,,,,,,0,,0.005,
Qwen/Qwen2.5-0.5B,0.5,tatsu-lab/alpaca,43,h6_0p5b_calibration,calibration_bf16_seed43,base_model.model.model.layers.4.self_attn.v_proj,layers.4.self_attn.v_proj,attention_projection,Linear,v_proj,4,24,0.173913043478,fake_int8_output,bf16,projection appears sensitive under activation probe,8,33.4235153198,33.4235153198,6.30059862137,33.1740994453,33.4235153198,5.45781266689,6.30059862137,0.00569519790588,0.00569519790588,0.000155709622049,0.0509369280189,1.71661376953e-05,3.81469726562e-05,1,,,,,,0,,0.005,
Qwen/Qwen2.5-0.5B,0.5,tatsu-lab/alpaca,43,h6_0p5b_calibration,calibration_bf16_seed43,base_model.model.model.layers.5.input_layernorm,layers.5.input_layernorm,norm,Qwen2RMSNorm,input_layernorm,5,24,0.217391304348,fake_int8_output,fp32,high-sensitivity reduction/output path,8,656.443115234,656.443115234,28.1135692596,655.831443787,656.443115234,26.4398975372,28.1135692596,0.0381526490673,0.0381526490673,0.00360028978321,0.599499635398,2.45230549467e-06,6.53948137597e-06,1,,,,,,0,,0.005,
Qwen/Qwen2.5-0.5B,0.5,tatsu-lab/alpaca,43,h6_0p5b_calibration,calibration_bf16_seed43,base_model.model.model.layers.5.mlp.down_proj,layers.5.mlp.down_proj,mlp_projection,Linear,down_proj,5,24,0.217391304348,fake_int8_output,bf16,projection appears sensitive under activation probe,8,115.429573059,76.8145675659,115.429573059,46.8449850082,76.8145675659,107.81737709,115.429573059,0.0605994462967,0.0118760277983,0.0605994462967,0.939698092639,2.17982710637e-06,2.17982710637e-06,1,,,,,,0,,0.005,
Qwen/Qwen2.5-0.5B,0.5,tatsu-lab/alpaca,43,h6_0p5b_calibration,calibration_bf16_seed43,base_model.model.model.layers.5.mlp.gate_proj,layers.5.mlp.gate_proj,mlp_projection,Linear,gate_proj,5,24,0.217391304348,fake_int8_output,bf16,projection appears sensitive under activation probe,8,46.1302452087,46.1302452087,4.79092788696,45.5812067986,46.1302452087,4.51934343576,4.79092788696,0.0106815847103,0.0106815847103,0.00010577888952,0.0350224997383,1.50580092395e-06,1.55097494599e-05,1,,,,,,0,,0.005,
Qwen/Qwen2.5-0.5B,0.5,tatsu-lab/alpaca,43,h6_0p5b_calibration,calibration_bf16_seed43,base_model.model.model.layers.5.mlp.up_proj,layers.5.mlp.up_proj,mlp_projection,Linear,up_proj,5,24,0.217391304348,fake_int8_output,bf16,projection appears sensitive under activation probe,8,46.1302452087,46.1302452087,10.8481826782,45.5812067986,46.1302452087,9.0701905489,10.8481826782,0.0106815847103,0.0106815847103,0.00043068168452,0.141792643815,1.20464073916e-06,2.55986157072e-06,1,,,,,,0,,0.005,
Qwen/Qwen2.5-0.5B,0.5,tatsu-lab/alpaca,43,h6_0p5b_calibration,calibration_bf16_seed43,base_model.model.model.layers.5.post_attention_layernorm,layers.5.post_attention_layernorm,norm,Qwen2RMSNorm,post_attention_layernorm,5,24,0.217391304348,fake_int8_output,fp32,high-sensitivity reduction/output path,8,656.174621582,656.174621582,46.1302452087,655.366645813,656.174621582,45.5812067986,46.1302452087,0.039723681286,0.039723681286,0.0106815847103,0.803015321493,2.17982710637e-06,2.17982710637e-06,1,,,,,,0,,0.005,
Qwen/Qwen2.5-0.5B,0.5,tatsu-lab/alpaca,43,h6_0p5b_calibration,calibration_bf16_seed43,base_model.model.model.layers.5.self_attn.k_proj,layers.5.self_attn.k_proj,attention_projection,Linear,k_proj,5,24,0.217391304348,fake_int8_output,bf16,projection appears sensitive under activation probe,8,28.1135692596,28.1135692596,8.13622283936,26.4398975372,28.1135692596,7.57289129496,8.13622283936,0.00360028978321,0.00360028978321,0.000296624450129,0.0987837053835,1.52587890625e-05,7.05718994141e-05,1,,,,,,0,,0.005,
Qwen/Qwen2.5-0.5B,0.5,tatsu-lab/alpaca,43,h6_0p5b_calibration,calibration_bf16_seed43,base_model.model.model.layers.5.self_attn.o_proj,layers.5.self_attn.o_proj,attention_projection,Linear,o_proj,5,24,0.217391304348,fake_int8_output,bf16,projection appears sensitive under activation probe,8,34.4306488037,17.4373168945,34.4306488037,13.4448616505,17.4373168945,30.2842316628,34.4306488037,0.00480120786233,0.000951825502852,0.00480120786233,0.793591924012,2.17982710637e-06,5.44956782278e-06,1,,,,,,0,,0.005,
Qwen/Qwen2.5-0.5B,0.5,tatsu-lab/alpaca,43,h6_0p5b_calibration,calibration_bf16_seed43,base_model.model.model.layers.5.self_attn.q_proj,layers.5.self_attn.q_proj,attention_projection,Linear,q_proj,5,24,0.217391304348,fake_int8_output,bf16,projection appears sensitive under activation probe,8,28.1135692596,28.1135692596,11.2382116318,26.4398975372,28.1135692596,10.756472826,11.2382116318,0.00360028978321,0.00360028978321,0.000599172773946,0.144699851051,2.99726229969e-06,0.000109536313175,1,,,,,,0,,0.005,
Qwen/Qwen2.5-0.5B,0.5,tatsu-lab/alpaca,43,h6_0p5b_calibration,calibration_bf16_seed43,base_model.model.model.layers.5.self_attn.v_proj,layers.5.self_attn.v_proj,attention_projection,Linear,v_proj,5,24,0.217391304348,fake_int8_output,bf16,projection appears sensitive under activation probe,8,28.1135692596,28.1135692596,5.63088178635,26.4398975372,28.1135692596,4.80690059066,5.63088178635,0.00360028978321,0.00360028978321,0.000120979119856,0.0392979325261,1.52587890625e-05,8.39233398438e-05,1,,,,,,0,,0.005,
Qwen/Qwen2.5-0.5B,0.5,tatsu-lab/alpaca,43,h6_0p5b_calibration,calibration_bf16_seed43,base_model.model.model.layers.6.input_layernorm,layers.6.input_layernorm,norm,Qwen2RMSNorm,input_layernorm,6,24,0.260869565217,fake_int8_output,fp32,high-sensitivity reduction/output path,8,655.677307129,655.677307129,43.8628845215,654.313598633,655.677307129,42.4075484276,43.8628845215,0.0422405386344,0.0422405386344,0.00927194859833,0.657971322536,2.17982710637e-06,2.17982710637e-06,1,,,,,,0,,0.005,
Qwen/Qwen2.5-0.5B,0.5,tatsu-lab/alpaca,43,h6_0p5b_calibration,calibration_bf16_seed43,base_model.model.model.layers.6.mlp.down_proj,layers.6.mlp.down_proj,mlp_projection,Linear,down_proj,6,24,0.260869565217,fake_int8_output,bf16,projection appears sensitive under activation probe,8,63.5379142761,63.5379142761,11.7427024841,37.9977059364,63.5379142761,8.53319597244,11.7427024841,0.007687857782,0.007687857782,0.000386921068639,0.126765273511,2.17982710637e-06,6.53948131912e-06,1,,,,,,0,,0.005,
Qwen/Qwen2.5-0.5B,0.5,tatsu-lab/alpaca,43,h6_0p5b_calibration,calibration_bf16_seed43,base_model.model.model.layers.6.mlp.gate_proj,layers.6.mlp.gate_proj,mlp_projection,Linear,gate_proj,6,24,0.260869565217,fake_int8_output,bf16,projection appears sensitive under activation probe,8,41.1971244812,41.1971244812,6.92611551285,40.2671589851,41.1971244812,6.32796084881,6.92611551285,0.00836653797887,0.00836653797887,0.000207285360375,0.0681990049779,1.35522083156e-06,4.66798286425e-06,1,,,,,,0,,0.005,
Qwen/Qwen2.5-0.5B,0.5,tatsu-lab/alpaca,43,h6_0p5b_calibration,calibration_bf16_seed43,base_model.model.model.layers.6.mlp.up_proj,layers.6.mlp.up_proj,mlp_projection,Linear,up_proj,6,24,0.260869565217,fake_int8_output,bf16,projection appears sensitive under activation probe,8,41.1971244812,41.1971244812,10.6540803909,40.2671589851,41.1971244812,9.82675635815,10.6540803909,0.00836653797887,0.00836653797887,0.000501695747516,0.164501788095,1.20464073916e-06,7.9807448401e-06,1,,,,,,0,,0.005,
Qwen/Qwen2.5-0.5B,0.5,tatsu-lab/alpaca,43,h6_0p5b_calibration,calibration_bf16_seed43,base_model.model.model.layers.6.post_attention_layernorm,layers.6.post_attention_layernorm,norm,Qwen2RMSNorm,post_attention_layernorm,6,24,0.260869565217,fake_int8_output,fp32,high-sensitivity reduction/output path,8,655.182189941,655.182189941,41.1971244812,654.028862,655.182189941,40.2671589851,41.1971244812,0.0430919639766,0.0430919639766,0.00836653797887,0.842646993697,2.17982710637e-06,2.17982710637e-06,1,,,,,,0,,0.005,
Qwen/Qwen2.5-0.5B,0.5,tatsu-lab/alpaca,43,h6_0p5b_calibration,calibration_bf16_seed43,base_model.model.model.layers.6.self_attn.k_proj,layers.6.self_attn.k_proj,attention_projection,Linear,k_proj,6,24,0.260869565217,fake_int8_output,bf16,projection appears sensitive under activation probe,8,43.8628845215,43.8628845215,6.45051813126,42.4075484276,43.8628845215,5.89736294746,6.45051813126,0.00927194859833,0.00927194859833,0.000179914202818,0.062646928709,1.71661376953e-05,9.34600830078e-05,1,,,,,,0,,0.005,
Qwen/Qwen2.5-0.5B,0.5,tatsu-lab/alpaca,43,h6_0p5b_calibration,calibration_bf16_seed43,base_model.model.model.layers.6.self_attn.o_proj,layers.6.self_attn.o_proj,attention_projection,Linear,o_proj,6,24,0.260869565217,fake_int8_output,bf16,projection appears sensitive under activation probe,8,39.0509147644,16.8657989502,39.0509147644,11.7434306145,16.8657989502,28.7972309589,39.0509147644,0.0044559664675,0.000749499420635,0.0044559664675,0.629529029131,2.17982710637e-06,5.44956773751e-06,1,,,,,,0,,0.005,
Qwen/Qwen2.5-0.5B,0.5,tatsu-lab/alpaca,43,h6_0p5b_calibration,calibration_bf16_seed43,base_model.model.model.layers.6.self_attn.q_proj,layers.6.self_attn.q_proj,attention_projection,Linear,q_proj,6,24,0.260869565217,fake_int8_output,bf16,projection appears sensitive under activation probe,8,43.8628845215,43.8628845215,8.65985774994,42.4075484276,43.8628845215,8.40668570995,8.65985774994,0.00927194859833,0.00927194859833,0.000365512769349,0.0968136852607,2.72478388297e-06,5.14984146776e-05,1,,,,,,0,,0.005,
Qwen/Qwen2.5-0.5B,0.5,tatsu-lab/alpaca,43,h6_0p5b_calibration,calibration_bf16_seed43,base_model.model.model.layers.6.self_attn.v_proj,layers.6.self_attn.v_proj,attention_projection,Linear,v_proj,6,24,0.260869565217,fake_int8_output,bf16,projection appears sensitive under activation probe,8,43.8628845215,43.8628845215,7.65165710449,42.4075484276,43.8628845215,5.95204818249,7.65165710449,0.00927194859833,0.00927194859833,0.000190020256014,0.0616865863558,1.52587890625e-05,3.62396240234e-05,1,,,,,,0,,0.005,
Qwen/Qwen2.5-0.5B,0.5,tatsu-lab/alpaca,43,h6_0p5b_calibration,calibration_bf16_seed43,base_model.model.model.layers.7.input_layernorm,layers.7.input_layernorm,norm,Qwen2RMSNorm,input_layernorm,7,24,0.304347826087,fake_int8_output,fp32,high-sensitivity reduction/output path,8,653.727783203,653.727783203,32.8176422119,652.522392273,653.727783203,31.122477293,32.8176422119,0.0472637126222,0.0472637126222,0.00500555284088,0.651835344732,2.17982710637e-06,7.08443815256e-06,1,,,,,,0,,0.005,
Qwen/Qwen2.5-0.5B,0.5,tatsu-lab/alpaca,43,h6_0p5b_calibration,calibration_bf16_seed43,base_model.model.model.layers.7.mlp.down_proj,layers.7.mlp.down_proj,mlp_projection,Linear,down_proj,7,24,0.304347826087,fake_int8_output,bf16,projection appears sensitive under activation probe,8,47.2022399902,47.2022399902,8.50947380066,41.0910406113,47.2022399902,6.30525708199,8.50947380066,0.00831914111041,0.00831914111041,0.000211549169762,0.0693183168769,2.17982710637e-06,8.99178672853e-06,1,,,,,,0,,0.005,
Qwen/Qwen2.5-0.5B,0.5,tatsu-lab/alpaca,43,h6_0p5b_calibration,calibration_bf16_seed43,base_model.model.model.layers.7.mlp.gate_proj,layers.7.mlp.gate_proj,mlp_projection,Linear,gate_proj,7,24,0.304347826087,fake_int8_output,bf16,projection appears sensitive under activation probe,8,34.9919967651,34.9919967651,7.15443372726,33.8562879562,34.9919967651,6.39450013638,7.15443372726,0.00589867727831,0.00589867727831,0.000212524095332,0.0696529331617,1.20464073916e-06,6.47494391615e-06,1,,,,,,0,,0.005,
Qwen/Qwen2.5-0.5B,0.5,tatsu-lab/alpaca,43,h6_0p5b_calibration,calibration_bf16_seed43,base_model.model.model.layers.7.mlp.up_proj,layers.7.mlp.up_proj,mlp_projection,Linear,up_proj,7,24,0.304347826087,fake_int8_output,bf16,projection appears sensitive under activation probe,8,34.9919967651,34.9919967651,10.225063324,33.8562879562,34.9919967651,9.62468135357,10.225063324,0.00589867727831,0.00589867727831,0.000480169735965,0.156789040193,1.20464073916e-06,2.40928147832e-06,1,,,,,,0,,0.005,
Qwen/Qwen2.5-0.5B,0.5,tatsu-lab/alpaca,43,h6_0p5b_calibration,calibration_bf16_seed43,base_model.model.model.layers.7.post_attention_layernorm,layers.7.post_attention_layernorm,norm,Qwen2RMSNorm,post_attention_layernorm,7,24,0.304347826087,fake_int8_output,fp32,high-sensitivity reduction/output path,8,653.981506348,653.981506348,34.9919967651,652.973579407,653.981506348,33.8562879562,34.9919967651,0.0459685907699,0.0459685907699,0.00589867727831,0.850180484354,2.17982710637e-06,2.17982710637e-06,1,,,,,,0,,0.005,
Qwen/Qwen2.5-0.5B,0.5,tatsu-lab/alpaca,43,h6_0p5b_calibration,calibration_bf16_seed43,base_model.model.model.layers.7.self_attn.k_proj,layers.7.self_attn.k_proj,attention_projection,Linear,k_proj,7,24,0.304347826087,fake_int8_output,bf16,projection appears sensitive under activation probe,8,32.8176422119,32.8176422119,7.92637062073,31.122477293,32.8176422119,7.53175026178,7.92637062073,0.00500555284088,0.00500555284088,0.000291830176138,0.0942435320467,2.28881835938e-05,0.000204086303711,1,,,,,,0,,0.005,
Qwen/Qwen2.5-0.5B,0.5,tatsu-lab/alpaca,43,h6_0p5b_calibration,calibration_bf16_seed43,base_model.model.model.layers.7.self_attn.o_proj,layers.7.self_attn.o_proj,attention_projection,Linear,o_proj,7,24,0.304347826087,fake_int8_output,bf16,projection appears sensitive under activation probe,8,25.4860668182,22.9104404449,25.4860668182,18.6477698088,22.9104404449,22.5965979099,25.4860668182,0.00264837709256,0.00170769872784,0.00264837709256,0.433964375407,2.17982710637e-06,0.000128337320803,1,,,,,,0,,0.005,
Qwen/Qwen2.5-0.5B,0.5,tatsu-lab/alpaca,43,h6_0p5b_calibration,calibration_bf16_seed43,base_model.model.model.layers.7.self_attn.q_proj,layers.7.self_attn.q_proj,attention_projection,Linear,q_proj,7,24,0.304347826087,fake_int8_output,bf16,projection appears sensitive under activation probe,8,32.8176422119,32.8176422119,10.28556633,31.122477293,32.8176422119,10.1032093763,10.28556633,0.00500555284088,0.00500555284088,0.000527411728399,0.11624688562,3.814697493e-06,0.000131062103719,1,,,,,,0,,0.005,
Qwen/Qwen2.5-0.5B,0.5,tatsu-lab/alpaca,43,h6_0p5b_calibration,calibration_bf16_seed43,base_model.model.model.layers.7.self_attn.v_proj,layers.7.self_attn.v_proj,attention_projection,Linear,v_proj,7,24,0.304347826087,fake_int8_output,bf16,projection appears sensitive under activation probe,8,32.8176422119,32.8176422119,6.78924274445,31.122477293,32.8176422119,5.44685643911,6.78924274445,0.00500555284088,0.00500555284088,0.000156810782755,0.0527645368129,1.52587890625e-05,4.76837158203e-05,1,,,,,,0,,0.005,
Qwen/Qwen2.5-0.5B,0.5,tatsu-lab/alpaca,43,h6_0p5b_calibration,calibration_bf16_seed43,base_model.model.model.layers.8.input_layernorm,layers.8.input_layernorm,norm,Qwen2RMSNorm,input_layernorm,8,24,0.347826086957,fake_int8_output,fp32,high-sensitivity reduction/output path,8,645.251953125,645.251953125,34.0392913818,642.982788086,645.251953125,33.7019538879,34.0392913818,0.075024086982,0.075024086982,0.00578077445971,0.66614895314,2.17982710637e-06,2.17982710637e-06,1,,,,,,0,,0.005,
Qwen/Qwen2.5-0.5B,0.5,tatsu-lab/alpaca,43,h6_0p5b_calibration,calibration_bf16_seed43,base_model.model.model.layers.8.mlp.down_proj,layers.8.mlp.down_proj,mlp_projection,Linear,down_proj,8,24,0.347826086957,fake_int8_output,bf16,projection appears sensitive under activation probe,8,34.24451828,34.24451828,13.1607122421,24.5710201263,34.24451828,11.4935350418,13.1607122421,0.00314086931758,0.00314086931758,0.000689108128427,0.207651682198,2.45230549467e-06,6.4032422415e-05,1,,,,,,0,,0.005,
Qwen/Qwen2.5-0.5B,0.5,tatsu-lab/alpaca,43,h6_0p5b_calibration,calibration_bf16_seed43,base_model.model.model.layers.8.mlp.gate_proj,layers.8.mlp.gate_proj,mlp_projection,Linear,gate_proj,8,24,0.347826086957,fake_int8_output,bf16,projection appears sensitive under activation probe,8,36.0873565674,36.0873565674,7.26167106628,34.4418158531,36.0873565674,6.51038706303,7.26167106628,0.00613639201038,0.00613639201038,0.000219578401811,0.0725584640168,1.35522083156e-06,2.37916550532e-05,1,,,,,,0,,0.005,
Qwen/Qwen2.5-0.5B,0.5,tatsu-lab/alpaca,43,h6_0p5b_calibration,calibration_bf16_seed43,base_model.model.model.layers.8.mlp.up_proj,layers.8.mlp.up_proj,mlp_projection,Linear,up_proj,8,24,0.347826086957,fake_int8_output,bf16,projection appears sensitive under activation probe,8,36.0873565674,36.0873565674,6.7994594574,34.4418158531,36.0873565674,5.51450431347,6.7994594574,0.00613639201038,0.00613639201038,0.000158903510965,0.0522869173437,1.65638101635e-06,2.06294726013e-05,1,,,,,,0,,0.005,
Qwen/Qwen2.5-0.5B,0.5,tatsu-lab/alpaca,43,h6_0p5b_calibration,calibration_bf16_seed43,base_model.model.model.layers.8.post_attention_layernorm,layers.8.post_attention_layernorm,norm,Qwen2RMSNorm,post_attention_layernorm,8,24,0.347826086957,fake_int8_output,fp32,high-sensitivity reduction/output path,8,644.936035156,644.936035156,36.0873565674,642.963768005,644.936035156,34.4418158531,36.0873565674,0.0748946918175,0.0748946918175,0.00613639201038,0.837234094739,2.17982710637e-06,2.17982710637e-06,1,,,,,,0,,0.005,
Qwen/Qwen2.5-0.5B,0.5,tatsu-lab/alpaca,43,h6_0p5b_calibration,calibration_bf16_seed43,base_model.model.model.layers.8.self_attn.k_proj,layers.8.self_attn.k_proj,attention_projection,Linear,k_proj,8,24,0.347826086957,fake_int8_output,bf16,projection appears sensitive under activation probe,8,34.0392913818,34.0392913818,8.71896839142,33.7019538879,34.0392913818,8.69553279877,8.71896839142,0.00578077445971,0.00578077445971,0.000414558824559,0.0158649045043,2.47955322266e-05,0.0078125,1,,,,,,0,,0.005,
Qwen/Qwen2.5-0.5B,0.5,tatsu-lab/alpaca,43,h6_0p5b_calibration,calibration_bf16_seed43,base_model.model.model.layers.8.self_attn.o_proj,layers.8.self_attn.o_proj,attention_projection,Linear,o_proj,8,24,0.347826086957,fake_int8_output,bf16,projection appears sensitive under activation probe,8,28.693939209,19.5228843689,28.693939209,15.1312966347,19.5228843689,23.3184342384,28.693939209,0.00284499803092,0.00120120174688,0.00284499803092,0.482002001256,2.45230549467e-06,5.44956779436e-06,1,,,,,,0,,0.005,
Qwen/Qwen2.5-0.5B,0.5,tatsu-lab/alpaca,43,h6_0p5b_calibration,calibration_bf16_seed43,base_model.model.model.layers.8.self_attn.q_proj,layers.8.self_attn.q_proj,attention_projection,Linear,q_proj,8,24,0.347826086957,fake_int8_output,bf16,projection appears sensitive under activation probe,8,34.0392913818,34.0392913818,11.3040046692,33.7019538879,34.0392913818,10.7604186535,11.3040046692,0.00578077445971,0.00578077445971,0.000598828148213,0.137562552467,2.17982710637e-06,3.73295393956e-05,1,,,,,,0,,0.005,
Qwen/Qwen2.5-0.5B,0.5,tatsu-lab/alpaca,43,h6_0p5b_calibration,calibration_bf16_seed43,base_model.model.model.layers.8.self_attn.v_proj,layers.8.self_attn.v_proj,attention_projection,Linear,v_proj,8,24,0.347826086957,fake_int8_output,bf16,projection appears sensitive under activation probe,8,34.0392913818,34.0392913818,4.90812587738,33.7019538879,34.0392913818,4.50113633275,4.90812587738,0.00578077445971,0.00578077445971,0.000105496780634,0.0343759967946,1.52587890625e-05,3.81469726562e-05,1,,,,,,0,,0.005,
Qwen/Qwen2.5-0.5B,0.5,tatsu-lab/alpaca,43,h6_0p5b_calibration,calibration_bf16_seed43,base_model.model.model.layers.9.input_layernorm,layers.9.input_layernorm,norm,Qwen2RMSNorm,input_layernorm,9,24,0.391304347826,fake_int8_output,fp32,high-sensitivity reduction/output path,8,641.836120605,641.836120605,22.8821353912,637.882514954,641.836120605,21.4737422466,22.8821353912,0.0861390931532,0.0861390931532,0.00237122527324,0.45498758927,2.17982710637e-06,7.08443818098e-06,1,,,,,,0,,0.005,
Qwen/Qwen2.5-0.5B,0.5,tatsu-lab/alpaca,43,h6_0p5b_calibration,calibration_bf16_seed43,base_model.model.model.layers.9.mlp.down_proj,layers.9.mlp.down_proj,mlp_projection,Linear,down_proj,9,24,0.391304347826,fake_int8_output,bf16,projection appears sensitive under activation probe,8,27.1223335266,27.1223335266,18.1098423004,24.45616889,27.1223335266,15.4553105831,18.1098423004,0.00303933891701,0.00303933891701,0.00124222552404,0.340888250619,2.45230549467e-06,1.28064842215e-05,1,,,,,,0,,0.005,
Qwen/Qwen2.5-0.5B,0.5,tatsu-lab/alpaca,43,h6_0p5b_calibration,calibration_bf16_seed43,base_model.model.model.layers.9.mlp.gate_proj,layers.9.mlp.gate_proj,mlp_projection,Linear,gate_proj,9,24,0.391304347826,fake_int8_output,bf16,projection appears sensitive under activation probe,8,32.9521827698,32.9521827698,7.29847478867,30.998814106,32.9521827698,6.46749663353,7.29847478867,0.00494185410207,0.00494185410207,0.000217448452531,0.071917089168,1.20464073916e-06,2.40928147832e-06,1,,,,,,0,,0.005,
Qwen/Qwen2.5-0.5B,0.5,tatsu-lab/alpaca,43,h6_0p5b_calibration,calibration_bf16_seed43,base_model.model.model.layers.9.mlp.up_proj,layers.9.mlp.up_proj,mlp_projection,Linear,up_proj,9,24,0.391304347826,fake_int8_output,bf16,projection appears sensitive under activation probe,8,32.9521827698,32.9521827698,8.29056549072,30.998814106,32.9521827698,7.61318421364,8.29056549072,0.00494185410207,0.00494185410207,0.000300155683362,0.0984486276284,1.20464073916e-06,1.52085894456e-05,1,,,,,,0,,0.005,
Qwen/Qwen2.5-0.5B,0.5,tatsu-lab/alpaca,43,h6_0p5b_calibration,calibration_bf16_seed43,base_model.model.model.layers.9.post_attention_layernorm,layers.9.post_attention_layernorm,norm,Qwen2RMSNorm,post_attention_layernorm,9,24,0.391304347826,fake_int8_output,fp32,high-sensitivity reduction/output path,8,642.972412109,642.972412109,32.9521827698,639.399871826,642.972412109,30.998814106,32.9521827698,0.0851187333465,0.0851187333465,0.00494185410207,0.79052182287,2.17982710637e-06,2.17982710637e-06,1,,,,,,0,,0.005,
Qwen/Qwen2.5-0.5B,0.5,tatsu-lab/alpaca,43,h6_0p5b_calibration,calibration_bf16_seed43,base_model.model.model.layers.9.self_attn.k_proj,layers.9.self_attn.k_proj,attention_projection,Linear,k_proj,9,24,0.391304347826,fake_int8_output,bf16,projection appears sensitive under activation probe,8,22.8821353912,22.8821353912,7.79989147186,21.4737422466,22.8821353912,6.87680637836,7.79989147186,0.00237122527324,0.00237122527324,0.000244467864832,0.080093386583,1.52587890625e-05,5.91278076172e-05,1,,,,,,0,,0.005,
Qwen/Qwen2.5-0.5B,0.5,tatsu-lab/alpaca,43,h6_0p5b_calibration,calibration_bf16_seed43,base_model.model.model.layers.9.self_attn.o_proj,layers.9.self_attn.o_proj,attention_projection,Linear,o_proj,9,24,0.391304347826,fake_int8_output,bf16,projection appears sensitive under activation probe,8,28.4183349609,28.4183349609,24.4541797638,20.7428252697,28.4183349609,22.0016479492,24.4541797638,0.00251228074194,0.00207444859552,0.00251228074194,0.395688764751,5.1770894629e-06,0.000647408651872,1,,,,,,0,,0.005,
Qwen/Qwen2.5-0.5B,0.5,tatsu-lab/alpaca,43,h6_0p5b_calibration,calibration_bf16_seed43,base_model.model.model.layers.9.self_attn.q_proj,layers.9.self_attn.q_proj,attention_projection,Linear,q_proj,9,24,0.391304347826,fake_int8_output,bf16,projection appears sensitive under activation probe,8,22.8821353912,22.8821353912,10.4045743942,21.4737422466,22.8821353912,10.1312696934,10.4045743942,0.00237122527324,0.00237122527324,0.000533155092853,0.102933262475,2.45230549467e-06,6.81195976426e-06,1,,,,,,0,,0.005,
Qwen/Qwen2.5-0.5B,0.5,tatsu-lab/alpaca,43,h6_0p5b_calibration,calibration_bf16_seed43,base_model.model.model.layers.9.self_attn.v_proj,layers.9.self_attn.v_proj,attention_projection,Linear,v_proj,9,24,0.391304347826,fake_int8_output,bf16,projection appears sensitive under activation probe,8,22.8821353912,22.8821353912,6.07338190079,21.4737422466,22.8821353912,5.74298763275,6.07338190079,0.00237122527324,0.00237122527324,0.000170833425727,0.0560423075221,1.71661376953e-05,4.57763671875e-05,1,,,,,,0,,0.005,
Qwen/Qwen2.5-0.5B,0.5,tatsu-lab/alpaca,43,h6_0p5b_calibration,calibration_bf16_seed43,base_model.model.model.norm,norm,norm,Qwen2RMSNorm,norm,,24,,fake_int8_output,fp32,high-sensitivity reduction/output path,8,20.0169811249,20.0169811249,19.8866863251,19.2583203316,20.0169811249,19.1538183689,19.8866863251,0.00191809107491,0.00191809107491,0.00189689313993,0.12412614841,2.17982710637e-06,1.85285308874e-05,1,,,,,,0,,0.005,
Qwen/Qwen2.5-0.5B,0.5,tatsu-lab/alpaca,44,h6_0p5b_perturbation,perturbation_bf16_seed44,base_model.model.lm_head,base_model.model.lm_head,logits,Linear,lm_head,,24,,fake_int8_output,fp32,high-sensitivity reduction/output path,8,19.553068161,19.553068161,8.35782432556,18.4829101562,19.553068161,6.88994246721,8.35782432556,0.00176668960194,0.00176668960194,0.000248579290201,0.0797698684037,1.00268323422e-06,3.13338507851e-06,1,2.38187983632,2.38686585426,0.00498601794243,0.00498601794243,0.0176393985748,1,1,0.005,perturbation_abs_threshold
Qwen/Qwen2.5-0.5B,0.5,tatsu-lab/alpaca,44,h6_0p5b_calibration,calibration_bf16_seed44,base_model.model.model.layers.0.input_layernorm,layers.0.input_layernorm,norm,Qwen2RMSNorm,input_layernorm,0,24,0,fake_int8_output,fp32,high-sensitivity reduction/output path,8,25.7397193909,4.57025146484,25.7397193909,3.77419194579,4.57025146484,21.7446689606,25.7397193909,0.00247828879219,7.47393169149e-05,0.00247828879219,0.286330282688,2.72478388297e-06,4.90461110303e-06,1,,,,,,0,,0.005,
Qwen/Qwen2.5-0.5B,0.5,tatsu-lab/alpaca,44,h6_0p5b_calibration,calibration_bf16_seed44,base_model.model.model.layers.0.mlp.down_proj,layers.0.mlp.down_proj,mlp_projection,Linear,down_proj,0,24,0,fake_int8_output,bf16,projection appears sensitive under activation probe,8,72.732421875,72.732421875,18.1449050903,70.3098602295,72.732421875,16.3582978249,18.1449050903,0.0199572225101,0.0199572225101,0.00138747562596,0.40206245333,2.17982710637e-06,7.62939495758e-06,1,,,,,,0,,0.005,
Qwen/Qwen2.5-0.5B,0.5,tatsu-lab/alpaca,44,h6_0p5b_calibration,calibration_bf16_seed44,base_model.model.model.layers.0.mlp.gate_proj,layers.0.mlp.gate_proj,mlp_projection,Linear,gate_proj,0,24,0,fake_int8_output,bf16,projection appears sensitive under activation probe,8,18.9742622375,18.9742622375,11.3485307693,18.1568787098,18.9742622375,9.79984283447,11.3485307693,0.00170543391141,0.00170543391141,0.000501352864376,0.151850010268,1.20464073916e-06,7.98074501063e-06,1,,,,,,0,,0.005,
Qwen/Qwen2.5-0.5B,0.5,tatsu-lab/alpaca,44,h6_0p5b_calibration,calibration_bf16_seed44,base_model.model.model.layers.0.mlp.up_proj,layers.0.mlp.up_proj,mlp_projection,Linear,up_proj,0,24,0,fake_int8_output,bf16,projection appears sensitive under activation probe,8,18.9742622375,18.9742622375,12.6990404129,18.1568787098,18.9742622375,11.1033415794,12.6990404129,0.00170543391141,0.00170543391141,0.000640088124783,0.212886774912,1.95754120114e-06,7.78499077683e-05,1,,,,,,0,,0.005,
Qwen/Qwen2.5-0.5B,0.5,tatsu-lab/alpaca,44,h6_0p5b_calibration,calibration_bf16_seed44,base_model.model.model.layers.0.post_attention_layernorm,layers.0.post_attention_layernorm,norm,Qwen2RMSNorm,post_attention_layernorm,0,24,0,fake_int8_output,fp32,high-sensitivity reduction/output path,8,25.43268013,25.43268013,18.9742622375,23.7669186592,25.43268013,18.1568787098,18.9742622375,0.00292321038432,0.00292321038432,0.00170543391141,0.497096478939,2.99726229969e-06,1.60762250516e-05,1,,,,,,0,,0.005,
Qwen/Qwen2.5-0.5B,0.5,tatsu-lab/alpaca,44,h6_0p5b_calibration,calibration_bf16_seed44,base_model.model.model.layers.0.self_attn.k_proj,layers.0.self_attn.k_proj,attention_projection,Linear,k_proj,0,24,0,fake_int8_output,bf16,projection appears sensitive under activation probe,8,25.7397193909,25.7397193909,4.00481033325,21.7446689606,25.7397193909,4.00453400612,4.00481033325,0.00247828879219,0.00247828879219,7.48615530028e-05,0.0208743012045,0.0078067779541,0.0231609344482,1,,,,,,0,,0.005,
Qwen/Qwen2.5-0.5B,0.5,tatsu-lab/alpaca,44,h6_0p5b_calibration,calibration_bf16_seed44,base_model.model.model.layers.0.self_attn.o_proj,layers.0.self_attn.o_proj,attention_projection,Linear,o_proj,0,24,0,fake_int8_output,bf16,projection appears sensitive under activation probe,8,42.266910553,17.4334049225,42.266910553,16.2603814602,17.4334049225,39.884955883,42.266910553,0.00824232818559,0.00137084447488,0.00824232818559,0.224465288222,2.17982710637e-06,9.80922212079e-06,1,,,,,,0,,0.005,
Qwen/Qwen2.5-0.5B,0.5,tatsu-lab/alpaca,44,h6_0p5b_calibration,calibration_bf16_seed44,base_model.model.model.layers.0.self_attn.q_proj,layers.0.self_attn.q_proj,attention_projection,Linear,q_proj,0,24,0,fake_int8_output,bf16,projection appears sensitive under activation probe,8,25.7397193909,25.7397193909,10.080368042,21.7446689606,25.7397193909,10.0483843088,10.080368042,0.00247828879219,0.00247828879219,0.000500181216921,0.103897796944,0.00039209640417,0.00111607147846,1,,,,,,0,,0.005,
Qwen/Qwen2.5-0.5B,0.5,tatsu-lab/alpaca,44,h6_0p5b_calibration,calibration_bf16_seed44,base_model.model.model.layers.0.self_attn.v_proj,layers.0.self_attn.v_proj,attention_projection,Linear,v_proj,0,24,0,fake_int8_output,bf16,projection appears sensitive under activation probe,8,25.7397193909,25.7397193909,10.0869722366,21.7446689606,25.7397193909,9.93620038033,10.0869722366,0.00247828879219,0.00247828879219,0.000489603658934,0.164013428614,2.28881835938e-05,4.38690185547e-05,1,,,,,,0,,0.005,
Qwen/Qwen2.5-0.5B,0.5,tatsu-lab/alpaca,44,h6_0p5b_calibration,calibration_bf16_seed44,base_model.model.model.layers.1.input_layernorm,layers.1.input_layernorm,norm,Qwen2RMSNorm,input_layernorm,1,24,0.0434782608696,fake_int8_output,fp32,high-sensitivity reduction/output path,8,19.2291564941,17.9330711365,19.2291564941,16.2357950211,17.9330711365,17.7551426888,19.2291564941,0.00163340654399,0.00136603527062,0.00163340654399,0.405095800757,2.45230549467e-06,3.81469746458e-06,1,,,,,,0,,0.005,
Qwen/Qwen2.5-0.5B,0.5,tatsu-lab/alpaca,44,h6_0p5b_calibration,calibration_bf16_seed44,base_model.model.model.layers.1.mlp.down_proj,layers.1.mlp.down_proj,mlp_projection,Linear,down_proj,1,24,0.0434782608696,fake_int8_output,bf16,projection appears sensitive under activation probe,8,82.8114471436,82.8114471436,15.4070806503,48.6321501732,82.8114471436,14.5466784239,15.4070806503,0.0127255913685,0.0127255913685,0.00109528157918,0.343373995274,2.72478388297e-06,0.000119345535495,1,,,,,,0,,0.005,
Qwen/Qwen2.5-0.5B,0.5,tatsu-lab/alpaca,44,h6_0p5b_calibration,calibration_bf16_seed44,base_model.model.model.layers.1.mlp.gate_proj,layers.1.mlp.gate_proj,mlp_projection,Linear,gate_proj,1,24,0.0434782608696,fake_int8_output,bf16,projection appears sensitive under activation probe,8,15.3539133072,15.3539133072,8.4475030899,14.4405186176,15.3539133072,7.37286061049,8.4475030899,0.00107760124229,0.00107760124229,0.000280884454696,0.0926722018048,1.20464073916e-06,4.51740277185e-06,1,,,,,,0,,0.005,
Qwen/Qwen2.5-0.5B,0.5,tatsu-lab/alpaca,44,h6_0p5b_calibration,calibration_bf16_seed44,base_model.model.model.layers.1.mlp.up_proj,layers.1.mlp.up_proj,mlp_projection,Linear,up_proj,1,24,0.0434782608696,fake_int8_output,bf16,projection appears sensitive under activation probe,8,15.3539133072,15.3539133072,9.83223724365,14.4405186176,15.3539133072,9.01552844048,9.83223724365,0.00107760124229,0.00107760124229,0.000421827473474,0.138639938086,1.20464073916e-06,1.65638101635e-06,1,,,,,,0,,0.005,
Qwen/Qwen2.5-0.5B,0.5,tatsu-lab/alpaca,44,h6_0p5b_calibration,calibration_bf16_seed44,base_model.model.model.layers.1.post_attention_layernorm,layers.1.post_attention_layernorm,norm,Qwen2RMSNorm,post_attention_layernorm,1,24,0.0434782608696,fake_int8_output,fp32,high-sensitivity reduction/output path,8,20.7816390991,20.7816390991,15.3539133072,20.2537310123,20.7816390991,14.4405186176,15.3539133072,0.00212233272032,0.00212233272032,0.00107760124229,0.344858467579,2.45230549467e-06,4.90461104619e-06,1,,,,,,0,,0.005,
Qwen/Qwen2.5-0.5B,0.5,tatsu-lab/alpaca,44,h6_0p5b_calibration,calibration_bf16_seed44,base_model.model.model.layers.1.self_attn.k_proj,layers.1.self_attn.k_proj,attention_projection,Linear,k_proj,1,24,0.0434782608696,fake_int8_output,bf16,projection appears sensitive under activation probe,8,19.2291564941,19.2291564941,8.05515289307,17.7551426888,19.2291564941,8.01258248091,8.05515289307,0.00163340654399,0.00163340654399,0.000327659217874,0.0209156516939,3.81469726562e-05,0.0078125,1,,,,,,0,,0.005,
Qwen/Qwen2.5-0.5B,0.5,tatsu-lab/alpaca,44,h6_0p5b_calibration,calibration_bf16_seed44,base_model.model.model.layers.1.self_attn.o_proj,layers.1.self_attn.o_proj,attention_projection,Linear,o_proj,1,24,0.0434782608696,fake_int8_output,bf16,projection appears sensitive under activation probe,8,18.1790962219,13.2678499222,18.1790962219,12.6945427656,13.2678499222,16.5014067888,18.1790962219,0.00141170578718,0.000832471276226,0.00141170578718,0.246090769768,2.99726227126e-06,4.16891944042e-05,1,,,,,,0,,0.005,
Qwen/Qwen2.5-0.5B,0.5,tatsu-lab/alpaca,44,h6_0p5b_calibration,calibration_bf16_seed44,base_model.model.model.layers.1.self_attn.q_proj,layers.1.self_attn.q_proj,attention_projection,Linear,q_proj,1,24,0.0434782608696,fake_int8_output,bf16,projection appears sensitive under activation probe,8,19.2291564941,19.2291564941,13.0998096466,17.7551426888,19.2291564941,11.893601656,13.0998096466,0.00163340654399,0.00163340654399,0.00073189802788,0.167833430693,2.17982710637e-06,4.35965426959e-06,1,,,,,,0,,0.005,
Qwen/Qwen2.5-0.5B,0.5,tatsu-lab/alpaca,44,h6_0p5b_calibration,calibration_bf16_seed44,base_model.model.model.layers.1.self_attn.v_proj,layers.1.self_attn.v_proj,attention_projection,Linear,v_proj,1,24,0.0434782608696,fake_int8_output,bf16,projection appears sensitive under activation probe,8,19.2291564941,19.2291564941,10.8645572662,17.7551426888,19.2291564941,10.488709569,10.8645572662,0.00163340654399,0.00163340654399,0.000567264411075,0.191206814721,1.71661376953e-05,7.43865966797e-05,1,,,,,,0,,0.005,
Qwen/Qwen2.5-0.5B,0.5,tatsu-lab/alpaca,44,h6_0p5b_calibration,calibration_bf16_seed44,base_model.model.model.layers.10.input_layernorm,layers.10.input_layernorm,norm,Qwen2RMSNorm,input_layernorm,10,24,0.434782608696,fake_int8_output,fp32,high-sensitivity reduction/output path,8,640.542602539,640.542602539,24.9868927002,635.781356812,640.542602539,23.9923894405,24.9868927002,0.0838058097288,0.0838058097288,0.002919120976,0.564819917083,2.17982710637e-06,2.17982710637e-06,1,,,,,,0,,0.005,
Qwen/Qwen2.5-0.5B,0.5,tatsu-lab/alpaca,44,h6_0p5b_calibration,calibration_bf16_seed44,base_model.model.model.layers.10.mlp.down_proj,layers.10.mlp.down_proj,mlp_projection,Linear,down_proj,10,24,0.434782608696,fake_int8_output,bf16,projection appears sensitive under activation probe,8,27.3176136017,27.3176136017,15.4848327637,23.0341084003,27.3176136017,12.5265016556,15.4848327637,0.00272868880711,0.00272868880711,0.000819521024823,0.247536499053,2.45230549467e-06,2.72478388297e-06,1,,,,,,0,,0.005,
Qwen/Qwen2.5-0.5B,0.5,tatsu-lab/alpaca,44,h6_0p5b_calibration,calibration_bf16_seed44,base_model.model.model.layers.10.mlp.gate_proj,layers.10.mlp.gate_proj,mlp_projection,Linear,gate_proj,10,24,0.434782608696,fake_int8_output,bf16,projection appears sensitive under activation probe,8,25.9584693909,25.9584693909,6.96180438995,24.8676719666,25.9584693909,6.26898109913,6.96180438995,0.0031946649251,0.0031946649251,0.000203669758776,0.0670739100315,1.20464073916e-06,8.13132493249e-06,1,,,,,,0,,0.005,
Qwen/Qwen2.5-0.5B,0.5,tatsu-lab/alpaca,44,h6_0p5b_calibration,calibration_bf16_seed44,base_model.model.model.layers.10.mlp.up_proj,layers.10.mlp.up_proj,mlp_projection,Linear,up_proj,10,24,0.434782608696,fake_int8_output,bf16,projection appears sensitive under activation probe,8,25.9584693909,25.9584693909,6.41813325882,24.8676719666,25.9584693909,5.84485882521,6.41813325882,0.0031946649251,0.0031946649251,0.000177506264663,0.0581978801638,1.35522083156e-06,7.37842435683e-06,1,,,,,,0,,0.005,
Qwen/Qwen2.5-0.5B,0.5,tatsu-lab/alpaca,44,h6_0p5b_calibration,calibration_bf16_seed44,base_model.model.model.layers.10.post_attention_layernorm,layers.10.post_attention_layernorm,norm,Qwen2RMSNorm,post_attention_layernorm,10,24,0.434782608696,fake_int8_output,fp32,high-sensitivity reduction/output path,8,642.649841309,642.649841309,25.9584693909,638.690078735,642.649841309,24.8676719666,25.9584693909,0.0859201764688,0.0859201764688,0.0031946649251,0.665949463844,2.17982710637e-06,2.17982710637e-06,1,,,,,,0,,0.005,
Qwen/Qwen2.5-0.5B,0.5,tatsu-lab/alpaca,44,h6_0p5b_calibration,calibration_bf16_seed44,base_model.model.model.layers.10.self_attn.k_proj,layers.10.self_attn.k_proj,attention_projection,Linear,k_proj,10,24,0.434782608696,fake_int8_output,bf16,projection appears sensitive under activation probe,8,24.9868927002,24.9868927002,8.31311511993,23.9923894405,24.9868927002,7.51608967781,8.31311511993,0.002919120976,0.002919120976,0.000293891975161,0.0943995881826,2.09808349609e-05,5.91278076172e-05,1,,,,,,0,,0.005,
Qwen/Qwen2.5-0.5B,0.5,tatsu-lab/alpaca,44,h6_0p5b_calibration,calibration_bf16_seed44,base_model.model.model.layers.10.self_attn.o_proj,layers.10.self_attn.o_proj,attention_projection,Linear,o_proj,10,24,0.434782608696,fake_int8_output,bf16,projection appears sensitive under activation probe,8,28.7639560699,14.0195093155,28.7639560699,11.5033532381,14.0195093155,27.8839616776,28.7639560699,0.00401517053251,0.000680338951497,0.00401517053251,0.372407332063,2.17982710637e-06,1.96184445258e-05,1,,,,,,0,,0.005,
Qwen/Qwen2.5-0.5B,0.5,tatsu-lab/alpaca,44,h6_0p5b_calibration,calibration_bf16_seed44,base_model.model.model.layers.10.self_attn.q_proj,layers.10.self_attn.q_proj,attention_projection,Linear,q_proj,10,24,0.434782608696,fake_int8_output,bf16,projection appears sensitive under activation probe,8,24.9868927002,24.9868927002,10.9392671585,23.9923894405,24.9868927002,10.6894090176,10.9392671585,0.002919120976,0.002919120976,0.000590090465266,0.134409125894,2.5612968102e-05,0.00110054021934,1,,,,,,0,,0.005,
Qwen/Qwen2.5-0.5B,0.5,tatsu-lab/alpaca,44,h6_0p5b_calibration,calibration_bf16_seed44,base_model.model.model.layers.10.self_attn.v_proj,layers.10.self_attn.v_proj,attention_projection,Linear,v_proj,10,24,0.434782608696,fake_int8_output,bf16,projection appears sensitive under activation probe,8,24.9868927002,24.9868927002,4.95076179504,23.9923894405,24.9868927002,4.46022060513,4.95076179504,0.002919120976,0.002919120976,0.000103368106465,0.0340007883497,1.90734863281e-05,0.000370025634766,1,,,,,,0,,0.005,
Qwen/Qwen2.5-0.5B,0.5,tatsu-lab/alpaca,44,h6_0p5b_calibration,calibration_bf16_seed44,base_model.model.model.layers.11.input_layernorm,layers.11.input_layernorm,norm,Qwen2RMSNorm,input_layernorm,11,24,0.478260869565,fake_int8_output,fp32,high-sensitivity reduction/output path,8,645.825805664,645.825805664,19.6776351929,641.473236084,645.825805664,17.6405379772,19.6776351929,0.0777907036245,0.0777907036245,0.00160716759274,0.367686700076,2.45230549467e-06,5.17708943448e-06,1,,,,,,0,,0.005,
Qwen/Qwen2.5-0.5B,0.5,tatsu-lab/alpaca,44,h6_0p5b_calibration,calibration_bf16_seed44,base_model.model.model.layers.11.mlp.down_proj,layers.11.mlp.down_proj,mlp_projection,Linear,down_proj,11,24,0.478260869565,fake_int8_output,bf16,projection appears sensitive under activation probe,8,33.2907905579,33.2907905579,11.4598674774,28.6308584213,33.2907905579,9.78769701719,11.4598674774,0.00413398945238,0.00413398945238,0.000506991045768,0.161620351486,2.45230549467e-06,5.72204615423e-06,1,,,,,,0,,0.005,
Qwen/Qwen2.5-0.5B,0.5,tatsu-lab/alpaca,44,h6_0p5b_calibration,calibration_bf16_seed44,base_model.model.model.layers.11.mlp.gate_proj,layers.11.mlp.gate_proj,mlp_projection,Linear,gate_proj,11,24,0.478260869565,fake_int8_output,bf16,projection appears sensitive under activation probe,8,26.4298000336,26.4298000336,6.64034175873,25.328928709,26.4298000336,6.15131056309,6.64034175873,0.0033171508403,0.0033171508403,0.000196081404283,0.064155774191,1.20464073916e-06,5.42088332622e-06,1,,,,,,0,,0.005,
Qwen/Qwen2.5-0.5B,0.5,tatsu-lab/alpaca,44,h6_0p5b_calibration,calibration_bf16_seed44,base_model.model.model.layers.11.mlp.up_proj,layers.11.mlp.up_proj,mlp_projection,Linear,up_proj,11,24,0.478260869565,fake_int8_output,bf16,projection appears sensitive under activation probe,8,26.4298000336,26.4298000336,7.92822360992,25.328928709,26.4298000336,7.05287384987,7.92822360992,0.0033171508403,0.0033171508403,0.000258040236076,0.0849727643654,1.65638101635e-06,1.74672906041e-05,1,,,,,,0,,0.005,
Qwen/Qwen2.5-0.5B,0.5,tatsu-lab/alpaca,44,h6_0p5b_calibration,calibration_bf16_seed44,base_model.model.model.layers.11.post_attention_layernorm,layers.11.post_attention_layernorm,norm,Qwen2RMSNorm,post_attention_layernorm,11,24,0.478260869565,fake_int8_output,fp32,high-sensitivity reduction/output path,8,646.877563477,646.877563477,26.4298000336,642.729568481,646.877563477,25.328928709,26.4298000336,0.0757803330198,0.0757803330198,0.0033171508403,0.681467913091,2.17982710637e-06,2.17982710637e-06,1,,,,,,0,,0.005,
Qwen/Qwen2.5-0.5B,0.5,tatsu-lab/alpaca,44,h6_0p5b_calibration,calibration_bf16_seed44,base_model.model.model.layers.11.self_attn.k_proj,layers.11.self_attn.k_proj,attention_projection,Linear,k_proj,11,24,0.478260869565,fake_int8_output,bf16,projection appears sensitive under activation probe,8,19.6776351929,19.6776351929,7.62508678436,17.6405379772,19.6776351929,6.73805123568,7.62508678436,0.00160716759274,0.00160716759274,0.00023552300263,0.0733236344531,1.52587890625e-05,5.72204589844e-05,1,,,,,,0,,0.005,
Qwen/Qwen2.5-0.5B,0.5,tatsu-lab/alpaca,44,h6_0p5b_calibration,calibration_bf16_seed44,base_model.model.model.layers.11.self_attn.o_proj,layers.11.self_attn.o_proj,attention_projection,Linear,o_proj,11,24,0.478260869565,fake_int8_output,bf16,projection appears sensitive under activation probe,8,22.9078044891,14.1324157715,22.9078044891,12.697045207,14.1324157715,22.5278823376,22.9078044891,0.00261791987577,0.000664682025672,0.00261791987577,0.38341287896,5.994524372e-06,0.000935418305744,1,,,,,,0,,0.005,
Qwen/Qwen2.5-0.5B,0.5,tatsu-lab/alpaca,44,h6_0p5b_calibration,calibration_bf16_seed44,base_model.model.model.layers.11.self_attn.q_proj,layers.11.self_attn.q_proj,attention_projection,Linear,q_proj,11,24,0.478260869565,fake_int8_output,bf16,projection appears sensitive under activation probe,8,19.6776351929,19.6776351929,13.9752407074,17.6405379772,19.6776351929,13.2415114641,13.9752407074,0.00160716759274,0.00160716759274,0.000907751520572,0.161659915,2.17982710637e-06,1.49863113847e-05,1,,,,,,0,,0.005,
Qwen/Qwen2.5-0.5B,0.5,tatsu-lab/alpaca,44,h6_0p5b_calibration,calibration_bf16_seed44,base_model.model.model.layers.11.self_attn.v_proj,layers.11.self_attn.v_proj,attention_projection,Linear,v_proj,11,24,0.478260869565,fake_int8_output,bf16,projection appears sensitive under activation probe,8,19.6776351929,19.6776351929,6.96481800079,17.6405379772,19.6776351929,6.2160641551,6.96481800079,0.00160716759274,0.00160716759274,0.000201959301194,0.0664336639456,1.52587890625e-05,2.86102294922e-05,1,,,,,,0,,0.005,
Qwen/Qwen2.5-0.5B,0.5,tatsu-lab/alpaca,44,h6_0p5b_calibration,calibration_bf16_seed44,base_model.model.model.layers.12.input_layernorm,layers.12.input_layernorm,norm,Qwen2RMSNorm,input_layernorm,12,24,0.521739130435,fake_int8_output,fp32,high-sensitivity reduction/output path,8,648.588867188,648.588867188,28.3535251617,643.949111938,648.588867188,27.4625759125,28.3535251617,0.0720029813237,0.0720029813237,0.00385372634628,0.638454549015,2.17982710637e-06,2.17982710637e-06,1,,,,,,0,,0.005,
Qwen/Qwen2.5-0.5B,0.5,tatsu-lab/alpaca,44,h6_0p5b_calibration,calibration_bf16_seed44,base_model.model.model.layers.12.mlp.down_proj,layers.12.mlp.down_proj,mlp_projection,Linear,down_proj,12,24,0.521739130435,fake_int8_output,bf16,projection appears sensitive under activation probe,8,46.297794342,46.297794342,15.2655143738,29.6351034641,46.297794342,13.1669210196,15.2655143738,0.00476600664842,0.00476600664842,0.000902498431969,0.271184705198,2.17982710637e-06,2.17982710637e-06,1,,,,,,0,,0.005,
Qwen/Qwen2.5-0.5B,0.5,tatsu-lab/alpaca,44,h6_0p5b_calibration,calibration_bf16_seed44,base_model.model.model.layers.12.mlp.gate_proj,layers.12.mlp.gate_proj,mlp_projection,Linear,gate_proj,12,24,0.521739130435,fake_int8_output,bf16,projection appears sensitive under activation probe,8,24.0762042999,24.0762042999,9.16907787323,23.2291960716,24.0762042999,7.71019029617,9.16907787323,0.00278905287269,0.00278905287269,0.000311216117552,0.102861238644,1.35522083156e-06,5.27030317699e-06,1,,,,,,0,,0.005,
Qwen/Qwen2.5-0.5B,0.5,tatsu-lab/alpaca,44,h6_0p5b_calibration,calibration_bf16_seed44,base_model.model.model.layers.12.mlp.up_proj,layers.12.mlp.up_proj,mlp_projection,Linear,up_proj,12,24,0.521739130435,fake_int8_output,bf16,projection appears sensitive under activation probe,8,24.0762042999,24.0762042999,8.54923343658,23.2291960716,24.0762042999,7.64160495996,8.54923343658,0.00278905287269,0.00278905287269,0.00030252705983,0.0998478922993,1.50580092395e-06,2.45445552878e-05,1,,,,,,0,,0.005,
Qwen/Qwen2.5-0.5B,0.5,tatsu-lab/alpaca,44,h6_0p5b_calibration,calibration_bf16_seed44,base_model.model.model.layers.12.post_attention_layernorm,layers.12.post_attention_layernorm,norm,Qwen2RMSNorm,post_attention_layernorm,12,24,0.521739130435,fake_int8_output,fp32,high-sensitivity reduction/output path,8,648.660583496,648.660583496,24.0762042999,644.131721497,648.660583496,23.2291960716,24.0762042999,0.0717019042931,0.0717019042931,0.00278905287269,0.606791801751,2.17982710637e-06,2.17982710637e-06,1,,,,,,0,,0.005,
Qwen/Qwen2.5-0.5B,0.5,tatsu-lab/alpaca,44,h6_0p5b_calibration,calibration_bf16_seed44,base_model.model.model.layers.12.self_attn.k_proj,layers.12.self_attn.k_proj,attention_projection,Linear,k_proj,12,24,0.521739130435,fake_int8_output,bf16,projection appears sensitive under activation probe,8,28.3535251617,28.3535251617,6.29123449326,27.4625759125,28.3535251617,6.00027704239,6.29123449326,0.00385372634628,0.00385372634628,0.000186434823263,0.0622978345491,1.52587890625e-05,8.01086425781e-05,1,,,,,,0,,0.005,
Qwen/Qwen2.5-0.5B,0.5,tatsu-lab/alpaca,44,h6_0p5b_calibration,calibration_bf16_seed44,base_model.model.model.layers.12.self_attn.o_proj,layers.12.self_attn.o_proj,attention_projection,Linear,o_proj,12,24,0.521739130435,fake_int8_output,bf16,projection appears sensitive under activation probe,8,24.0233592987,18.1482372284,24.0233592987,15.8046838045,18.1482372284,19.4990420341,24.0233592987,0.00201045816357,0.00131140461599,0.00201045816357,0.451927158982,2.17982710637e-06,3.89644095549e-05,1,,,,,,0,,0.005,
Qwen/Qwen2.5-0.5B,0.5,tatsu-lab/alpaca,44,h6_0p5b_calibration,calibration_bf16_seed44,base_model.model.model.layers.12.self_attn.q_proj,layers.12.self_attn.q_proj,attention_projection,Linear,q_proj,12,24,0.521739130435,fake_int8_output,bf16,projection appears sensitive under activation probe,8,28.3535251617,28.3535251617,11.5848588943,27.4625759125,28.3535251617,11.4102296829,11.5848588943,0.00385372634628,0.00385372634628,0.000673362053931,0.154711825773,2.17982710637e-06,0.000330788764586,1,,,,,,0,,0.005,
Qwen/Qwen2.5-0.5B,0.5,tatsu-lab/alpaca,44,h6_0p5b_calibration,calibration_bf16_seed44,base_model.model.model.layers.12.self_attn.v_proj,layers.12.self_attn.v_proj,attention_projection,Linear,v_proj,12,24,0.521739130435,fake_int8_output,bf16,projection appears sensitive under activation probe,8,28.3535251617,28.3535251617,4.64685344696,27.4625759125,28.3535251617,4.27119380236,4.64685344696,0.00385372634628,0.00385372634628,9.44879902818e-05,0.0310543926898,1.52587890625e-05,9.1552734375e-05,1,,,,,,0,,0.005,
Qwen/Qwen2.5-0.5B,0.5,tatsu-lab/alpaca,44,h6_0p5b_calibration,calibration_bf16_seed44,base_model.model.model.layers.13.input_layernorm,layers.13.input_layernorm,norm,Qwen2RMSNorm,input_layernorm,13,24,0.565217391304,fake_int8_output,fp32,high-sensitivity reduction/output path,8,650.358764648,650.358764648,21.6628952026,646.776130676,650.358764648,21.0970098972,21.6628952026,0.0636736545712,0.0636736545712,0.00230548909167,0.483843717724,2.17982710637e-06,2.17982710637e-06,1,,,,,,0,,0.005,
Qwen/Qwen2.5-0.5B,0.5,tatsu-lab/alpaca,44,h6_0p5b_calibration,calibration_bf16_seed44,base_model.model.model.layers.13.mlp.down_proj,layers.13.mlp.down_proj,mlp_projection,Linear,down_proj,13,24,0.565217391304,fake_int8_output,bf16,projection appears sensitive under activation probe,8,56.0629272461,56.0629272461,9.42075538635,52.215077877,56.0629272461,7.51323240995,9.42075538635,0.0132228129078,0.0132228129078,0.00029621869362,0.0946027841419,2.17982710637e-06,4.63213265789e-06,1,,,,,,0,,0.005,
Qwen/Qwen2.5-0.5B,0.5,tatsu-lab/alpaca,44,h6_0p5b_calibration,calibration_bf16_seed44,base_model.model.model.layers.13.mlp.gate_proj,layers.13.mlp.gate_proj,mlp_projection,Linear,gate_proj,13,24,0.565217391304,fake_int8_output,bf16,projection appears sensitive under activation probe,8,22.9128799438,22.9128799438,8.65471935272,22.1123642921,22.9128799438,8.0565059185,8.65471935272,0.00252196725341,0.00252196725341,0.000336569992214,0.110483857803,1.65638101635e-06,1.86719319117e-05,1,,,,,,0,,0.005,
Qwen/Qwen2.5-0.5B,0.5,tatsu-lab/alpaca,44,h6_0p5b_calibration,calibration_bf16_seed44,base_model.model.model.layers.13.mlp.up_proj,layers.13.mlp.up_proj,mlp_projection,Linear,up_proj,13,24,0.565217391304,fake_int8_output,bf16,projection appears sensitive under activation probe,8,22.9128799438,22.9128799438,9.79791736603,22.1123642921,22.9128799438,9.09643352032,9.79791736603,0.00252196725341,0.00252196725341,0.000428521405411,0.140688644722,1.65638101635e-06,6.77610414641e-05,1,,,,,,0,,0.005,
Qwen/Qwen2.5-0.5B,0.5,tatsu-lab/alpaca,44,h6_0p5b_calibration,calibration_bf16_seed44,base_model.model.model.layers.13.post_attention_layernorm,layers.13.post_attention_layernorm,norm,Qwen2RMSNorm,post_attention_layernorm,13,24,0.565217391304,fake_int8_output,fp32,high-sensitivity reduction/output path,8,650.554016113,650.554016113,22.9128799438,647.312652588,650.554016113,22.1123642921,22.9128799438,0.0624701245688,0.0624701245688,0.00252196725341,0.588951505721,2.17982710637e-06,2.17982710637e-06,1,,,,,,0,,0.005,
Qwen/Qwen2.5-0.5B,0.5,tatsu-lab/alpaca,44,h6_0p5b_calibration,calibration_bf16_seed44,base_model.model.model.layers.13.self_attn.k_proj,layers.13.self_attn.k_proj,attention_projection,Linear,k_proj,13,24,0.565217391304,fake_int8_output,bf16,projection appears sensitive under activation probe,8,21.6628952026,21.6628952026,5.1853351593,21.0970098972,21.6628952026,4.86461478472,5.1853351593,0.00230548909167,0.00230548909167,0.000122626534903,0.0398377873935,1.71661376953e-05,5.91278076172e-05,1,,,,,,0,,0.005,
Qwen/Qwen2.5-0.5B,0.5,tatsu-lab/alpaca,44,h6_0p5b_calibration,calibration_bf16_seed44,base_model.model.model.layers.13.self_attn.o_proj,layers.13.self_attn.o_proj,attention_projection,Linear,o_proj,13,24,0.565217391304,fake_int8_output,bf16,projection appears sensitive under activation probe,8,28.3632659912,15.4459686279,28.3632659912,12.3720895052,15.4459686279,24.5365009308,28.3632659912,0.00314770505065,0.000748383019527,0.00314770505065,0.404080957174,2.99726227126e-06,0.000475474790278,1,,,,,,0,,0.005,
Qwen/Qwen2.5-0.5B,0.5,tatsu-lab/alpaca,44,h6_0p5b_calibration,calibration_bf16_seed44,base_model.model.model.layers.13.self_attn.q_proj,layers.13.self_attn.q_proj,attention_projection,Linear,q_proj,13,24,0.565217391304,fake_int8_output,bf16,projection appears sensitive under activation probe,8,21.6628952026,21.6628952026,9.09440326691,21.0970098972,21.6628952026,8.68354439735,9.09440326691,0.00230548909167,0.00230548909167,0.000389852666558,0.101600189693,2.99726229969e-06,0.000181743087296,1,,,,,,0,,0.005,
Qwen/Qwen2.5-0.5B,0.5,tatsu-lab/alpaca,44,h6_0p5b_calibration,calibration_bf16_seed44,base_model.model.model.layers.13.self_attn.v_proj,layers.13.self_attn.v_proj,attention_projection,Linear,v_proj,13,24,0.565217391304,fake_int8_output,bf16,projection appears sensitive under activation probe,8,21.6628952026,21.6628952026,5.61450195312,21.0970098972,21.6628952026,4.71154949069,5.61450195312,0.00230548909167,0.00230548909167,0.000115614948299,0.0380654060282,1.90734863281e-05,0.000129699707031,1,,,,,,0,,0.005,
Qwen/Qwen2.5-0.5B,0.5,tatsu-lab/alpaca,44,h6_0p5b_calibration,calibration_bf16_seed44,base_model.model.model.layers.14.input_layernorm,layers.14.input_layernorm,norm,Qwen2RMSNorm,input_layernorm,14,24,0.608695652174,fake_int8_output,fp32,high-sensitivity reduction/output path,8,645.8671875,645.8671875,23.4028568268,641.731361389,645.8671875,22.5069665909,23.4028568268,0.078205794096,0.078205794096,0.00259915200877,0.543309465051,2.17982710637e-06,2.17982710637e-06,1,,,,,,0,,0.005,
Qwen/Qwen2.5-0.5B,0.5,tatsu-lab/alpaca,44,h6_0p5b_calibration,calibration_bf16_seed44,base_model.model.model.layers.14.mlp.down_proj,layers.14.mlp.down_proj,mlp_projection,Linear,down_proj,14,24,0.608695652174,fake_int8_output,bf16,projection appears sensitive under activation probe,8,56.4120254517,56.4120254517,11.0271806717,50.2124948502,56.4120254517,7.44931167364,11.0271806717,0.0122749478323,0.0122749478323,0.000296762838843,0.0957232313231,2.72478391139e-06,8.99178689906e-06,1,,,,,,0,,0.005,
Qwen/Qwen2.5-0.5B,0.5,tatsu-lab/alpaca,44,h6_0p5b_calibration,calibration_bf16_seed44,base_model.model.model.layers.14.mlp.gate_proj,layers.14.mlp.gate_proj,mlp_projection,Linear,gate_proj,14,24,0.608695652174,fake_int8_output,bf16,projection appears sensitive under activation probe,8,18.1639251709,18.1639251709,8.09110355377,17.7425653934,18.1639251709,6.75941175222,8.09110355377,0.00162563174672,0.00162563174672,0.00023789937768,0.0790841518901,1.20464073916e-06,5.8726237171e-06,1,,,,,,0,,0.005,
Qwen/Qwen2.5-0.5B,0.5,tatsu-lab/alpaca,44,h6_0p5b_calibration,calibration_bf16_seed44,base_model.model.model.layers.14.mlp.up_proj,layers.14.mlp.up_proj,mlp_projection,Linear,up_proj,14,24,0.608695652174,fake_int8_output,bf16,projection appears sensitive under activation probe,8,18.1639251709,18.1639251709,6.86916303635,17.7425653934,18.1639251709,5.99864453077,6.86916303635,0.00162563174672,0.00162563174672,0.000187569688933,0.061620590277,1.20464073916e-06,1.95754120114e-06,1,,,,,,0,,0.005,
Qwen/Qwen2.5-0.5B,0.5,tatsu-lab/alpaca,44,h6_0p5b_calibration,calibration_bf16_seed44,base_model.model.model.layers.14.post_attention_layernorm,layers.14.post_attention_layernorm,norm,Qwen2RMSNorm,post_attention_layernorm,14,24,0.608695652174,fake_int8_output,fp32,high-sensitivity reduction/output path,8,646.242004395,646.242004395,18.1639251709,642.349739075,646.242004395,17.7425653934,18.1639251709,0.0764959165826,0.0764959165826,0.00162563174672,0.429994430393,2.17982710637e-06,3.81469735089e-06,1,,,,,,0,,0.005,
Qwen/Qwen2.5-0.5B,0.5,tatsu-lab/alpaca,44,h6_0p5b_calibration,calibration_bf16_seed44,base_model.model.model.layers.14.self_attn.k_proj,layers.14.self_attn.k_proj,attention_projection,Linear,k_proj,14,24,0.608695652174,fake_int8_output,bf16,projection appears sensitive under activation probe,8,23.4028568268,23.4028568268,8.26044178009,22.5069665909,23.4028568268,7.5684210062,8.26044178009,0.00259915200877,0.00259915200877,0.000295980749797,0.109657868743,1.71661376953e-05,3.62396240234e-05,1,,,,,,0,,0.005,
Qwen/Qwen2.5-0.5B,0.5,tatsu-lab/alpaca,44,h6_0p5b_calibration,calibration_bf16_seed44,base_model.model.model.layers.14.self_attn.o_proj,layers.14.self_attn.o_proj,attention_projection,Linear,o_proj,14,24,0.608695652174,fake_int8_output,bf16,projection appears sensitive under activation probe,8,35.2933006287,20.7471923828,35.2933006287,14.5753443241,20.7471923828,28.8315088749,35.2933006287,0.00430757142021,0.00110612498975,0.00430757142021,0.55201228708,2.17982710637e-06,3.26974068798e-06,1,,,,,,0,,0.005,
Qwen/Qwen2.5-0.5B,0.5,tatsu-lab/alpaca,44,h6_0p5b_calibration,calibration_bf16_seed44,base_model.model.model.layers.14.self_attn.q_proj,layers.14.self_attn.q_proj,attention_projection,Linear,q_proj,14,24,0.608695652174,fake_int8_output,bf16,projection appears sensitive under activation probe,8,23.4028568268,23.4028568268,9.01098823547,22.5069665909,23.4028568268,8.55046069622,9.01098823547,0.00259915200877,0.00259915200877,0.000378056724003,0.10942781996,2.17982710637e-06,8.99178672853e-06,1,,,,,,0,,0.005,
Qwen/Qwen2.5-0.5B,0.5,tatsu-lab/alpaca,44,h6_0p5b_calibration,calibration_bf16_seed44,base_model.model.model.layers.14.self_attn.v_proj,layers.14.self_attn.v_proj,attention_projection,Linear,v_proj,14,24,0.608695652174,fake_int8_output,bf16,projection appears sensitive under activation probe,8,23.4028568268,23.4028568268,7.45889377594,22.5069665909,23.4028568268,4.6396022141,7.45889377594,0.00259915200877,0.00259915200877,0.000118048838885,0.0389186707325,1.52587890625e-05,6.103515625e-05,1,,,,,,0,,0.005,
Qwen/Qwen2.5-0.5B,0.5,tatsu-lab/alpaca,44,h6_0p5b_calibration,calibration_bf16_seed44,base_model.model.model.layers.15.input_layernorm,layers.15.input_layernorm,norm,Qwen2RMSNorm,input_layernorm,15,24,0.652173913043,fake_int8_output,fp32,high-sensitivity reduction/output path,8,642.397888184,642.397888184,24.6413211823,638.070373535,642.397888184,23.9265105724,24.6413211823,0.0877646133304,0.0877646133304,0.00295365988859,0.502653941512,2.17982710637e-06,2.17982710637e-06,1,,,,,,0,,0.005,
Qwen/Qwen2.5-0.5B,0.5,tatsu-lab/alpaca,44,h6_0p5b_calibration,calibration_bf16_seed44,base_model.model.model.layers.15.mlp.down_proj,layers.15.mlp.down_proj,mlp_projection,Linear,down_proj,15,24,0.652173913043,fake_int8_output,bf16,projection appears sensitive under activation probe,8,42.9990882874,42.9990882874,17.1986694336,25.2180495262,42.9990882874,14.4579976797,17.1986694336,0.00350242892455,0.00350242892455,0.00108833606646,0.316208574921,2.17982710637e-06,1.0626657172e-05,1,,,,,,0,,0.005,
Qwen/Qwen2.5-0.5B,0.5,tatsu-lab/alpaca,44,h6_0p5b_calibration,calibration_bf16_seed44,base_model.model.model.layers.15.mlp.gate_proj,layers.15.mlp.gate_proj,mlp_projection,Linear,gate_proj,15,24,0.652173913043,fake_int8_output,bf16,projection appears sensitive under activation probe,8,20.6386604309,20.6386604309,6.44375658035,20.331618309,20.6386604309,5.37429302931,6.44375658035,0.00213242511381,0.00213242511381,0.000150654559548,0.0500582600944,1.20464073916e-06,4.21624264391e-06,1,,,,,,0,,0.005,
Qwen/Qwen2.5-0.5B,0.5,tatsu-lab/alpaca,44,h6_0p5b_calibration,calibration_bf16_seed44,base_model.model.model.layers.15.mlp.up_proj,layers.15.mlp.up_proj,mlp_projection,Linear,up_proj,15,24,0.652173913043,fake_int8_output,bf16,projection appears sensitive under activation probe,8,20.6386604309,20.6386604309,7.27176761627,20.331618309,20.6386604309,6.68113833666,7.27176761627,0.00213242511381,0.00213242511381,0.000231403309954,0.0762116098776,1.65638101635e-06,1.29498878323e-05,1,,,,,,0,,0.005,
Qwen/Qwen2.5-0.5B,0.5,tatsu-lab/alpaca,44,h6_0p5b_calibration,calibration_bf16_seed44,base_model.model.model.layers.15.post_attention_layernorm,layers.15.post_attention_layernorm,norm,Qwen2RMSNorm,post_attention_layernorm,15,24,0.652173913043,fake_int8_output,fp32,high-sensitivity reduction/output path,8,642.638122559,642.638122559,20.6386604309,638.60055542,642.638122559,20.331618309,20.6386604309,0.0863113263622,0.0863113263622,0.00213242511381,0.521769449115,2.17982710637e-06,2.17982710637e-06,1,,,,,,0,,0.005,
Qwen/Qwen2.5-0.5B,0.5,tatsu-lab/alpaca,44,h6_0p5b_calibration,calibration_bf16_seed44,base_model.model.model.layers.15.self_attn.k_proj,layers.15.self_attn.k_proj,attention_projection,Linear,k_proj,15,24,0.652173913043,fake_int8_output,bf16,projection appears sensitive under activation probe,8,24.6413211823,24.6413211823,6.5390868187,23.9265105724,24.6413211823,6.01467245817,6.5390868187,0.00295365988859,0.00295365988859,0.000186842262337,0.0597128821537,1.71661376953e-05,0.000200271606445,1,,,,,,0,,0.005,
Qwen/Qwen2.5-0.5B,0.5,tatsu-lab/alpaca,44,h6_0p5b_calibration,calibration_bf16_seed44,base_model.model.model.layers.15.self_attn.o_proj,layers.15.self_attn.o_proj,attention_projection,Linear,o_proj,15,24,0.652173913043,fake_int8_output,bf16,projection appears sensitive under activation probe,8,21.2087631226,14.5905075073,21.2087631226,12.2220729589,14.5905075073,18.2618684769,21.2087631226,0.00168468210904,0.000797588043497,0.00168468210904,0.341420643032,0.000504357496055,0.000877107931188,1,,,,,,0,,0.005,
Qwen/Qwen2.5-0.5B,0.5,tatsu-lab/alpaca,44,h6_0p5b_calibration,calibration_bf16_seed44,base_model.model.model.layers.15.self_attn.q_proj,layers.15.self_attn.q_proj,attention_projection,Linear,q_proj,15,24,0.652173913043,fake_int8_output,bf16,projection appears sensitive under activation probe,8,24.6413211823,24.6413211823,9.33756351471,23.9265105724,24.6413211823,8.88285982609,9.33756351471,0.00295365988859,0.00295365988859,0.0004079913233,0.105541083962,3.26974068798e-06,0.000341687899891,1,,,,,,0,,0.005,
Qwen/Qwen2.5-0.5B,0.5,tatsu-lab/alpaca,44,h6_0p5b_calibration,calibration_bf16_seed44,base_model.model.model.layers.15.self_attn.v_proj,layers.15.self_attn.v_proj,attention_projection,Linear,v_proj,15,24,0.652173913043,fake_int8_output,bf16,projection appears sensitive under activation probe,8,24.6413211823,24.6413211823,5.47042751312,23.9265105724,24.6413211823,3.96390008926,5.47042751312,0.00295365988859,0.00295365988859,8.3019763224e-05,0.0274481500965,1.52587890625e-05,0.000123977661133,1,,,,,,0,,0.005,
Qwen/Qwen2.5-0.5B,0.5,tatsu-lab/alpaca,44,h6_0p5b_calibration,calibration_bf16_seed44,base_model.model.model.layers.16.input_layernorm,layers.16.input_layernorm,norm,Qwen2RMSNorm,input_layernorm,16,24,0.695652173913,fake_int8_output,fp32,high-sensitivity reduction/output path,8,641.724487305,641.724487305,22.2334136963,638.610557556,641.724487305,21.9536094666,22.2334136963,0.083890193142,0.083890193142,0.00248664148967,0.430225338787,2.17982710637e-06,2.17982710637e-06,1,,,,,,0,,0.005,
Qwen/Qwen2.5-0.5B,0.5,tatsu-lab/alpaca,44,h6_0p5b_calibration,calibration_bf16_seed44,base_model.model.model.layers.16.mlp.down_proj,layers.16.mlp.down_proj,mlp_projection,Linear,down_proj,16,24,0.695652173913,fake_int8_output,bf16,projection appears sensitive under activation probe,8,72.7160415649,72.7160415649,19.8572406769,51.4296176434,72.7160415649,17.2003401518,19.8572406769,0.0136925572297,0.0136925572297,0.00153719678929,0.465693950653,2.17982710637e-06,4.0871758813e-06,1,,,,,,0,,0.005,
Qwen/Qwen2.5-0.5B,0.5,tatsu-lab/alpaca,44,h6_0p5b_calibration,calibration_bf16_seed44,base_model.model.model.layers.16.mlp.gate_proj,layers.16.mlp.gate_proj,mlp_projection,Linear,gate_proj,16,24,0.695652173913,fake_int8_output,bf16,projection appears sensitive under activation probe,8,24.1834754944,24.1834754944,7.2074098587,20.8563027382,24.1834754944,6.16246312857,7.2074098587,0.00225731931278,0.00225731931278,0.000197291985387,0.064819669351,1.20464073916e-06,3.46334218193e-06,1,,,,,,0,,0.005,
Qwen/Qwen2.5-0.5B,0.5,tatsu-lab/alpaca,44,h6_0p5b_calibration,calibration_bf16_seed44,base_model.model.model.layers.16.mlp.up_proj,layers.16.mlp.up_proj,mlp_projection,Linear,up_proj,16,24,0.695652173913,fake_int8_output,bf16,projection appears sensitive under activation probe,8,24.1834754944,24.1834754944,7.52737903595,20.8563027382,24.1834754944,6.27775901556,7.52737903595,0.00225731931278,0.00225731931278,0.000206071621506,0.0679905442521,1.20464073916e-06,9.03480560055e-06,1,,,,,,0,,0.005,
Qwen/Qwen2.5-0.5B,0.5,tatsu-lab/alpaca,44,h6_0p5b_calibration,calibration_bf16_seed44,base_model.model.model.layers.16.post_attention_layernorm,layers.16.post_attention_layernorm,norm,Qwen2RMSNorm,post_attention_layernorm,16,24,0.695652173913,fake_int8_output,fp32,high-sensitivity reduction/output path,8,641.660095215,641.660095215,24.1834754944,638.551757812,641.660095215,20.8563027382,24.1834754944,0.0841193711385,0.0841193711385,0.00225731931278,0.536390431225,2.17982710637e-06,8.1743516489e-06,1,,,,,,0,,0.005,
Qwen/Qwen2.5-0.5B,0.5,tatsu-lab/alpaca,44,h6_0p5b_calibration,calibration_bf16_seed44,base_model.model.model.layers.16.self_attn.k_proj,layers.16.self_attn.k_proj,attention_projection,Linear,k_proj,16,24,0.695652173913,fake_int8_output,bf16,projection appears sensitive under activation probe,8,22.2334136963,22.2334136963,6.18685436249,21.9536094666,22.2334136963,5.34756880999,6.18685436249,0.00248664148967,0.00248664148967,0.000148611728036,0.0509057990275,1.71661376953e-05,2.28881835938e-05,1,,,,,,0,,0.005,
Qwen/Qwen2.5-0.5B,0.5,tatsu-lab/alpaca,44,h6_0p5b_calibration,calibration_bf16_seed44,base_model.model.model.layers.16.self_attn.o_proj,layers.16.self_attn.o_proj,attention_projection,Linear,o_proj,16,24,0.695652173913,fake_int8_output,bf16,projection appears sensitive under activation probe,8,80.0600967407,68.9972991943,80.0600967407,54.196451664,68.9972991943,58.2092857361,80.0600967407,0.0178051018156,0.0163985656109,0.0178051018156,0.467136494815,2.17982710637e-06,3.26974068798e-06,1,,,,,,0,,0.005,
Qwen/Qwen2.5-0.5B,0.5,tatsu-lab/alpaca,44,h6_0p5b_calibration,calibration_bf16_seed44,base_model.model.model.layers.16.self_attn.q_proj,layers.16.self_attn.q_proj,attention_projection,Linear,q_proj,16,24,0.695652173913,fake_int8_output,bf16,projection appears sensitive under activation probe,8,22.2334136963,22.2334136963,11.7436037064,21.9536094666,22.2334136963,9.70889413357,11.7436037064,0.00248664148967,0.00248664148967,0.000489899899549,0.0971716605127,2.45230549467e-06,0.00110163012519,1,,,,,,0,,0.005,
Qwen/Qwen2.5-0.5B,0.5,tatsu-lab/alpaca,44,h6_0p5b_calibration,calibration_bf16_seed44,base_model.model.model.layers.16.self_attn.v_proj,layers.16.self_attn.v_proj,attention_projection,Linear,v_proj,16,24,0.695652173913,fake_int8_output,bf16,projection appears sensitive under activation probe,8,22.2334136963,22.2334136963,6.66869258881,21.9536094666,22.2334136963,6.38540953398,6.66869258881,0.00248664148967,0.00248664148967,0.000211210954149,0.0689424565062,1.71661376953e-05,2.47955322266e-05,1,,,,,,0,,0.005,
Qwen/Qwen2.5-0.5B,0.5,tatsu-lab/alpaca,44,h6_0p5b_calibration,calibration_bf16_seed44,base_model.model.model.layers.17.input_layernorm,layers.17.input_layernorm,norm,Qwen2RMSNorm,input_layernorm,17,24,0.739130434783,fake_int8_output,fp32,high-sensitivity reduction/output path,8,635.929504395,635.929504395,18.5636348724,633.116401672,635.929504395,16.8495743275,18.5636348724,0.093724350445,0.093724350445,0.0014693189587,0.342966068536,2.45230549467e-06,1.06266570015e-05,1,,,,,,0,,0.005,
Qwen/Qwen2.5-0.5B,0.5,tatsu-lab/alpaca,44,h6_0p5b_calibration,calibration_bf16_seed44,base_model.model.model.layers.17.mlp.down_proj,layers.17.mlp.down_proj,mlp_projection,Linear,down_proj,17,24,0.739130434783,fake_int8_output,bf16,projection appears sensitive under activation probe,8,62.6008605957,62.6008605957,12.4792356491,59.0400977135,62.6008605957,10.8667783737,12.4792356491,0.0165224996163,0.0165224996163,0.000612970077782,0.193857477978,2.45230549467e-06,7.90187320376e-06,1,,,,,,0,,0.005,
Qwen/Qwen2.5-0.5B,0.5,tatsu-lab/alpaca,44,h6_0p5b_calibration,calibration_bf16_seed44,base_model.model.model.layers.17.mlp.gate_proj,layers.17.mlp.gate_proj,mlp_projection,Linear,gate_proj,17,24,0.739130434783,fake_int8_output,bf16,projection appears sensitive under activation probe,8,27.0006217957,27.0006217957,8.02658462524,23.1380896568,27.0006217957,5.89909172058,8.02658462524,0.00277837380418,0.00277837380418,0.000183434383871,0.060028007254,1.65638101635e-06,1.35522084861e-05,1,,,,,,0,,0.005,
Qwen/Qwen2.5-0.5B,0.5,tatsu-lab/alpaca,44,h6_0p5b_calibration,calibration_bf16_seed44,base_model.model.model.layers.17.mlp.up_proj,layers.17.mlp.up_proj,mlp_projection,Linear,up_proj,17,24,0.739130434783,fake_int8_output,bf16,projection appears sensitive under activation probe,8,27.0006217957,27.0006217957,6.19527816772,23.1380896568,27.0006217957,5.96626389027,6.19527816772,0.00277837380418,0.00277837380418,0.000183885595106,0.060398904141,1.65638101635e-06,3.82473432978e-05,1,,,,,,0,,0.005,
Qwen/Qwen2.5-0.5B,0.5,tatsu-lab/alpaca,44,h6_0p5b_calibration,calibration_bf16_seed44,base_model.model.model.layers.17.post_attention_layernorm,layers.17.post_attention_layernorm,norm,Qwen2RMSNorm,post_attention_layernorm,17,24,0.739130434783,fake_int8_output,fp32,high-sensitivity reduction/output path,8,635.096191406,635.096191406,27.0006217957,632.086647034,635.096191406,23.1380896568,27.0006217957,0.0950943594798,0.0950943594798,0.00277837380418,0.593823350966,2.45230549467e-06,1.06266573709e-05,1,,,,,,0,,0.005,
Qwen/Qwen2.5-0.5B,0.5,tatsu-lab/alpaca,44,h6_0p5b_calibration,calibration_bf16_seed44,base_model.model.model.layers.17.self_attn.k_proj,layers.17.self_attn.k_proj,attention_projection,Linear,k_proj,17,24,0.739130434783,fake_int8_output,bf16,projection appears sensitive under activation probe,8,18.5636348724,18.5636348724,8.25503540039,16.8495743275,18.5636348724,6.66921615601,8.25503540039,0.0014693189587,0.0014693189587,0.000232374715779,0.0767913088202,1.52587890625e-05,5.34057617188e-05,1,,,,,,0,,0.005,
Qwen/Qwen2.5-0.5B,0.5,tatsu-lab/alpaca,44,h6_0p5b_calibration,calibration_bf16_seed44,base_model.model.model.layers.17.self_attn.o_proj,layers.17.self_attn.o_proj,attention_projection,Linear,o_proj,17,24,0.739130434783,fake_int8_output,bf16,projection appears sensitive under activation probe,8,20.9753665924,15.9783210754,20.9753665924,13.3383185863,15.9783210754,18.9582082033,20.9753665924,0.00185091403546,0.000909341746592,0.00185091403546,0.411267142743,2.17982710637e-06,4.0871758813e-06,1,,,,,,0,,0.005,
Qwen/Qwen2.5-0.5B,0.5,tatsu-lab/alpaca,44,h6_0p5b_calibration,calibration_bf16_seed44,base_model.model.model.layers.17.self_attn.q_proj,layers.17.self_attn.q_proj,attention_projection,Linear,q_proj,17,24,0.739130434783,fake_int8_output,bf16,projection appears sensitive under activation probe,8,18.5636348724,18.5636348724,9.31179523468,16.8495743275,18.5636348724,8.54740643501,9.31179523468,0.0014693189587,0.0014693189587,0.000378383832867,0.107450964861,3.54221904786e-06,0.000654220599813,1,,,,,,0,,0.005,
Qwen/Qwen2.5-0.5B,0.5,tatsu-lab/alpaca,44,h6_0p5b_calibration,calibration_bf16_seed44,base_model.model.model.layers.17.self_attn.v_proj,layers.17.self_attn.v_proj,attention_projection,Linear,v_proj,17,24,0.739130434783,fake_int8_output,bf16,projection appears sensitive under activation probe,8,18.5636348724,18.5636348724,8.18234062195,16.8495743275,18.5636348724,7.04196023941,8.18234062195,0.0014693189587,0.0014693189587,0.000257689704085,0.0827741501853,1.52587890625e-05,3.43322753906e-05,1,,,,,,0,,0.005,
Qwen/Qwen2.5-0.5B,0.5,tatsu-lab/alpaca,44,h6_0p5b_calibration,calibration_bf16_seed44,base_model.model.model.layers.18.input_layernorm,layers.18.input_layernorm,norm,Qwen2RMSNorm,input_layernorm,18,24,0.782608695652,fake_int8_output,fp32,high-sensitivity reduction/output path,8,611.628051758,611.628051758,18.1103305817,605.409507751,611.628051758,17.7529256344,18.1103305817,0.151290377602,0.151290377602,0.00162996265863,0.350940987468,2.17982710637e-06,4.9046109325e-06,1,,,,,,0,,0.005,
Qwen/Qwen2.5-0.5B,0.5,tatsu-lab/alpaca,44,h6_0p5b_calibration,calibration_bf16_seed44,base_model.model.model.layers.18.mlp.down_proj,layers.18.mlp.down_proj,mlp_projection,Linear,down_proj,18,24,0.782608695652,fake_int8_output,bf16,projection appears sensitive under activation probe,8,75.7278747559,75.7278747559,17.267364502,46.058650732,75.7278747559,15.5005350113,17.267364502,0.0113054709509,0.0113054709509,0.0012488092616,0.371729843318,2.17982710637e-06,7.35691651244e-06,1,,,,,,0,,0.005,
Qwen/Qwen2.5-0.5B,0.5,tatsu-lab/alpaca,44,h6_0p5b_calibration,calibration_bf16_seed44,base_model.model.model.layers.18.mlp.gate_proj,layers.18.mlp.gate_proj,mlp_projection,Linear,gate_proj,18,24,0.782608695652,fake_int8_output,bf16,projection appears sensitive under activation probe,8,23.6268043518,23.6268043518,6.57613325119,22.6072163582,23.6268043518,5.57482004166,6.57613325119,0.00263677435578,0.00263677435578,0.000162362498486,0.053182659205,1.20464073916e-06,1.02394461692e-05,1,,,,,,0,,0.005,
Qwen/Qwen2.5-0.5B,0.5,tatsu-lab/alpaca,44,h6_0p5b_calibration,calibration_bf16_seed44,base_model.model.model.layers.18.mlp.up_proj,layers.18.mlp.up_proj,mlp_projection,Linear,up_proj,18,24,0.782608695652,fake_int8_output,bf16,projection appears sensitive under activation probe,8,23.6268043518,23.6268043518,8.6433801651,22.6072163582,23.6268043518,8.45361566544,8.6433801651,0.00263677435578,0.00263677435578,0.000369189147023,0.120871624909,1.35522083156e-06,0.000150278934598,1,,,,,,0,,0.005,
Qwen/Qwen2.5-0.5B,0.5,tatsu-lab/alpaca,44,h6_0p5b_calibration,calibration_bf16_seed44,base_model.model.model.layers.18.post_attention_layernorm,layers.18.post_attention_layernorm,norm,Qwen2RMSNorm,post_attention_layernorm,18,24,0.782608695652,fake_int8_output,fp32,high-sensitivity reduction/output path,8,611.790039062,611.790039062,23.6268043518,605.616416931,611.790039062,22.6072163582,23.6268043518,0.150455193594,0.150455193594,0.00263677435578,0.576607190073,2.17982710637e-06,4.35965412748e-06,1,,,,,,0,,0.005,
Qwen/Qwen2.5-0.5B,0.5,tatsu-lab/alpaca,44,h6_0p5b_calibration,calibration_bf16_seed44,base_model.model.model.layers.18.self_attn.k_proj,layers.18.self_attn.k_proj,attention_projection,Linear,k_proj,18,24,0.782608695652,fake_int8_output,bf16,projection appears sensitive under activation probe,8,18.1103305817,18.1103305817,6.58093976974,17.7529256344,18.1103305817,5.88736158609,6.58093976974,0.00162996265863,0.00162996265863,0.000179734002813,0.0605442901142,1.52587890625e-05,5.53131103516e-05,1,,,,,,0,,0.005,
Qwen/Qwen2.5-0.5B,0.5,tatsu-lab/alpaca,44,h6_0p5b_calibration,calibration_bf16_seed44,base_model.model.model.layers.18.self_attn.o_proj,layers.18.self_attn.o_proj,attention_projection,Linear,o_proj,18,24,0.782608695652,fake_int8_output,bf16,projection appears sensitive under activation probe,8,55.5730133057,38.6675834656,55.5730133057,28.7557885647,38.6675834656,41.2564268112,55.5730133057,0.00945458147908,0.00490263968823,0.00945458147908,0.405785530806,1.74386169363e-05,0.000132696975527,1,,,,,,0,,0.005,
Qwen/Qwen2.5-0.5B,0.5,tatsu-lab/alpaca,44,h6_0p5b_calibration,calibration_bf16_seed44,base_model.model.model.layers.18.self_attn.q_proj,layers.18.self_attn.q_proj,attention_projection,Linear,q_proj,18,24,0.782608695652,fake_int8_output,bf16,projection appears sensitive under activation probe,8,18.1103305817,18.1103305817,9.57187747955,17.7529256344,18.1103305817,9.2257720232,9.57187747955,0.00162996265863,0.00162996265863,0.000440076230007,0.119266180322,2.72478388297e-06,0.00112996786265,1,,,,,,0,,0.005,
Qwen/Qwen2.5-0.5B,0.5,tatsu-lab/alpaca,44,h6_0p5b_calibration,calibration_bf16_seed44,base_model.model.model.layers.18.self_attn.v_proj,layers.18.self_attn.v_proj,attention_projection,Linear,v_proj,18,24,0.782608695652,fake_int8_output,bf16,projection appears sensitive under activation probe,8,18.1103305817,18.1103305817,7.06968307495,17.7529256344,18.1103305817,6.18172061443,7.06968307495,0.00162996265863,0.00162996265863,0.000199267833523,0.0645565520972,1.52587890625e-05,2.86102294922e-05,1,,,,,,0,,0.005,
Qwen/Qwen2.5-0.5B,0.5,tatsu-lab/alpaca,44,h6_0p5b_calibration,calibration_bf16_seed44,base_model.model.model.layers.19.input_layernorm,layers.19.input_layernorm,norm,Qwen2RMSNorm,input_layernorm,19,24,0.826086956522,fake_int8_output,fp32,high-sensitivity reduction/output path,8,599.287658691,599.287658691,16.1173820496,594.609992981,599.287658691,15.7271971703,16.1173820496,0.171621577814,0.171621577814,0.0012728482543,0.234019134194,2.17982710637e-06,2.17982710637e-06,1,,,,,,0,,0.005,
Qwen/Qwen2.5-0.5B,0.5,tatsu-lab/alpaca,44,h6_0p5b_calibration,calibration_bf16_seed44,base_model.model.model.layers.19.mlp.down_proj,layers.19.mlp.down_proj,mlp_projection,Linear,down_proj,19,24,0.826086956522,fake_int8_output,bf16,projection appears sensitive under activation probe,8,50.153717041,50.153717041,15.2962341309,35.5997583866,50.153717041,12.289367795,15.2962341309,0.00653685699217,0.00653685699217,0.000792969825852,0.254535969347,2.17982710637e-06,3.54221904786e-06,1,,,,,,0,,0.005,
Qwen/Qwen2.5-0.5B,0.5,tatsu-lab/alpaca,44,h6_0p5b_calibration,calibration_bf16_seed44,base_model.model.model.layers.19.mlp.gate_proj,layers.19.mlp.gate_proj,mlp_projection,Linear,gate_proj,19,24,0.826086956522,fake_int8_output,bf16,projection appears sensitive under activation probe,8,26.5624427795,26.5624427795,6.86408948898,25.7770068645,26.5624427795,6.14611071348,6.86408948898,0.00342952535721,0.00342952535721,0.000195982829609,0.063569852151,1.20464073916e-06,3.31276203269e-06,1,,,,,,0,,0.005,
Qwen/Qwen2.5-0.5B,0.5,tatsu-lab/alpaca,44,h6_0p5b_calibration,calibration_bf16_seed44,base_model.model.model.layers.19.mlp.up_proj,layers.19.mlp.up_proj,mlp_projection,Linear,up_proj,19,24,0.826086956522,fake_int8_output,bf16,projection appears sensitive under activation probe,8,26.5624427795,26.5624427795,7.8548913002,25.7770068645,26.5624427795,7.13764506578,7.8548913002,0.00342952535721,0.00342952535721,0.00026428082856,0.0869671870023,1.20464073916e-06,1.53591691969e-05,1,,,,,,0,,0.005,
Qwen/Qwen2.5-0.5B,0.5,tatsu-lab/alpaca,44,h6_0p5b_calibration,calibration_bf16_seed44,base_model.model.model.layers.19.post_attention_layernorm,layers.19.post_attention_layernorm,norm,Qwen2RMSNorm,post_attention_layernorm,19,24,0.826086956522,fake_int8_output,fp32,high-sensitivity reduction/output path,8,600.084411621,600.084411621,26.5624427795,595.553672791,600.084411621,25.7770068645,26.5624427795,0.173289990053,0.173289990053,0.00342952535721,0.609228208661,2.45230549467e-06,4.6321325442e-06,1,,,,,,0,,0.005,
Qwen/Qwen2.5-0.5B,0.5,tatsu-lab/alpaca,44,h6_0p5b_calibration,calibration_bf16_seed44,base_model.model.model.layers.19.self_attn.k_proj,layers.19.self_attn.k_proj,attention_projection,Linear,k_proj,19,24,0.826086956522,fake_int8_output,bf16,projection appears sensitive under activation probe,8,16.1173820496,16.1173820496,7.61853218079,15.7271971703,16.1173820496,6.28962808847,7.61853218079,0.0012728482543,0.0012728482543,0.000206031299967,0.0718339257874,1.52587890625e-05,0.000394821166992,1,,,,,,0,,0.005,
Qwen/Qwen2.5-0.5B,0.5,tatsu-lab/alpaca,44,h6_0p5b_calibration,calibration_bf16_seed44,base_model.model.model.layers.19.self_attn.o_proj,layers.19.self_attn.o_proj,attention_projection,Linear,o_proj,19,24,0.826086956522,fake_int8_output,bf16,projection appears sensitive under activation probe,8,25.3006305695,25.3006305695,22.3073711395,20.2107596397,25.3006305695,20.1843390465,22.3073711395,0.00206786325725,0.0020506837318,0.00206786325725,0.343703597784,0.000180653173288,0.000622068161903,1,,,,,,0,,0.005,
Qwen/Qwen2.5-0.5B,0.5,tatsu-lab/alpaca,44,h6_0p5b_calibration,calibration_bf16_seed44,base_model.model.model.layers.19.self_attn.q_proj,layers.19.self_attn.q_proj,attention_projection,Linear,q_proj,19,24,0.826086956522,fake_int8_output,bf16,projection appears sensitive under activation probe,8,16.1173820496,16.1173820496,8.64794158936,15.7271971703,16.1173820496,8.4131282568,8.64794158936,0.0012728482543,0.0012728482543,0.00036730444117,0.107511433773,4.35965424117e-06,0.00147574296716,1,,,,,,0,,0.005,
Qwen/Qwen2.5-0.5B,0.5,tatsu-lab/alpaca,44,h6_0p5b_calibration,calibration_bf16_seed44,base_model.model.model.layers.19.self_attn.v_proj,layers.19.self_attn.v_proj,attention_projection,Linear,v_proj,19,24,0.826086956522,fake_int8_output,bf16,projection appears sensitive under activation probe,8,16.1173820496,16.1173820496,5.50798177719,15.7271971703,16.1173820496,4.6027173996,5.50798177719,0.0012728482543,0.0012728482543,0.000110022022454,0.0365738249384,1.71661376953e-05,0.000511169433594,1,,,,,,0,,0.005,
Qwen/Qwen2.5-0.5B,0.5,tatsu-lab/alpaca,44,h6_0p5b_calibration,calibration_bf16_seed44,base_model.model.model.layers.2.input_layernorm,layers.2.input_layernorm,norm,Qwen2RMSNorm,input_layernorm,2,24,0.0869565217391,fake_int8_output,fp32,high-sensitivity reduction/output path,8,30.3084602356,19.5348720551,30.3084602356,19.1708598137,19.5348720551,28.5754449368,30.3084602356,0.00425071903737,0.00189957587281,0.00425071903737,0.479720778763,2.45230549467e-06,4.63213265789e-06,1,,,,,,0,,0.005,
Qwen/Qwen2.5-0.5B,0.5,tatsu-lab/alpaca,44,h6_0p5b_perturbation,perturbation_bf16_seed44,base_model.model.model.layers.2.mlp.down_proj,layers.2.mlp.down_proj,mlp_projection,Linear,down_proj,2,24,0.0869565217391,fake_int8_output,bf16,projection appears sensitive under activation probe,8,909.702819824,909.702819824,661.580444336,909.622673035,909.702819824,661.341812134,661.580444336,0.0158522741403,0.00308249151567,0.0158522741403,0.0466025630012,2.17982710637e-06,2.17982710637e-06,1,2.38187983632,2.84492462873,0.463044792414,0.463044792414,1.28692173958,1,0,0.005,perturbation_abs_threshold
Qwen/Qwen2.5-0.5B,0.5,tatsu-lab/alpaca,44,h6_0p5b_calibration,calibration_bf16_seed44,base_model.model.model.layers.2.mlp.gate_proj,layers.2.mlp.gate_proj,mlp_projection,Linear,gate_proj,2,24,0.0869565217391,fake_int8_output,bf16,projection appears sensitive under activation probe,8,38.8074760437,38.8074760437,22.7093067169,38.3730707169,38.8074760437,22.3762283325,22.7093067169,0.00760802038712,0.00760802038712,0.00258669251343,0.704099260271,1.20464073916e-06,2.40928147832e-06,1,,,,,,0,,0.005,
Qwen/Qwen2.5-0.5B,0.5,tatsu-lab/alpaca,44,h6_0p5b_calibration,calibration_bf16_seed44,base_model.model.model.layers.2.mlp.up_proj,layers.2.mlp.up_proj,mlp_projection,Linear,up_proj,2,24,0.0869565217391,fake_int8_output,bf16,projection appears sensitive under activation probe,8,222.11505127,38.8074760437,222.11505127,38.3730707169,38.8074760437,219.98915863,222.11505127,0.248359728605,0.00760802038712,0.248359728605,0.941209033132,1.20464073916e-06,1.20464073916e-06,1,,,,,,0,,0.005,
Qwen/Qwen2.5-0.5B,0.5,tatsu-lab/alpaca,44,h6_0p5b_calibration,calibration_bf16_seed44,base_model.model.model.layers.2.post_attention_layernorm,layers.2.post_attention_layernorm,norm,Qwen2RMSNorm,post_attention_layernorm,2,24,0.0869565217391,fake_int8_output,fp32,high-sensitivity reduction/output path,8,38.8074760437,23.3942680359,38.8074760437,20.3107028008,23.3942680359,38.3730707169,38.8074760437,0.00760802038712,0.00215607757855,0.00760802038712,0.826141446829,2.17982710637e-06,2.17982710637e-06,1,,,,,,0,,0.005,
Qwen/Qwen2.5-0.5B,0.5,tatsu-lab/alpaca,44,h6_0p5b_calibration,calibration_bf16_seed44,base_model.model.model.layers.2.self_attn.k_proj,layers.2.self_attn.k_proj,attention_projection,Linear,k_proj,2,24,0.0869565217391,fake_int8_output,bf16,projection appears sensitive under activation probe,8,30.3084602356,30.3084602356,5.13260936737,28.5754449368,30.3084602356,5.10782283545,5.13260936737,0.00425071903737,0.00425071903737,0.000134923731821,0.0242134807631,1.52587890625e-05,0.00727844238281,1,,,,,,0,,0.005,
Qwen/Qwen2.5-0.5B,0.5,tatsu-lab/alpaca,44,h6_0p5b_calibration,calibration_bf16_seed44,base_model.model.model.layers.2.self_attn.o_proj,layers.2.self_attn.o_proj,attention_projection,Linear,o_proj,2,24,0.0869565217391,fake_int8_output,bf16,projection appears sensitive under activation probe,8,48.9336204529,21.313791275,48.9336204529,19.7370944023,21.313791275,47.2585954666,48.9336204529,0.0115641133161,0.00201451955945,0.0115641133161,0.758855633438,2.17982710637e-06,2.99726229969e-06,1,,,,,,0,,0.005,
Qwen/Qwen2.5-0.5B,0.5,tatsu-lab/alpaca,44,h6_0p5b_calibration,calibration_bf16_seed44,base_model.model.model.layers.2.self_attn.q_proj,layers.2.self_attn.q_proj,attention_projection,Linear,q_proj,2,24,0.0869565217391,fake_int8_output,bf16,projection appears sensitive under activation probe,8,30.3084602356,30.3084602356,10.0672473907,28.5754449368,30.3084602356,8.62702310085,10.0672473907,0.00425071903737,0.00425071903737,0.000387694981328,0.116560827941,2.72478388297e-06,7.629394986e-06,1,,,,,,0,,0.005,
Qwen/Qwen2.5-0.5B,0.5,tatsu-lab/alpaca,44,h6_0p5b_calibration,calibration_bf16_seed44,base_model.model.model.layers.2.self_attn.v_proj,layers.2.self_attn.v_proj,attention_projection,Linear,v_proj,2,24,0.0869565217391,fake_int8_output,bf16,projection appears sensitive under activation probe,8,30.3084602356,30.3084602356,8.53660869598,28.5754449368,30.3084602356,8.24401557446,8.53660869598,0.00425071903737,0.00425071903737,0.000351566253812,0.113089063205,1.52587890625e-05,4.19616699219e-05,1,,,,,,0,,0.005,
Qwen/Qwen2.5-0.5B,0.5,tatsu-lab/alpaca,44,h6_0p5b_calibration,calibration_bf16_seed44,base_model.model.model.layers.20.input_layernorm,layers.20.input_layernorm,norm,Qwen2RMSNorm,input_layernorm,20,24,0.869565217391,fake_int8_output,fp32,high-sensitivity reduction/output path,8,577.770996094,577.770996094,19.7341709137,574.656463623,577.770996094,19.3058569431,19.7341709137,0.210470050573,0.210470050573,0.00192328715639,0.305884297937,2.17982710637e-06,2.17982710637e-06,1,,,,,,0,,0.005,
Qwen/Qwen2.5-0.5B,0.5,tatsu-lab/alpaca,44,h6_0p5b_calibration,calibration_bf16_seed44,base_model.model.model.layers.20.mlp.down_proj,layers.20.mlp.down_proj,mlp_projection,Linear,down_proj,20,24,0.869565217391,fake_int8_output,bf16,projection appears sensitive under activation probe,8,38.8314552307,38.8314552307,18.9050064087,30.8800878525,38.8314552307,16.0428698063,18.9050064087,0.00485728346393,0.00485728346393,0.00135141071951,0.380788229406,2.17982710637e-06,7.90187317534e-06,1,,,,,,0,,0.005,
Qwen/Qwen2.5-0.5B,0.5,tatsu-lab/alpaca,44,h6_0p5b_calibration,calibration_bf16_seed44,base_model.model.model.layers.20.mlp.gate_proj,layers.20.mlp.gate_proj,mlp_projection,Linear,gate_proj,20,24,0.869565217391,fake_int8_output,bf16,projection appears sensitive under activation probe,8,31.7344589233,31.7344589233,7.84464120865,31.3469810486,31.7344589233,6.55159330368,7.84464120865,0.00506757496623,0.00506757496623,0.000223862885832,0.0736345313489,1.20464073916e-06,2.55986157072e-06,1,,,,,,0,,0.005,
Qwen/Qwen2.5-0.5B,0.5,tatsu-lab/alpaca,44,h6_0p5b_calibration,calibration_bf16_seed44,base_model.model.model.layers.20.mlp.up_proj,layers.20.mlp.up_proj,mlp_projection,Linear,up_proj,20,24,0.869565217391,fake_int8_output,bf16,projection appears sensitive under activation probe,8,31.7344589233,31.7344589233,7.70144748688,31.3469810486,31.7344589233,6.87827217579,7.70144748688,0.00506757496623,0.00506757496623,0.000245617315159,0.0803988883272,1.35522083156e-06,7.87533896869e-05,1,,,,,,0,,0.005,
Qwen/Qwen2.5-0.5B,0.5,tatsu-lab/alpaca,44,h6_0p5b_calibration,calibration_bf16_seed44,base_model.model.model.layers.20.post_attention_layernorm,layers.20.post_attention_layernorm,norm,Qwen2RMSNorm,post_attention_layernorm,20,24,0.869565217391,fake_int8_output,fp32,high-sensitivity reduction/output path,8,574.954345703,574.954345703,31.7344589233,571.445137024,574.954345703,31.3469810486,31.7344589233,0.213311295956,0.213311295956,0.00506757496623,0.659432731569,2.17982710637e-06,2.17982710637e-06,1,,,,,,0,,0.005,
Qwen/Qwen2.5-0.5B,0.5,tatsu-lab/alpaca,44,h6_0p5b_calibration,calibration_bf16_seed44,base_model.model.model.layers.20.self_attn.k_proj,layers.20.self_attn.k_proj,attention_projection,Linear,k_proj,20,24,0.869565217391,fake_int8_output,bf16,projection appears sensitive under activation probe,8,19.7341709137,19.7341709137,9.32746696472,19.3058569431,19.7341709137,8.01647311449,9.32746696472,0.00192328715639,0.00192328715639,0.000333345895342,0.0997451003641,1.52587890625e-05,4.95910644531e-05,1,,,,,,0,,0.005,
Qwen/Qwen2.5-0.5B,0.5,tatsu-lab/alpaca,44,h6_0p5b_calibration,calibration_bf16_seed44,base_model.model.model.layers.20.self_attn.o_proj,layers.20.self_attn.o_proj,attention_projection,Linear,o_proj,20,24,0.869565217391,fake_int8_output,bf16,projection appears sensitive under activation probe,8,26.2338695526,13.7586870193,26.2338695526,13.1469925642,13.7586870193,24.0372633934,26.2338695526,0.00299943936989,0.000899269871297,0.00299943936989,0.607396900654,2.45230549467e-06,5.44956779436e-06,1,,,,,,0,,0.005,
Qwen/Qwen2.5-0.5B,0.5,tatsu-lab/alpaca,44,h6_0p5b_calibration,calibration_bf16_seed44,base_model.model.model.layers.20.self_attn.q_proj,layers.20.self_attn.q_proj,attention_projection,Linear,q_proj,20,24,0.869565217391,fake_int8_output,bf16,projection appears sensitive under activation probe,8,19.7341709137,19.7341709137,7.87157058716,19.3058569431,19.7341709137,7.43458795547,7.87157058716,0.00192328715639,0.00192328715639,0.000285505317152,0.0897549893707,3.54221907628e-06,0.000457491215457,1,,,,,,0,,0.005,
Qwen/Qwen2.5-0.5B,0.5,tatsu-lab/alpaca,44,h6_0p5b_calibration,calibration_bf16_seed44,base_model.model.model.layers.20.self_attn.v_proj,layers.20.self_attn.v_proj,attention_projection,Linear,v_proj,20,24,0.869565217391,fake_int8_output,bf16,projection appears sensitive under activation probe,8,19.7341709137,19.7341709137,10.2571334839,19.3058569431,19.7341709137,8.53100419044,10.2571334839,0.00192328715639,0.00192328715639,0.00038036803744,0.122424791567,1.52587890625e-05,6.67572021484e-05,1,,,,,,0,,0.005,
Qwen/Qwen2.5-0.5B,0.5,tatsu-lab/alpaca,44,h6_0p5b_calibration,calibration_bf16_seed44,base_model.model.model.layers.21.input_layernorm,layers.21.input_layernorm,norm,Qwen2RMSNorm,input_layernorm,21,24,0.913043478261,fake_int8_output,fp32,high-sensitivity reduction/output path,8,530.383483887,530.383483887,20.3720283508,527.473045349,530.383483887,19.8012251854,20.3720283508,0.250591857359,0.250591857359,0.00202332428307,0.222206735983,2.17982710637e-06,2.17982710637e-06,1,,,,,,0,,0.005,
Qwen/Qwen2.5-0.5B,0.5,tatsu-lab/alpaca,44,h6_0p5b_perturbation,perturbation_bf16_seed44,base_model.model.model.layers.21.mlp.down_proj,layers.21.mlp.down_proj,mlp_projection,Linear,down_proj,21,24,0.913043478261,fake_int8_output,bf16,projection appears sensitive under activation probe,8,772.862365723,772.862365723,580.811218262,767.141197205,772.862365723,573.94808197,580.811218262,0.107701626606,0.04694295628,0.107701626606,0.28189972043,2.17982710637e-06,2.17982710637e-06,1,2.38187983632,2.7090023756,0.327122539282,0.327122539282,0.459856629372,1,0,0.005,perturbation_abs_threshold
Qwen/Qwen2.5-0.5B,0.5,tatsu-lab/alpaca,44,h6_0p5b_calibration,calibration_bf16_seed44,base_model.model.model.layers.21.mlp.gate_proj,layers.21.mlp.gate_proj,mlp_projection,Linear,gate_proj,21,24,0.913043478261,fake_int8_output,bf16,projection appears sensitive under activation probe,8,134.533676147,134.533676147,22.8102416992,132.953207016,134.533676147,22.386985302,22.8102416992,0.0919817844406,0.0919817844406,0.00259006864508,0.693414211273,1.20464073916e-06,1.50580092395e-06,1,,,,,,0,,0.005,
Qwen/Qwen2.5-0.5B,0.5,tatsu-lab/alpaca,44,h6_0p5b_calibration,calibration_bf16_seed44,base_model.model.model.layers.21.mlp.up_proj,layers.21.mlp.up_proj,mlp_projection,Linear,up_proj,21,24,0.913043478261,fake_int8_output,bf16,projection appears sensitive under activation probe,8,134.533676147,134.533676147,32.139957428,132.953207016,134.533676147,31.6900584698,32.139957428,0.0919817844406,0.0919817844406,0.00518680328969,0.758802376688,1.20464073916e-06,1.20464073916e-06,1,,,,,,0,,0.005,
Qwen/Qwen2.5-0.5B,0.5,tatsu-lab/alpaca,44,h6_0p5b_calibration,calibration_bf16_seed44,base_model.model.model.layers.21.post_attention_layernorm,layers.21.post_attention_layernorm,norm,Qwen2RMSNorm,post_attention_layernorm,21,24,0.913043478261,fake_int8_output,fp32,high-sensitivity reduction/output path,8,526.910095215,526.910095215,134.533676147,523.49092865,526.910095215,132.953207016,134.533676147,0.256689352915,0.256689352915,0.0919817844406,0.957403488457,2.17982710637e-06,2.17982710637e-06,1,,,,,,0,,0.005,
Qwen/Qwen2.5-0.5B,0.5,tatsu-lab/alpaca,44,h6_0p5b_calibration,calibration_bf16_seed44,base_model.model.model.layers.21.self_attn.k_proj,layers.21.self_attn.k_proj,attention_projection,Linear,k_proj,21,24,0.913043478261,fake_int8_output,bf16,projection appears sensitive under activation probe,8,20.3720283508,20.3720283508,8.58859920502,19.8012251854,20.3720283508,7.81371241808,8.58859920502,0.00202332428307,0.00202332428307,0.000317172209179,0.0904221888632,1.71661376953e-05,4.76837158203e-05,1,,,,,,0,,0.005,
Qwen/Qwen2.5-0.5B,0.5,tatsu-lab/alpaca,44,h6_0p5b_calibration,calibration_bf16_seed44,base_model.model.model.layers.21.self_attn.o_proj,layers.21.self_attn.o_proj,attention_projection,Linear,o_proj,21,24,0.913043478261,fake_int8_output,bf16,projection appears sensitive under activation probe,8,56.3777427673,13.2463550568,56.3777427673,12.4008574486,13.2463550568,47.8904709816,56.3777427673,0.0119235654129,0.00079700252536,0.0119235654129,0.832497872412,2.17982710637e-06,5.17708940606e-06,1,,,,,,0,,0.005,
Qwen/Qwen2.5-0.5B,0.5,tatsu-lab/alpaca,44,h6_0p5b_calibration,calibration_bf16_seed44,base_model.model.model.layers.21.self_attn.q_proj,layers.21.self_attn.q_proj,attention_projection,Linear,q_proj,21,24,0.913043478261,fake_int8_output,bf16,projection appears sensitive under activation probe,8,20.3720283508,20.3720283508,7.43482494354,19.8012251854,20.3720283508,6.99999833107,7.43482494354,0.00202332428307,0.00202332428307,0.000253525435255,0.0682053472847,6.26700301609e-06,0.000964028536288,1,,,,,,0,,0.005,
Qwen/Qwen2.5-0.5B,0.5,tatsu-lab/alpaca,44,h6_0p5b_calibration,calibration_bf16_seed44,base_model.model.model.layers.21.self_attn.v_proj,layers.21.self_attn.v_proj,attention_projection,Linear,v_proj,21,24,0.913043478261,fake_int8_output,bf16,projection appears sensitive under activation probe,8,20.3720283508,20.3720283508,6.06496286392,19.8012251854,20.3720283508,5.5857591033,6.06496286392,0.00202332428307,0.00202332428307,0.000161873034813,0.0525062684901,1.52587890625e-05,7.05718994141e-05,1,,,,,,0,,0.005,
Qwen/Qwen2.5-0.5B,0.5,tatsu-lab/alpaca,44,h6_0p5b_calibration,calibration_bf16_seed44,base_model.model.model.layers.22.input_layernorm,layers.22.input_layernorm,norm,Qwen2RMSNorm,input_layernorm,22,24,0.95652173913,fake_int8_output,fp32,high-sensitivity reduction/output path,8,26.1809940338,26.1809940338,14.6824874878,25.392793417,26.1809940338,14.1408990622,14.6824874878,0.00333002209663,0.00333002209663,0.00103300351475,0.130778717808,3.54221907628e-06,0.000133514411573,1,,,,,,0,,0.005,
Qwen/Qwen2.5-0.5B,0.5,tatsu-lab/alpaca,44,h6_0p5b_calibration,calibration_bf16_seed44,base_model.model.model.layers.22.mlp.down_proj,layers.22.mlp.down_proj,mlp_projection,Linear,down_proj,22,24,0.95652173913,fake_int8_output,bf16,projection appears sensitive under activation probe,8,39.6168174744,39.6168174744,18.4411964417,35.293790102,39.6168174744,12.6672585011,18.4411964417,0.00594290037407,0.00594290037407,0.000856018734339,0.255977990106,2.45230549467e-06,2.12533139745e-05,1,,,,,,0,,0.005,
Qwen/Qwen2.5-0.5B,0.5,tatsu-lab/alpaca,44,h6_0p5b_perturbation,perturbation_bf16_seed44,base_model.model.model.layers.22.mlp.gate_proj,layers.22.mlp.gate_proj,mlp_projection,Linear,gate_proj,22,24,0.95652173913,fake_int8_output,bf16,projection appears sensitive under activation probe,8,14.1503839493,14.1503839493,12.0676555634,12.3579832315,14.1503839493,10.5208135843,12.0676555634,0.000790599260654,0.000790599260654,0.000573707555304,0.187549224123,1.20464073916e-06,0.000117301891407,1,2.38187983632,2.38207909465,0.000199258327484,0.000199258327484,0.00511479377747,1,1,0.005,perturbation_abs_threshold
Qwen/Qwen2.5-0.5B,0.5,tatsu-lab/alpaca,44,h6_0p5b_perturbation,perturbation_bf16_seed44,base_model.model.model.layers.22.mlp.up_proj,layers.22.mlp.up_proj,mlp_projection,Linear,up_proj,22,24,0.95652173913,fake_int8_output,bf16,projection appears sensitive under activation probe,8,14.1503839493,14.1503839493,9.06799221039,12.3579832315,14.1503839493,8.71439528465,9.06799221039,0.000790599260654,0.000790599260654,0.000392576046579,0.128858558834,2.25870138593e-06,0.00013220932351,1,2.38187983632,2.38038876653,-0.0014910697937,0.0014910697937,0.00518584251404,1,1,0.005,perturbation_abs_threshold
Qwen/Qwen2.5-0.5B,0.5,tatsu-lab/alpaca,44,h6_0p5b_calibration,calibration_bf16_seed44,base_model.model.model.layers.22.post_attention_layernorm,layers.22.post_attention_layernorm,norm,Qwen2RMSNorm,post_attention_layernorm,22,24,0.95652173913,fake_int8_output,fp32,high-sensitivity reduction/output path,8,26.0838909149,26.0838909149,14.1503839493,25.2392475605,26.0838909149,12.3579832315,14.1503839493,0.00328984894441,0.00328984894441,0.000790599260654,0.239165956154,2.45230549467e-06,3.43322768117e-05,1,,,,,,0,,0.005,
Qwen/Qwen2.5-0.5B,0.5,tatsu-lab/alpaca,44,h6_0p5b_calibration,calibration_bf16_seed44,base_model.model.model.layers.22.self_attn.k_proj,layers.22.self_attn.k_proj,attention_projection,Linear,k_proj,22,24,0.95652173913,fake_int8_output,bf16,projection appears sensitive under activation probe,8,14.6824874878,14.6824874878,5.97618341446,14.1408990622,14.6824874878,5.128913939,5.97618341446,0.00103300351475,0.00103300351475,0.000137404887937,0.041328609921,1.52587890625e-05,0.000368118286133,1,,,,,,0,,0.005,
Qwen/Qwen2.5-0.5B,0.5,tatsu-lab/alpaca,44,h6_0p5b_calibration,calibration_bf16_seed44,base_model.model.model.layers.22.self_attn.o_proj,layers.22.self_attn.o_proj,attention_projection,Linear,o_proj,22,24,0.95652173913,fake_int8_output,bf16,projection appears sensitive under activation probe,8,51.1121482849,24.5491371155,51.1121482849,21.7687966824,24.5491371155,41.9309301376,51.1121482849,0.00947214505868,0.00248379650293,0.00947214505868,0.693341642618,2.17982710637e-06,3.814697493e-06,1,,,,,,0,,0.005,
Qwen/Qwen2.5-0.5B,0.5,tatsu-lab/alpaca,44,h6_0p5b_calibration,calibration_bf16_seed44,base_model.model.model.layers.22.self_attn.q_proj,layers.22.self_attn.q_proj,attention_projection,Linear,q_proj,22,24,0.95652173913,fake_int8_output,bf16,projection appears sensitive under activation probe,8,14.6824874878,14.6824874878,6.89184236526,14.1408990622,14.6824874878,5.94096547365,6.89184236526,0.00103300351475,0.00103300351475,0.00018429755437,0.0585075812414,2.45230549467e-06,3.10625369764e-05,1,,,,,,0,,0.005,
Qwen/Qwen2.5-0.5B,0.5,tatsu-lab/alpaca,44,h6_0p5b_calibration,calibration_bf16_seed44,base_model.model.model.layers.22.self_attn.v_proj,layers.22.self_attn.v_proj,attention_projection,Linear,v_proj,22,24,0.95652173913,fake_int8_output,bf16,projection appears sensitive under activation probe,8,14.6824874878,14.6824874878,13.2253723145,14.1408990622,14.6824874878,11.2112486362,13.2253723145,0.00103300351475,0.00103300351475,0.000663482755044,0.219681416638,1.52587890625e-05,2.86102294922e-05,1,,,,,,0,,0.005,
Qwen/Qwen2.5-0.5B,0.5,tatsu-lab/alpaca,44,h6_0p5b_calibration,calibration_bf16_seed44,base_model.model.model.layers.23.input_layernorm,layers.23.input_layernorm,norm,Qwen2RMSNorm,input_layernorm,23,24,1,fake_int8_output,fp32,high-sensitivity reduction/output path,8,23.378200531,23.378200531,15.5177698135,22.8113694191,23.378200531,13.0729031563,15.5177698135,0.00268838278134,0.00268838278134,0.000890172268555,0.126167078502,2.17982710637e-06,3.89644096117e-05,1,,,,,,0,,0.005,
Qwen/Qwen2.5-0.5B,0.5,tatsu-lab/alpaca,44,h6_0p5b_calibration,calibration_bf16_seed44,base_model.model.model.layers.23.mlp.down_proj,layers.23.mlp.down_proj,mlp_projection,Linear,down_proj,23,24,1,fake_int8_output,bf16,projection appears sensitive under activation probe,8,28.8657569885,28.8657569885,19.4706287384,28.4483075142,28.8657569885,18.6177909374,19.4706287384,0.00345545221353,0.00345545221353,0.00179440966167,0.182299047709,2.45230549467e-06,3.24249278378e-05,1,,,,,,0,,0.005,
Qwen/Qwen2.5-0.5B,0.5,tatsu-lab/alpaca,44,h6_0p5b_perturbation,perturbation_bf16_seed44,base_model.model.model.layers.23.mlp.gate_proj,layers.23.mlp.gate_proj,mlp_projection,Linear,gate_proj,23,24,1,fake_int8_output,bf16,projection appears sensitive under activation probe,8,12.7684822083,12.7684822083,10.3773651123,11.6279941797,12.7684822083,10.1668320894,10.3773651123,0.000699090654962,0.000699090654962,0.000534400161996,0.187567571178,1.95754120114e-06,0.000124680314912,1,2.38187983632,2.38399231434,0.00211247801781,0.00211247801781,0.00768625736237,1,1,0.005,perturbation_abs_threshold
Qwen/Qwen2.5-0.5B,0.5,tatsu-lab/alpaca,44,h6_0p5b_perturbation,perturbation_bf16_seed44,base_model.model.model.layers.23.mlp.up_proj,layers.23.mlp.up_proj,mlp_projection,Linear,up_proj,23,24,1,fake_int8_output,bf16,projection appears sensitive under activation probe,8,12.9421930313,12.7684822083,12.9421930313,11.6279941797,12.7684822083,12.5258982182,12.9421930313,0.000811304264062,0.000699090654962,0.000811304264062,0.23737407662,2.10812129353e-06,0.000105707224975,1,2.38187983632,2.38265144825,0.00077161192894,0.00077161192894,0.0109567642212,1,1,0.005,perturbation_abs_threshold
Qwen/Qwen2.5-0.5B,0.5,tatsu-lab/alpaca,44,h6_0p5b_calibration,calibration_bf16_seed44,base_model.model.model.layers.23.post_attention_layernorm,layers.23.post_attention_layernorm,norm,Qwen2RMSNorm,post_attention_layernorm,23,24,1,fake_int8_output,fp32,high-sensitivity reduction/output path,8,27.243970871,27.243970871,12.7684822083,25.024771452,27.243970871,11.6279941797,12.7684822083,0.00324013302452,0.00324013302452,0.000699090654962,0.208728196099,2.17982710637e-06,1.66211818282e-05,1,,,,,,0,,0.005,
Qwen/Qwen2.5-0.5B,0.5,tatsu-lab/alpaca,44,h6_0p5b_calibration,calibration_bf16_seed44,base_model.model.model.layers.23.self_attn.k_proj,layers.23.self_attn.k_proj,attention_projection,Linear,k_proj,23,24,1,fake_int8_output,bf16,projection appears sensitive under activation probe,8,15.5177698135,15.5177698135,5.98544597626,13.0729031563,15.5177698135,5.47958147526,5.98544597626,0.000890172268555,0.000890172268555,0.000155730414917,0.0426146094687,1.71661376953e-05,4.19616699219e-05,1,,,,,,0,,0.005,
Qwen/Qwen2.5-0.5B,0.5,tatsu-lab/alpaca,44,h6_0p5b_calibration,calibration_bf16_seed44,base_model.model.model.layers.23.self_attn.o_proj,layers.23.self_attn.o_proj,attention_projection,Linear,o_proj,23,24,1,fake_int8_output,bf16,projection appears sensitive under activation probe,8,86.5151901245,18.5570354462,86.5151901245,15.8269309998,18.5570354462,72.519203186,86.5151901245,0.0278637837619,0.001322371274,0.0278637837619,0.715923294425,2.17982710637e-06,4.08717585287e-06,1,,,,,,0,,0.005,
Qwen/Qwen2.5-0.5B,0.5,tatsu-lab/alpaca,44,h6_0p5b_calibration,calibration_bf16_seed44,base_model.model.model.layers.23.self_attn.q_proj,layers.23.self_attn.q_proj,attention_projection,Linear,q_proj,23,24,1,fake_int8_output,bf16,projection appears sensitive under activation probe,8,15.5177698135,15.5177698135,8.88840770721,13.0729031563,15.5177698135,8.69272518158,8.88840770721,0.000890172268555,0.000890172268555,0.000390876462916,0.114423083141,2.45230549467e-06,0.000783102879723,1,,,,,,0,,0.005,
Qwen/Qwen2.5-0.5B,0.5,tatsu-lab/alpaca,44,h6_0p5b_calibration,calibration_bf16_seed44,base_model.model.model.layers.23.self_attn.v_proj,layers.23.self_attn.v_proj,attention_projection,Linear,v_proj,23,24,1,fake_int8_output,bf16,projection appears sensitive under activation probe,8,15.5177698135,15.5177698135,13.255657196,13.0729031563,15.5177698135,10.0084758997,13.255657196,0.000890172268555,0.000890172268555,0.0005281410522,0.174046590924,1.52587890625e-05,2.28881835938e-05,1,,,,,,0,,0.005,
Qwen/Qwen2.5-0.5B,0.5,tatsu-lab/alpaca,44,h6_0p5b_calibration,calibration_bf16_seed44,base_model.model.model.layers.3.input_layernorm,layers.3.input_layernorm,norm,Qwen2RMSNorm,input_layernorm,3,24,0.130434782609,fake_int8_output,fp32,high-sensitivity reduction/output path,8,646.345153809,646.345153809,28.3837165833,645.470336914,646.345153809,27.972345829,28.3837165833,0.0546986013651,0.0546986013651,0.00405912043061,0.438154734671,2.17982710637e-06,2.45230549467e-06,1,,,,,,0,,0.005,
Qwen/Qwen2.5-0.5B,0.5,tatsu-lab/alpaca,44,h6_0p5b_perturbation,perturbation_bf16_seed44,base_model.model.model.layers.3.mlp.down_proj,layers.3.mlp.down_proj,mlp_projection,Linear,down_proj,3,24,0.130434782609,fake_int8_output,bf16,projection appears sensitive under activation probe,8,906.455688477,906.455688477,661.971801758,905.807197571,906.455688477,661.59362793,661.971801758,0.0170492485631,0.011444002972,0.0170492485631,0.0404108045623,2.17982710637e-06,2.17982710637e-06,1,2.38187983632,2.59821307659,0.216333240271,0.216333240271,0.296666622162,1,0,0.005,perturbation_abs_threshold
Qwen/Qwen2.5-0.5B,0.5,tatsu-lab/alpaca,44,h6_0p5b_calibration,calibration_bf16_seed44,base_model.model.model.layers.3.mlp.gate_proj,layers.3.mlp.gate_proj,mlp_projection,Linear,gate_proj,3,24,0.130434782609,fake_int8_output,bf16,projection appears sensitive under activation probe,8,320.119354248,320.119354248,41.765750885,314.530174255,320.119354248,40.7391238213,41.765750885,0.413450602442,0.413450602442,0.00857903668657,0.869468189776,1.20464073916e-06,1.20464073916e-06,1,,,,,,0,,0.005,
Qwen/Qwen2.5-0.5B,0.5,tatsu-lab/alpaca,44,h6_0p5b_calibration,calibration_bf16_seed44,base_model.model.model.layers.3.mlp.up_proj,layers.3.mlp.up_proj,mlp_projection,Linear,up_proj,3,24,0.130434782609,fake_int8_output,bf16,projection appears sensitive under activation probe,8,320.119354248,320.119354248,72.4663619995,314.530174255,320.119354248,70.3154668808,72.4663619995,0.413450602442,0.413450602442,0.0255388510413,0.973424240947,1.20464073916e-06,1.20464073916e-06,1,,,,,,0,,0.005,
Qwen/Qwen2.5-0.5B,0.5,tatsu-lab/alpaca,44,h6_0p5b_calibration,calibration_bf16_seed44,base_model.model.model.layers.3.post_attention_layernorm,layers.3.post_attention_layernorm,norm,Qwen2RMSNorm,post_attention_layernorm,3,24,0.130434782609,fake_int8_output,fp32,high-sensitivity reduction/output path,8,646.410095215,646.410095215,320.119354248,645.327476501,646.410095215,314.530174255,320.119354248,0.413450602442,0.0555588505231,0.413450602442,0.784332200885,2.17982710637e-06,2.17982710637e-06,1,,,,,,0,,0.005,
Qwen/Qwen2.5-0.5B,0.5,tatsu-lab/alpaca,44,h6_0p5b_calibration,calibration_bf16_seed44,base_model.model.model.layers.3.self_attn.k_proj,layers.3.self_attn.k_proj,attention_projection,Linear,k_proj,3,24,0.130434782609,fake_int8_output,bf16,projection appears sensitive under activation probe,8,28.3837165833,28.3837165833,8.14190006256,27.972345829,28.3837165833,7.88323545456,8.14190006256,0.00405912043061,0.00405912043061,0.000322178137139,0.090716958046,1.52587890625e-05,7.62939453125e-05,1,,,,,,0,,0.005,
Qwen/Qwen2.5-0.5B,0.5,tatsu-lab/alpaca,44,h6_0p5b_calibration,calibration_bf16_seed44,base_model.model.model.layers.3.self_attn.o_proj,layers.3.self_attn.o_proj,attention_projection,Linear,o_proj,3,24,0.130434782609,fake_int8_output,bf16,projection appears sensitive under activation probe,8,40.0404281616,27.4338798523,40.0404281616,25.0544190407,27.4338798523,34.0301146507,40.0404281616,0.00609331246233,0.00319408925134,0.00609331246233,0.577544845641,2.17982710637e-06,5.44956776594e-06,1,,,,,,0,,0.005,
Qwen/Qwen2.5-0.5B,0.5,tatsu-lab/alpaca,44,h6_0p5b_calibration,calibration_bf16_seed44,base_model.model.model.layers.3.self_attn.q_proj,layers.3.self_attn.q_proj,attention_projection,Linear,q_proj,3,24,0.130434782609,fake_int8_output,bf16,projection appears sensitive under activation probe,8,28.3837165833,28.3837165833,11.1800937653,27.972345829,28.3837165833,10.4514476061,11.1800937653,0.00405912043061,0.00405912043061,0.000563980756851,0.139180463739,2.17982710637e-06,1.6893660387e-05,1,,,,,,0,,0.005,
Qwen/Qwen2.5-0.5B,0.5,tatsu-lab/alpaca,44,h6_0p5b_calibration,calibration_bf16_seed44,base_model.model.model.layers.3.self_attn.v_proj,layers.3.self_attn.v_proj,attention_projection,Linear,v_proj,3,24,0.130434782609,fake_int8_output,bf16,projection appears sensitive under activation probe,8,28.3837165833,28.3837165833,8.18370246887,27.972345829,28.3837165833,7.51494568586,8.18370246887,0.00405912043061,0.00405912043061,0.000292731529044,0.0985190104693,1.52587890625e-05,8.39233398438e-05,1,,,,,,0,,0.005,
Qwen/Qwen2.5-0.5B,0.5,tatsu-lab/alpaca,44,h6_0p5b_perturbation,perturbation_bf16_seed44,base_model.model.model.layers.4.input_layernorm,layers.4.input_layernorm,norm,Qwen2RMSNorm,input_layernorm,4,24,0.173913043478,fake_int8_output,fp32,high-sensitivity reduction/output path,8,662.846313477,662.846313477,33.5219688416,662.600624084,662.846313477,33.1046295166,33.5219688416,0.01832931838,0.01832931838,0.00566415576031,0.530182786286,2.17982710637e-06,2.72478388297e-06,1,2.38187983632,2.37353381515,-0.00834602117538,0.00834602117538,0.0228071212769,1,0,0.005,perturbation_abs_threshold
Qwen/Qwen2.5-0.5B,0.5,tatsu-lab/alpaca,44,h6_0p5b_calibration,calibration_bf16_seed44,base_model.model.model.layers.4.mlp.down_proj,layers.4.mlp.down_proj,mlp_projection,Linear,down_proj,4,24,0.173913043478,fake_int8_output,bf16,projection appears sensitive under activation probe,8,65.7785568237,65.7785568237,12.5974302292,59.9483628273,65.7785568237,11.7260209322,12.5974302292,0.016977722873,0.016977722873,0.000711640408554,0.227608464658,2.45230549467e-06,5.17708943448e-06,1,,,,,,0,,0.005,
Qwen/Qwen2.5-0.5B,0.5,tatsu-lab/alpaca,44,h6_0p5b_calibration,calibration_bf16_seed44,base_model.model.model.layers.4.mlp.gate_proj,layers.4.mlp.gate_proj,mlp_projection,Linear,gate_proj,4,24,0.173913043478,fake_int8_output,bf16,projection appears sensitive under activation probe,8,41.4771232605,41.4771232605,8.00162506104,40.8571596146,41.4771232605,7.42505484819,8.00162506104,0.00861216394696,0.00861216394696,0.000285785594315,0.0943339485675,1.20464073916e-06,4.66798297794e-06,1,,,,,,0,,0.005,
Qwen/Qwen2.5-0.5B,0.5,tatsu-lab/alpaca,44,h6_0p5b_calibration,calibration_bf16_seed44,base_model.model.model.layers.4.mlp.up_proj,layers.4.mlp.up_proj,mlp_projection,Linear,up_proj,4,24,0.173913043478,fake_int8_output,bf16,projection appears sensitive under activation probe,8,41.4771232605,41.4771232605,8.59954738617,40.8571596146,41.4771232605,7.59156435728,8.59954738617,0.00861216394696,0.00861216394696,0.000298964714602,0.0981918992475,1.50580092395e-06,7.8301647477e-06,1,,,,,,0,,0.005,
Qwen/Qwen2.5-0.5B,0.5,tatsu-lab/alpaca,44,h6_0p5b_perturbation,perturbation_bf16_seed44,base_model.model.model.layers.4.post_attention_layernorm,layers.4.post_attention_layernorm,norm,Qwen2RMSNorm,post_attention_layernorm,4,24,0.173913043478,fake_int8_output,fp32,high-sensitivity reduction/output path,8,662.988037109,662.988037109,41.4771232605,662.652153015,662.988037109,40.8571596146,41.4771232605,0.0183316040784,0.0183316040784,0.00861216394696,0.872420363128,2.17982710637e-06,2.17982710637e-06,1,2.38187983632,2.38459289074,0.00271305441856,0.00271305441856,0.0150220394135,1,1,0.005,perturbation_abs_threshold
Qwen/Qwen2.5-0.5B,0.5,tatsu-lab/alpaca,44,h6_0p5b_calibration,calibration_bf16_seed44,base_model.model.model.layers.4.self_attn.k_proj,layers.4.self_attn.k_proj,attention_projection,Linear,k_proj,4,24,0.173913043478,fake_int8_output,bf16,projection appears sensitive under activation probe,8,33.5219688416,33.5219688416,7.40948534012,33.1046295166,33.5219688416,7.31257170439,7.40948534012,0.00566415576031,0.00566415576031,0.000275563586911,0.0854520229623,2.28881835938e-05,0.000173568725586,1,,,,,,0,,0.005,
Qwen/Qwen2.5-0.5B,0.5,tatsu-lab/alpaca,44,h6_0p5b_calibration,calibration_bf16_seed44,base_model.model.model.layers.4.self_attn.o_proj,layers.4.self_attn.o_proj,attention_projection,Linear,o_proj,4,24,0.173913043478,fake_int8_output,bf16,projection appears sensitive under activation probe,8,26.9738082886,18.960647583,26.9738082886,16.6196249723,18.960647583,25.9113445282,26.9738082886,0.00347586031421,0.00145145100396,0.00347586031421,0.591749832034,2.17982710637e-06,2.17982710637e-06,1,,,,,,0,,0.005,
Qwen/Qwen2.5-0.5B,0.5,tatsu-lab/alpaca,44,h6_0p5b_calibration,calibration_bf16_seed44,base_model.model.model.layers.4.self_attn.q_proj,layers.4.self_attn.q_proj,attention_projection,Linear,q_proj,4,24,0.173913043478,fake_int8_output,bf16,projection appears sensitive under activation probe,8,33.5219688416,33.5219688416,11.3283481598,33.1046295166,33.5219688416,11.1323876381,11.3283481598,0.00566415576031,0.00566415576031,0.000639585734461,0.137273583561,2.99726227126e-06,7.00269461049e-05,1,,,,,,0,,0.005,
Qwen/Qwen2.5-0.5B,0.5,tatsu-lab/alpaca,44,h6_0p5b_calibration,calibration_bf16_seed44,base_model.model.model.layers.4.self_attn.v_proj,layers.4.self_attn.v_proj,attention_projection,Linear,v_proj,4,24,0.173913043478,fake_int8_output,bf16,projection appears sensitive under activation probe,8,33.5219688416,33.5219688416,6.40327596664,33.1046295166,33.5219688416,5.51454025507,6.40327596664,0.00566415576031,0.00566415576031,0.000158935625223,0.0524128689431,1.52587890625e-05,3.81469726562e-05,1,,,,,,0,,0.005,
Qwen/Qwen2.5-0.5B,0.5,tatsu-lab/alpaca,44,h6_0p5b_calibration,calibration_bf16_seed44,base_model.model.model.layers.5.input_layernorm,layers.5.input_layernorm,norm,Qwen2RMSNorm,input_layernorm,5,24,0.217391304348,fake_int8_output,fp32,high-sensitivity reduction/output path,8,657.045654297,657.045654297,28.3030738831,656.280738831,657.045654297,26.2252583504,28.3030738831,0.0368583155796,0.0368583155796,0.00354529035394,0.608520947397,2.17982710637e-06,5.72204626792e-06,1,,,,,,0,,0.005,
Qwen/Qwen2.5-0.5B,0.5,tatsu-lab/alpaca,44,h6_0p5b_calibration,calibration_bf16_seed44,base_model.model.model.layers.5.mlp.down_proj,layers.5.mlp.down_proj,mlp_projection,Linear,down_proj,5,24,0.217391304348,fake_int8_output,bf16,projection appears sensitive under activation probe,8,110.613052368,72.1388168335,110.613052368,49.606263876,72.1388168335,108.363874435,110.613052368,0.0607250961475,0.0133559004171,0.0607250961475,0.938579209149,2.17982710637e-06,2.17982710637e-06,1,,,,,,0,,0.005,
Qwen/Qwen2.5-0.5B,0.5,tatsu-lab/alpaca,44,h6_0p5b_calibration,calibration_bf16_seed44,base_model.model.model.layers.5.mlp.gate_proj,layers.5.mlp.gate_proj,mlp_projection,Linear,gate_proj,5,24,0.217391304348,fake_int8_output,bf16,projection appears sensitive under activation probe,8,45.7455101013,45.7455101013,5.07208776474,45.5880084038,45.7455101013,4.51541978121,5.07208776474,0.0106694883434,0.0106694883434,0.00010555683366,0.0348840914667,1.80696110874e-06,2.62009355083e-05,1,,,,,,0,,0.005,
Qwen/Qwen2.5-0.5B,0.5,tatsu-lab/alpaca,44,h6_0p5b_calibration,calibration_bf16_seed44,base_model.model.model.layers.5.mlp.up_proj,layers.5.mlp.up_proj,mlp_projection,Linear,up_proj,5,24,0.217391304348,fake_int8_output,bf16,projection appears sensitive under activation probe,8,45.7455101013,45.7455101013,10.8399238586,45.5880084038,45.7455101013,9.00928211212,10.8399238586,0.0106694883434,0.0106694883434,0.000425186117354,0.139965408482,1.35522083156e-06,2.55986157072e-06,1,,,,,,0,,0.005,
Qwen/Qwen2.5-0.5B,0.5,tatsu-lab/alpaca,44,h6_0p5b_calibration,calibration_bf16_seed44,base_model.model.model.layers.5.post_attention_layernorm,layers.5.post_attention_layernorm,norm,Qwen2RMSNorm,post_attention_layernorm,5,24,0.217391304348,fake_int8_output,fp32,high-sensitivity reduction/output path,8,656.306518555,656.306518555,45.7455101013,655.760231018,656.306518555,45.5880084038,45.7455101013,0.0385959385894,0.0385959385894,0.0106694883434,0.822470627725,2.17982710637e-06,2.17982710637e-06,1,,,,,,0,,0.005,
Qwen/Qwen2.5-0.5B,0.5,tatsu-lab/alpaca,44,h6_0p5b_calibration,calibration_bf16_seed44,base_model.model.model.layers.5.self_attn.k_proj,layers.5.self_attn.k_proj,attention_projection,Linear,k_proj,5,24,0.217391304348,fake_int8_output,bf16,projection appears sensitive under activation probe,8,28.3030738831,28.3030738831,8.16386795044,26.2252583504,28.3030738831,7.38814109564,8.16386795044,0.00354529035394,0.00354529035394,0.000282676915958,0.0980304302648,1.52587890625e-05,6.48498535156e-05,1,,,,,,0,,0.005,
Qwen/Qwen2.5-0.5B,0.5,tatsu-lab/alpaca,44,h6_0p5b_calibration,calibration_bf16_seed44,base_model.model.model.layers.5.self_attn.o_proj,layers.5.self_attn.o_proj,attention_projection,Linear,o_proj,5,24,0.217391304348,fake_int8_output,bf16,projection appears sensitive under activation probe,8,33.9734725952,15.5013484955,33.9734725952,13.5049828291,15.5013484955,30.4273619652,33.9734725952,0.0048095441889,0.000960621928243,0.0048095441889,0.811662644148,2.17982710637e-06,4.35965421275e-06,1,,,,,,0,,0.005,
Qwen/Qwen2.5-0.5B,0.5,tatsu-lab/alpaca,44,h6_0p5b_calibration,calibration_bf16_seed44,base_model.model.model.layers.5.self_attn.q_proj,layers.5.self_attn.q_proj,attention_projection,Linear,q_proj,5,24,0.217391304348,fake_int8_output,bf16,projection appears sensitive under activation probe,8,28.3030738831,28.3030738831,11.0936231613,26.2252583504,28.3030738831,10.8978313208,11.0936231613,0.00354529035394,0.00354529035394,0.000613808901107,0.145792944357,2.72478388297e-06,8.28334291327e-05,1,,,,,,0,,0.005,
Qwen/Qwen2.5-0.5B,0.5,tatsu-lab/alpaca,44,h6_0p5b_calibration,calibration_bf16_seed44,base_model.model.model.layers.5.self_attn.v_proj,layers.5.self_attn.v_proj,attention_projection,Linear,v_proj,5,24,0.217391304348,fake_int8_output,bf16,projection appears sensitive under activation probe,8,28.3030738831,28.3030738831,5.395819664,26.2252583504,28.3030738831,4.74395895004,5.395819664,0.00354529035394,0.00354529035394,0.000116964592053,0.0387298101559,1.52587890625e-05,5.34057617188e-05,1,,,,,,0,,0.005,
Qwen/Qwen2.5-0.5B,0.5,tatsu-lab/alpaca,44,h6_0p5b_calibration,calibration_bf16_seed44,base_model.model.model.layers.6.input_layernorm,layers.6.input_layernorm,norm,Qwen2RMSNorm,input_layernorm,6,24,0.260869565217,fake_int8_output,fp32,high-sensitivity reduction/output path,8,655.549865723,655.549865723,42.829208374,654.916015625,655.549865723,42.1742024422,42.829208374,0.040653499309,0.040653499309,0.00915507925674,0.658165596426,2.17982710637e-06,2.17982710637e-06,1,,,,,,0,,0.005,
Qwen/Qwen2.5-0.5B,0.5,tatsu-lab/alpaca,44,h6_0p5b_calibration,calibration_bf16_seed44,base_model.model.model.layers.6.mlp.down_proj,layers.6.mlp.down_proj,mlp_projection,Linear,down_proj,6,24,0.260869565217,fake_int8_output,bf16,projection appears sensitive under activation probe,8,60.7054290771,60.7054290771,9.56557846069,39.5279934406,60.7054290771,8.02788519859,9.56557846069,0.00825880287448,0.00825880287448,0.000338361885952,0.111873535439,2.17982710637e-06,5.99452454253e-06,1,,,,,,0,,0.005,
Qwen/Qwen2.5-0.5B,0.5,tatsu-lab/alpaca,44,h6_0p5b_calibration,calibration_bf16_seed44,base_model.model.model.layers.6.mlp.gate_proj,layers.6.mlp.gate_proj,mlp_projection,Linear,gate_proj,6,24,0.260869565217,fake_int8_output,bf16,projection appears sensitive under activation probe,8,40.9067115784,40.9067115784,6.78820753098,40.2639317513,40.9067115784,6.02379381657,6.78820753098,0.00836412876379,0.00836412876379,0.00018781491417,0.0618340130895,1.50580092395e-06,1.70155508386e-05,1,,,,,,0,,0.005,
Qwen/Qwen2.5-0.5B,0.5,tatsu-lab/alpaca,44,h6_0p5b_calibration,calibration_bf16_seed44,base_model.model.model.layers.6.mlp.up_proj,layers.6.mlp.up_proj,mlp_projection,Linear,up_proj,6,24,0.260869565217,fake_int8_output,bf16,projection appears sensitive under activation probe,8,40.9067115784,40.9067115784,10.7729568481,40.2639317513,40.9067115784,9.77092659473,10.7729568481,0.00836412876379,0.00836412876379,0.000494928393891,0.162103498355,1.35522083156e-06,7.98074478325e-06,1,,,,,,0,,0.005,
Qwen/Qwen2.5-0.5B,0.5,tatsu-lab/alpaca,44,h6_0p5b_calibration,calibration_bf16_seed44,base_model.model.model.layers.6.post_attention_layernorm,layers.6.post_attention_layernorm,norm,Qwen2RMSNorm,post_attention_layernorm,6,24,0.260869565217,fake_int8_output,fp32,high-sensitivity reduction/output path,8,655.010131836,655.010131836,40.9067115784,654.547943115,655.010131836,40.2639317513,40.9067115784,0.0417274399661,0.0417274399661,0.00836412876379,0.852841921151,2.17982710637e-06,2.17982710637e-06,1,,,,,,0,,0.005,
Qwen/Qwen2.5-0.5B,0.5,tatsu-lab/alpaca,44,h6_0p5b_calibration,calibration_bf16_seed44,base_model.model.model.layers.6.self_attn.k_proj,layers.6.self_attn.k_proj,attention_projection,Linear,k_proj,6,24,0.260869565217,fake_int8_output,bf16,projection appears sensitive under activation probe,8,42.829208374,42.829208374,6.44807815552,42.1742024422,42.829208374,6.13002443314,6.44807815552,0.00915507925674,0.00915507925674,0.000194212801944,0.0688507249579,1.52587890625e-05,4.95910644531e-05,1,,,,,,0,,0.005,
Qwen/Qwen2.5-0.5B,0.5,tatsu-lab/alpaca,44,h6_0p5b_calibration,calibration_bf16_seed44,base_model.model.model.layers.6.self_attn.o_proj,layers.6.self_attn.o_proj,attention_projection,Linear,o_proj,6,24,0.260869565217,fake_int8_output,bf16,projection appears sensitive under activation probe,8,36.2267494202,14.5648269653,36.2267494202,12.5877074003,14.5648269653,28.8693201542,36.2267494202,0.0044466163381,0.000845406382723,0.0044466163381,0.6468501091,2.17982710637e-06,4.63213265789e-06,1,,,,,,0,,0.005,
Qwen/Qwen2.5-0.5B,0.5,tatsu-lab/alpaca,44,h6_0p5b_calibration,calibration_bf16_seed44,base_model.model.model.layers.6.self_attn.q_proj,layers.6.self_attn.q_proj,attention_projection,Linear,q_proj,6,24,0.260869565217,fake_int8_output,bf16,projection appears sensitive under activation probe,8,42.829208374,42.829208374,8.8710975647,42.1742024422,42.829208374,8.36415028572,8.8710975647,0.00915507925674,0.00915507925674,0.000362669336027,0.0972739430144,2.45230549467e-06,4.44139775482e-05,1,,,,,,0,,0.005,
Qwen/Qwen2.5-0.5B,0.5,tatsu-lab/alpaca,44,h6_0p5b_calibration,calibration_bf16_seed44,base_model.model.model.layers.6.self_attn.v_proj,layers.6.self_attn.v_proj,attention_projection,Linear,v_proj,6,24,0.260869565217,fake_int8_output,bf16,projection appears sensitive under activation probe,8,42.829208374,42.829208374,6.72638940811,42.1742024422,42.829208374,5.92679512501,6.72638940811,0.00915507925674,0.00915507925674,0.000182456658877,0.0598442237824,1.71661376953e-05,4.00543212891e-05,1,,,,,,0,,0.005,
Qwen/Qwen2.5-0.5B,0.5,tatsu-lab/alpaca,44,h6_0p5b_calibration,calibration_bf16_seed44,base_model.model.model.layers.7.input_layernorm,layers.7.input_layernorm,norm,Qwen2RMSNorm,input_layernorm,7,24,0.304347826087,fake_int8_output,fp32,high-sensitivity reduction/output path,8,654.315673828,654.315673828,32.3925323486,653.500144958,654.315673828,30.7544193268,32.3925323486,0.0445730597712,0.0445730597712,0.00490219454514,0.665183454752,2.45230549467e-06,4.63213262947e-06,1,,,,,,0,,0.005,
Qwen/Qwen2.5-0.5B,0.5,tatsu-lab/alpaca,44,h6_0p5b_calibration,calibration_bf16_seed44,base_model.model.model.layers.7.mlp.down_proj,layers.7.mlp.down_proj,mlp_projection,Linear,down_proj,7,24,0.304347826087,fake_int8_output,bf16,projection appears sensitive under activation probe,8,51.6921958923,51.6921958923,6.46254253387,40.9414281845,51.6921958923,5.61213296652,6.46254253387,0.00829860341037,0.00829860341037,0.000163296259416,0.0535843716934,2.45230549467e-06,6.81195984953e-06,1,,,,,,0,,0.005,
Qwen/Qwen2.5-0.5B,0.5,tatsu-lab/alpaca,44,h6_0p5b_calibration,calibration_bf16_seed44,base_model.model.model.layers.7.mlp.gate_proj,layers.7.mlp.gate_proj,mlp_projection,Linear,gate_proj,7,24,0.304347826087,fake_int8_output,bf16,projection appears sensitive under activation probe,8,34.317401886,34.317401886,7.56884002686,33.9092121124,34.317401886,6.8722242713,7.56884002686,0.00591806892771,0.00591806892771,0.000245181954597,0.0806156750768,1.20464073916e-06,2.71044166311e-06,1,,,,,,0,,0.005,
Qwen/Qwen2.5-0.5B,0.5,tatsu-lab/alpaca,44,h6_0p5b_calibration,calibration_bf16_seed44,base_model.model.model.layers.7.mlp.up_proj,layers.7.mlp.up_proj,mlp_projection,Linear,up_proj,7,24,0.304347826087,fake_int8_output,bf16,projection appears sensitive under activation probe,8,34.317401886,34.317401886,9.85531139374,33.9092121124,34.317401886,9.63096082211,9.85531139374,0.00591806892771,0.00591806892771,0.000480147864437,0.157818697393,1.20464073916e-06,2.40928147832e-06,1,,,,,,0,,0.005,
Qwen/Qwen2.5-0.5B,0.5,tatsu-lab/alpaca,44,h6_0p5b_calibration,calibration_bf16_seed44,base_model.model.model.layers.7.post_attention_layernorm,layers.7.post_attention_layernorm,norm,Qwen2RMSNorm,post_attention_layernorm,7,24,0.304347826087,fake_int8_output,fp32,high-sensitivity reduction/output path,8,654.815979004,654.815979004,34.317401886,654.024742126,654.815979004,33.9092121124,34.317401886,0.0430594389327,0.0430594389327,0.00591806892771,0.869165800512,2.17982710637e-06,2.17982710637e-06,1,,,,,,0,,0.005,
Qwen/Qwen2.5-0.5B,0.5,tatsu-lab/alpaca,44,h6_0p5b_calibration,calibration_bf16_seed44,base_model.model.model.layers.7.self_attn.k_proj,layers.7.self_attn.k_proj,attention_projection,Linear,k_proj,7,24,0.304347826087,fake_int8_output,bf16,projection appears sensitive under activation probe,8,32.3925323486,32.3925323486,8.81646442413,30.7544193268,32.3925323486,7.98780250549,8.81646442413,0.00490219454514,0.00490219454514,0.000330396840582,0.11105332803,1.71661376953e-05,7.43865966797e-05,1,,,,,,0,,0.005,
Qwen/Qwen2.5-0.5B,0.5,tatsu-lab/alpaca,44,h6_0p5b_calibration,calibration_bf16_seed44,base_model.model.model.layers.7.self_attn.o_proj,layers.7.self_attn.o_proj,attention_projection,Linear,o_proj,7,24,0.304347826087,fake_int8_output,bf16,projection appears sensitive under activation probe,8,25.6365966797,19.1871871948,25.6365966797,17.8010520935,19.1871871948,24.4396233559,25.6365966797,0.00308627853519,0.00152318902838,0.00308627853519,0.454107370228,2.72478388297e-06,8.85554763954e-05,1,,,,,,0,,0.005,
Qwen/Qwen2.5-0.5B,0.5,tatsu-lab/alpaca,44,h6_0p5b_calibration,calibration_bf16_seed44,base_model.model.model.layers.7.self_attn.q_proj,layers.7.self_attn.q_proj,attention_projection,Linear,q_proj,7,24,0.304347826087,fake_int8_output,bf16,projection appears sensitive under activation probe,8,32.3925323486,32.3925323486,10.4296770096,30.7544193268,32.3925323486,10.1271576881,10.4296770096,0.00490219454514,0.00490219454514,0.000529900171387,0.117341684178,3.26974068798e-06,7.76563406362e-05,1,,,,,,0,,0.005,
Qwen/Qwen2.5-0.5B,0.5,tatsu-lab/alpaca,44,h6_0p5b_calibration,calibration_bf16_seed44,base_model.model.model.layers.7.self_attn.v_proj,layers.7.self_attn.v_proj,attention_projection,Linear,v_proj,7,24,0.304347826087,fake_int8_output,bf16,projection appears sensitive under activation probe,8,32.3925323486,32.3925323486,6.72658205032,30.7544193268,32.3925323486,5.16533714533,6.72658205032,0.00490219454514,0.00490219454514,0.000139959895023,0.0461842264049,1.71661376953e-05,4.57763671875e-05,1,,,,,,0,,0.005,
Qwen/Qwen2.5-0.5B,0.5,tatsu-lab/alpaca,44,h6_0p5b_calibration,calibration_bf16_seed44,base_model.model.model.layers.8.input_layernorm,layers.8.input_layernorm,norm,Qwen2RMSNorm,input_layernorm,8,24,0.347826086957,fake_int8_output,fp32,high-sensitivity reduction/output path,8,645.998046875,645.998046875,33.8236312866,643.92514801,645.998046875,33.5371403694,33.8236312866,0.0724138170481,0.0724138170481,0.00571356754517,0.691898696125,2.17982710637e-06,2.17982710637e-06,1,,,,,,0,,0.005,
Qwen/Qwen2.5-0.5B,0.5,tatsu-lab/alpaca,44,h6_0p5b_calibration,calibration_bf16_seed44,base_model.model.model.layers.8.mlp.down_proj,layers.8.mlp.down_proj,mlp_projection,Linear,down_proj,8,24,0.347826086957,fake_int8_output,bf16,projection appears sensitive under activation probe,8,28.3782405853,28.3782405853,13.6077699661,22.2842922211,28.3782405853,12.764811039,13.6077699661,0.0025536663743,0.0025536663743,0.000843158806674,0.253576040268,3.26974068798e-06,3.16074934403e-05,1,,,,,,0,,0.005,
Qwen/Qwen2.5-0.5B,0.5,tatsu-lab/alpaca,44,h6_0p5b_calibration,calibration_bf16_seed44,base_model.model.model.layers.8.mlp.gate_proj,layers.8.mlp.gate_proj,mlp_projection,Linear,gate_proj,8,24,0.347826086957,fake_int8_output,bf16,projection appears sensitive under activation probe,8,34.7069129944,34.7069129944,7.76299953461,33.9835290909,34.7069129944,6.9716488719,7.76299953461,0.00597410131013,0.00597410131013,0.000253083029747,0.0835996475071,1.50580092395e-06,2.65020961479e-05,1,,,,,,0,,0.005,
Qwen/Qwen2.5-0.5B,0.5,tatsu-lab/alpaca,44,h6_0p5b_calibration,calibration_bf16_seed44,base_model.model.model.layers.8.mlp.up_proj,layers.8.mlp.up_proj,mlp_projection,Linear,up_proj,8,24,0.347826086957,fake_int8_output,bf16,projection appears sensitive under activation probe,8,34.7069129944,34.7069129944,5.94880914688,33.9835290909,34.7069129944,5.35535573959,5.94880914688,0.00597410131013,0.00597410131013,0.000149115058775,0.0491516692564,1.35522083156e-06,1.3251048415e-05,1,,,,,,0,,0.005,
Qwen/Qwen2.5-0.5B,0.5,tatsu-lab/alpaca,44,h6_0p5b_calibration,calibration_bf16_seed44,base_model.model.model.layers.8.post_attention_layernorm,layers.8.post_attention_layernorm,norm,Qwen2RMSNorm,post_attention_layernorm,8,24,0.347826086957,fake_int8_output,fp32,high-sensitivity reduction/output path,8,645.93737793,645.93737793,34.7069129944,643.894950867,645.93737793,33.9835290909,34.7069129944,0.0724129006267,0.0724129006267,0.00597410131013,0.857495345175,2.17982710637e-06,2.17982710637e-06,1,,,,,,0,,0.005,
Qwen/Qwen2.5-0.5B,0.5,tatsu-lab/alpaca,44,h6_0p5b_calibration,calibration_bf16_seed44,base_model.model.model.layers.8.self_attn.k_proj,layers.8.self_attn.k_proj,attention_projection,Linear,k_proj,8,24,0.347826086957,fake_int8_output,bf16,projection appears sensitive under activation probe,8,33.8236312866,33.8236312866,8.70834064484,33.5371403694,33.8236312866,8.68135166168,8.70834064484,0.00571356754517,0.00571356754517,0.000416238970502,0.0157411622349,2.86102294922e-05,0.0078125,1,,,,,,0,,0.005,
Qwen/Qwen2.5-0.5B,0.5,tatsu-lab/alpaca,44,h6_0p5b_calibration,calibration_bf16_seed44,base_model.model.model.layers.8.self_attn.o_proj,layers.8.self_attn.o_proj,attention_projection,Linear,o_proj,8,24,0.347826086957,fake_int8_output,bf16,projection appears sensitive under activation probe,8,25.9240570068,21.0517253876,25.9240570068,15.8087015152,21.0517253876,24.0880663395,25.9240570068,0.00300681928638,0.00130209643248,0.00300681928638,0.512606594712,2.17982710637e-06,4.9046109325e-06,1,,,,,,0,,0.005,
Qwen/Qwen2.5-0.5B,0.5,tatsu-lab/alpaca,44,h6_0p5b_calibration,calibration_bf16_seed44,base_model.model.model.layers.8.self_attn.q_proj,layers.8.self_attn.q_proj,attention_projection,Linear,q_proj,8,24,0.347826086957,fake_int8_output,bf16,projection appears sensitive under activation probe,8,33.8236312866,33.8236312866,12.019657135,33.5371403694,33.8236312866,10.9053015709,12.019657135,0.00571356754517,0.00571356754517,0.000615431221377,0.144828429446,2.17982710637e-06,2.56129684715e-05,1,,,,,,0,,0.005,
Qwen/Qwen2.5-0.5B,0.5,tatsu-lab/alpaca,44,h6_0p5b_calibration,calibration_bf16_seed44,base_model.model.model.layers.8.self_attn.v_proj,layers.8.self_attn.v_proj,attention_projection,Linear,v_proj,8,24,0.347826086957,fake_int8_output,bf16,projection appears sensitive under activation probe,8,33.8236312866,33.8236312866,4.84521961212,33.5371403694,33.8236312866,4.12337642908,4.84521961212,0.00571356754517,0.00571356754517,8.86369471118e-05,0.0288303741254,1.90734863281e-05,6.67572021484e-05,1,,,,,,0,,0.005,
Qwen/Qwen2.5-0.5B,0.5,tatsu-lab/alpaca,44,h6_0p5b_calibration,calibration_bf16_seed44,base_model.model.model.layers.9.input_layernorm,layers.9.input_layernorm,norm,Qwen2RMSNorm,input_layernorm,9,24,0.391304347826,fake_int8_output,fp32,high-sensitivity reduction/output path,8,640.824401855,640.824401855,23.5868034363,637.746246338,640.824401855,20.915750742,23.5868034363,0.0874071689323,0.0874071689323,0.00224214348418,0.462989516556,2.17982710637e-06,4.63213262947e-06,1,,,,,,0,,0.005,
Qwen/Qwen2.5-0.5B,0.5,tatsu-lab/alpaca,44,h6_0p5b_calibration,calibration_bf16_seed44,base_model.model.model.layers.9.mlp.down_proj,layers.9.mlp.down_proj,mlp_projection,Linear,down_proj,9,24,0.391304347826,fake_int8_output,bf16,projection appears sensitive under activation probe,8,41.7445869446,41.7445869446,17.7735366821,25.2191796303,41.7445869446,15.9385751486,17.7735366821,0.00341548214783,0.00341548214783,0.00131953957316,0.366264916956,2.45230549467e-06,1.90734871808e-05,1,,,,,,0,,0.005,
Qwen/Qwen2.5-0.5B,0.5,tatsu-lab/alpaca,44,h6_0p5b_calibration,calibration_bf16_seed44,base_model.model.model.layers.9.mlp.gate_proj,layers.9.mlp.gate_proj,mlp_projection,Linear,gate_proj,9,24,0.391304347826,fake_int8_output,bf16,projection appears sensitive under activation probe,8,31.5515823364,31.5515823364,6.29929637909,30.2500863075,31.5515823364,5.84038513899,6.29929637909,0.00469178659841,0.00469178659841,0.000176881960215,0.0584650170058,1.50580092395e-06,3.61392216064e-06,1,,,,,,0,,0.005,
Qwen/Qwen2.5-0.5B,0.5,tatsu-lab/alpaca,44,h6_0p5b_calibration,calibration_bf16_seed44,base_model.model.model.layers.9.mlp.up_proj,layers.9.mlp.up_proj,mlp_projection,Linear,up_proj,9,24,0.391304347826,fake_int8_output,bf16,projection appears sensitive under activation probe,8,31.5515823364,31.5515823364,7.99965858459,30.2500863075,31.5515823364,7.38976264,7.99965858459,0.00469178659841,0.00469178659841,0.0002830477315,0.093184989877,1.20464073916e-06,1.1594666887e-05,1,,,,,,0,,0.005,
Qwen/Qwen2.5-0.5B,0.5,tatsu-lab/alpaca,44,h6_0p5b_calibration,calibration_bf16_seed44,base_model.model.model.layers.9.post_attention_layernorm,layers.9.post_attention_layernorm,norm,Qwen2RMSNorm,post_attention_layernorm,9,24,0.391304347826,fake_int8_output,fp32,high-sensitivity reduction/output path,8,642.228820801,642.228820801,31.5515823364,639.312950134,642.228820801,30.2500863075,31.5515823364,0.0856871595606,0.0856871595606,0.00469178659841,0.799537524581,2.17982710637e-06,2.17982710637e-06,1,,,,,,0,,0.005,
Qwen/Qwen2.5-0.5B,0.5,tatsu-lab/alpaca,44,h6_0p5b_calibration,calibration_bf16_seed44,base_model.model.model.layers.9.self_attn.k_proj,layers.9.self_attn.k_proj,attention_projection,Linear,k_proj,9,24,0.391304347826,fake_int8_output,bf16,projection appears sensitive under activation probe,8,23.5868034363,23.5868034363,7.60943698883,20.915750742,23.5868034363,6.95267546177,7.60943698883,0.00224214348418,0.00224214348418,0.000250865703492,0.0807445212267,1.52587890625e-05,4.19616699219e-05,1,,,,,,0,,0.005,
Qwen/Qwen2.5-0.5B,0.5,tatsu-lab/alpaca,44,h6_0p5b_calibration,calibration_bf16_seed44,base_model.model.model.layers.9.self_attn.o_proj,layers.9.self_attn.o_proj,attention_projection,Linear,o_proj,9,24,0.391304347826,fake_int8_output,bf16,projection appears sensitive under activation probe,8,23.4882946014,23.4882946014,22.1505565643,20.5519652367,23.4882946014,21.6331169605,22.1505565643,0.00243451507413,0.00207593216328,0.00243451507413,0.388016890734,4.90461096092e-06,0.000781468017522,1,,,,,,0,,0.005,
Qwen/Qwen2.5-0.5B,0.5,tatsu-lab/alpaca,44,h6_0p5b_calibration,calibration_bf16_seed44,base_model.model.model.layers.9.self_attn.q_proj,layers.9.self_attn.q_proj,attention_projection,Linear,q_proj,9,24,0.391304347826,fake_int8_output,bf16,projection appears sensitive under activation probe,8,23.5868034363,23.5868034363,10.7310123444,20.915750742,23.5868034363,9.64391517639,10.7310123444,0.00224214348418,0.00224214348418,0.000483069688926,0.0967571856454,2.45230549467e-06,1.85285300915e-05,1,,,,,,0,,0.005,
Qwen/Qwen2.5-0.5B,0.5,tatsu-lab/alpaca,44,h6_0p5b_calibration,calibration_bf16_seed44,base_model.model.model.layers.9.self_attn.v_proj,layers.9.self_attn.v_proj,attention_projection,Linear,v_proj,9,24,0.391304347826,fake_int8_output,bf16,projection appears sensitive under activation probe,8,23.5868034363,23.5868034363,6.19872617722,20.915750742,23.5868034363,5.48046416044,6.19872617722,0.00224214348418,0.00224214348418,0.000156147651069,0.0516382362694,1.71661376953e-05,4.19616699219e-05,1,,,,,,0,,0.005,
Qwen/Qwen2.5-0.5B,0.5,tatsu-lab/alpaca,44,h6_0p5b_calibration,calibration_bf16_seed44,base_model.model.model.norm,norm,norm,Qwen2RMSNorm,norm,,24,,fake_int8_output,fp32,high-sensitivity reduction/output path,8,20.5763187408,20.5763187408,19.553068161,19.4204335213,20.5763187408,18.4829101562,19.553068161,0.00195136055117,0.00195136055117,0.00176668960194,0.11217169743,2.17982710637e-06,8.91004340247e-05,1,,,,,,0,,0.005,
Qwen/Qwen2.5-7B,7,tatsu-lab/alpaca,42,h6_4_7b_transfer,h6_4_qwen7b_transfer_perturb_seed42,base_model.model.lm_head,base_model.model.lm_head,logits,Linear,lm_head,,28,,fake_int8_output,fp32,non-finite activation observed,4,43.2031211853,43.2031211853,9.84181404114,36.7745137215,43.2031211853,7.9932050705,9.84181404114,0.00708712218329,0.00708712218329,0.000337279667292,0.111068185419,1.00183933682e-06,1.50275900523e-06,0.999999940395,1.36299529672,1.36780947447,0.00481417775154,0.00481417775154,0.00688624382019,1,1,0.005,perturbation_abs_threshold
Qwen/Qwen2.5-7B,7,tatsu-lab/alpaca,42,h6_4_7b_transfer,h6_4_qwen7b_transfer_perturb_seed42,base_model.model.model.layers.2.mlp.down_proj,layers.2.mlp.down_proj,mlp_projection,Linear,down_proj,2,28,0.0740740740741,fake_int8_output,bf16,projection appears sensitive under activation probe,4,586.9375,586.9375,68.2269134521,374.643924713,586.9375,65.533536911,68.2269134521,0.0716990213841,0.0716990213841,0.0221907319501,0.482750028372,1.08991355319e-06,3.26974077325e-06,1,1.36299529672,1.35923096538,-0.00376433134079,0.00376433134079,0.0087171792984,1,1,0.005,perturbation_abs_threshold
Qwen/Qwen2.5-7B,7,tatsu-lab/alpaca,42,h6_4_7b_transfer,h6_4_qwen7b_transfer_perturb_seed42,base_model.model.model.layers.2.self_attn.o_proj,layers.2.self_attn.o_proj,attention_projection,Linear,o_proj,2,28,0.0740740740741,fake_int8_output,bf16,projection appears sensitive under activation probe,4,164.662536621,30.9391822815,164.662536621,28.9550285339,30.9391822815,154.978393555,164.662536621,0.123013788834,0.00436530081788,0.123013788834,0.845740094781,1.08991355319e-06,1.08991355319e-06,1,1.36299529672,1.35876208544,-0.00423321127892,0.00423321127892,0.0108433961868,1,1,0.005,perturbation_abs_threshold
Qwen/Qwen2.5-7B,7,tatsu-lab/alpaca,42,h6_4_7b_transfer,h6_4_qwen7b_transfer_perturb_seed42,base_model.model.model.layers.24.mlp.down_proj,layers.24.mlp.down_proj,mlp_projection,Linear,down_proj,24,28,0.888888888889,fake_int8_output,bf16,projection appears sensitive under activation probe,4,118.69303894,97.6550445557,118.69303894,76.9375705719,97.6550445557,110.146814346,118.69303894,0.0628635250032,0.0301136455964,0.0628635250032,0.743293479085,1.08991355319e-06,1.08991355319e-06,1,1.36299529672,1.37108924985,0.00809395313263,0.00809395313263,0.0142488479614,1,0,0.005,perturbation_abs_threshold
Qwen/Qwen2.5-7B,7,tatsu-lab/alpaca,42,h6_4_7b_transfer,h6_4_qwen7b_transfer_perturb_seed42,base_model.model.model.layers.26.mlp.gate_proj,layers.26.mlp.gate_proj,mlp_projection,Linear,gate_proj,26,28,0.962962962963,fake_int8_output,bf16,projection appears sensitive under activation probe,4,95.3944854736,95.3944854736,21.7159404755,90.8227272034,95.3944854736,19.4301009178,21.7159404755,0.0425088461488,0.0425088461488,0.00196986019728,0.607030585408,1.0309991012e-06,2.57749775301e-06,1,1.36299529672,1.36227244139,-0.000722855329514,0.000722855329514,0.00770485401154,1,1,0.005,perturbation_abs_threshold
Qwen/Qwen2.5-7B,7,tatsu-lab/alpaca,42,h6_4_7b_transfer,h6_4_qwen7b_transfer_perturb_seed42,base_model.model.model.layers.26.mlp.up_proj,layers.26.mlp.up_proj,mlp_projection,Linear,up_proj,26,28,0.962962962963,fake_int8_output,bf16,projection appears sensitive under activation probe,4,95.3944854736,95.3944854736,17.1712913513,90.8227272034,95.3944854736,15.3353903294,17.1712913513,0.0425088461488,0.0425088461488,0.00122810275934,0.350588135421,1.0309991012e-06,1.2887488765e-06,1,1.36299529672,1.36489608884,0.00190079212189,0.00190079212189,0.0154316425323,1,1,0.005,perturbation_abs_threshold
Qwen/Qwen2.5-7B,7,tatsu-lab/alpaca,42,h6_4_7b_transfer,h6_4_qwen7b_transfer_perturb_seed42,base_model.model.model.layers.26.self_attn.o_proj,layers.26.self_attn.o_proj,attention_projection,Linear,o_proj,26,28,0.962962962963,fake_int8_output,bf16,projection appears sensitive under activation probe,4,63.3979873657,17.4023780823,63.3979873657,14.7074811459,17.4023780823,53.3888530731,63.3979873657,0.0149318531621,0.0011375342292,0.0149318531621,0.581543400884,1.08991355319e-06,1.9073487465e-06,1,1.36299529672,1.36531284451,0.00231754779816,0.00231754779816,0.00399196147919,1,1,0.005,perturbation_abs_threshold
Qwen/Qwen2.5-7B,7,tatsu-lab/alpaca,42,h6_4_7b_transfer,h6_4_qwen7b_transfer_perturb_seed42,base_model.model.model.layers.26.self_attn.q_proj,layers.26.self_attn.q_proj,attention_projection,Linear,q_proj,26,28,0.962962962963,fake_int8_output,bf16,projection appears sensitive under activation probe,4,20.1865539551,20.1865539551,11.5107479095,19.2900547981,20.1865539551,11.0147325993,11.5107479095,0.00192007687292,0.00192007687292,0.000627745932434,0.176089599729,1.36239194148e-06,7.35691656928e-06,1,1.36299529672,1.36235105991,-0.000644236803055,0.000644236803055,0.00308382511139,1,1,0.005,perturbation_abs_threshold
Qwen/Qwen2.5-7B,7,tatsu-lab/alpaca,42,h6_4_7b_transfer,h6_4_qwen7b_transfer_perturb_seed42,base_model.model.model.layers.27.mlp.gate_proj,layers.27.mlp.gate_proj,mlp_projection,Linear,gate_proj,27,28,1,fake_int8_output,bf16,projection appears sensitive under activation probe,4,35.3963699341,35.3963699341,14.0995893478,33.2386393547,35.3963699341,12.9946773052,14.0995893478,0.00571284350008,0.00571284350008,0.000876660313224,0.331598460674,1.2887488765e-06,8.5057428123e-06,1,1.36299529672,1.36638695002,0.00339165329933,0.00339165329933,0.00788450241089,1,1,0.005,perturbation_abs_threshold
Qwen/Qwen2.5-7B,7,tatsu-lab/alpaca,42,h6_4_7b_transfer,h6_4_qwen7b_transfer_perturb_seed42,base_model.model.model.layers.27.mlp.up_proj,layers.27.mlp.up_proj,mlp_projection,Linear,up_proj,27,28,1,fake_int8_output,bf16,projection appears sensitive under activation probe,4,35.3963699341,35.3963699341,16.4778614044,33.2386393547,35.3963699341,15.542881012,16.4778614044,0.00571284350008,0.00571284350008,0.00125342892716,0.276058387011,1.0309991012e-06,1.0309991012e-06,1,1.36299529672,1.36082628369,-0.00216901302338,0.00216901302338,0.00822067260742,1,1,0.005,perturbation_abs_threshold
Qwen/Qwen2.5-7B,7,tatsu-lab/alpaca,42,h6_4_7b_transfer,h6_4_qwen7b_transfer_perturb_seed42,base_model.model.model.layers.3.mlp.down_proj,layers.3.mlp.down_proj,mlp_projection,Linear,down_proj,3,28,0.111111111111,fake_int8_output,bf16,projection appears sensitive under activation probe,4,756.275695801,461.929779053,756.275695801,461.37335968,461.929779053,756.27053833,756.275695801,0.0124219181016,0.0124219181016,0.00161071165348,0.0228884648532,1.08991355319e-06,1.08991355319e-06,1,1.36299529672,1.38949790597,0.0265026092529,0.0265026092529,0.065838098526,1,0,0.005,perturbation_abs_threshold
Qwen/Qwen2.5-7B,7,tatsu-lab/alpaca,42,h6_4_7b_transfer,h6_4_qwen7b_transfer_perturb_seed42,base_model.model.model.layers.4.input_layernorm,layers.4.input_layernorm,norm,Qwen2RMSNorm,input_layernorm,4,28,0.148148148148,fake_int8_output,fp32,high-sensitivity reduction/output path,4,756.019836426,756.019836426,37.641872406,755.989868164,756.019836426,31.2755212784,37.641872406,0.00504725414794,0.00239134056028,0.00504725414794,0.282935470343,1.08991355319e-06,2.45230552309e-06,1,1.36299529672,1.36366951466,0.000674217939377,0.000674217939377,0.00857675075531,1,1,0.005,perturbation_abs_threshold
Qwen/Qwen2.5-7B,7,tatsu-lab/alpaca,42,h6_4_7b_transfer,h6_4_qwen7b_transfer_perturb_seed42,base_model.model.model.layers.4.post_attention_layernorm,layers.4.post_attention_layernorm,norm,Qwen2RMSNorm,post_attention_layernorm,4,28,0.148148148148,fake_int8_output,fp32,high-sensitivity reduction/output path,4,755.999084473,755.999084473,46.303817749,755.959503174,755.999084473,45.5993232727,46.303817749,0.0107081925962,0.00247049552854,0.0107081925962,0.144888497889,1.08991355319e-06,1.08991355319e-06,1,1.36299529672,1.54391825199,0.180922955275,0.180922955275,0.215508937836,1,0,0.005,perturbation_abs_threshold
Qwen/Qwen2.5-7B,7,tatsu-lab/alpaca,42,h6_4_7b_transfer,h6_4_qwen7b_transfer_perturb_seed42,base_model.model.model.norm,norm,norm,Qwen2RMSNorm,norm,,28,,fake_int8_output,fp32,high-sensitivity reduction/output path,4,83.3938598633,83.3938598633,43.2031211853,60.6314821243,83.3938598633,36.7745137215,43.2031211853,0.0201007833239,0.0201007833239,0.00708712218329,0.249789327383,1.08991355319e-06,4.63213262947e-06,1,1.36299529672,1.3774009645,0.0144056677818,0.0144056677818,0.0468598604202,1,0,0.005,perturbation_abs_threshold
Qwen/Qwen2.5-7B,7,tatsu-lab/alpaca,43,h6_4_7b_transfer,h6_4_qwen7b_transfer_perturb_seed43,base_model.model.lm_head,base_model.model.lm_head,logits,Linear,lm_head,,28,,fake_int8_output,fp32,non-finite activation observed,4,47.4081573486,47.4081573486,7.66930055618,40.6559448242,47.4081573486,6.81904160976,7.66930055618,0.00864329375327,0.00864329375327,0.000243296988629,0.0801576897502,1.00183933682e-06,2.25413850785e-06,0.999999940395,1.99680683017,2.00849843025,0.0116916000843,0.0116916000843,0.0180222988129,1,0,0.005,perturbation_abs_threshold
Qwen/Qwen2.5-7B,7,tatsu-lab/alpaca,43,h6_4_7b_transfer,h6_4_qwen7b_transfer_perturb_seed43,base_model.model.model.layers.2.mlp.down_proj,layers.2.mlp.down_proj,mlp_projection,Linear,down_proj,2,28,0.0740740740741,fake_int8_output,bf16,projection appears sensitive under activation probe,4,518.186462402,518.186462402,65.951789856,307.830047607,518.186462402,62.1032075882,65.951789856,0.0690240124241,0.0690240124241,0.0199159090407,0.437858350575,1.08991355319e-06,3.26974077325e-06,1,1.99680683017,1.98922964931,-0.00757718086243,0.00757718086243,0.00964283943176,1,0,0.005,perturbation_abs_threshold
Qwen/Qwen2.5-7B,7,tatsu-lab/alpaca,43,h6_4_7b_transfer,h6_4_qwen7b_transfer_perturb_seed43,base_model.model.model.layers.2.self_attn.o_proj,layers.2.self_attn.o_proj,attention_projection,Linear,o_proj,2,28,0.0740740740741,fake_int8_output,bf16,projection appears sensitive under activation probe,4,158.558242798,31.6190376282,158.558242798,29.8488659859,31.6190376282,152.285148621,158.558242798,0.11815911904,0.00463147257688,0.11815911904,0.758709475398,1.08991355319e-06,1.08991355319e-06,1,1.99680683017,1.98572218418,-0.0110846459866,0.0110846459866,0.0152640342712,1,0,0.005,perturbation_abs_threshold
Qwen/Qwen2.5-7B,7,tatsu-lab/alpaca,43,h6_4_7b_transfer,h6_4_qwen7b_transfer_perturb_seed43,base_model.model.model.layers.24.mlp.down_proj,layers.24.mlp.down_proj,mlp_projection,Linear,down_proj,24,28,0.888888888889,fake_int8_output,bf16,projection appears sensitive under activation probe,4,122.714424133,114.705276489,122.714424133,83.5887241364,114.705276489,109.689218521,122.714424133,0.0625009294599,0.0352590656839,0.0625009294599,0.644403323531,1.08991355319e-06,1.08991355319e-06,1,1.99680683017,1.99527406693,-0.00153276324272,0.00153276324272,0.00839805603027,1,1,0.005,perturbation_abs_threshold
Qwen/Qwen2.5-7B,7,tatsu-lab/alpaca,43,h6_4_7b_transfer,h6_4_qwen7b_transfer_perturb_seed43,base_model.model.model.layers.26.mlp.gate_proj,layers.26.mlp.gate_proj,mlp_projection,Linear,gate_proj,26,28,0.962962962963,fake_int8_output,bf16,projection appears sensitive under activation probe,4,99.1710586548,99.1710586548,19.3488636017,92.106628418,99.1710586548,16.7595732212,19.3488636017,0.0438613845035,0.0438613845035,0.00147584971273,0.499274581671,1.0309991012e-06,2.31974797771e-06,1,1.99680683017,1.99343645573,-0.00337037444115,0.00337037444115,0.00888204574585,1,1,0.005,perturbation_abs_threshold
Qwen/Qwen2.5-7B,7,tatsu-lab/alpaca,43,h6_4_7b_transfer,h6_4_qwen7b_transfer_perturb_seed43,base_model.model.model.layers.26.mlp.up_proj,layers.26.mlp.up_proj,mlp_projection,Linear,up_proj,26,28,0.962962962963,fake_int8_output,bf16,projection appears sensitive under activation probe,4,99.1710586548,99.1710586548,16.3496494293,92.106628418,99.1710586548,14.3540301323,16.3496494293,0.0438613845035,0.0438613845035,0.00108242308488,0.318307634443,1.2887488765e-06,1.80424842711e-06,1,1.99680683017,1.996373564,-0.000433266162872,0.000433266162872,0.00788056850433,1,1,0.005,perturbation_abs_threshold
Qwen/Qwen2.5-7B,7,tatsu-lab/alpaca,43,h6_4_7b_transfer,h6_4_qwen7b_transfer_perturb_seed43,base_model.model.model.layers.26.self_attn.o_proj,layers.26.self_attn.o_proj,attention_projection,Linear,o_proj,26,28,0.962962962963,fake_int8_output,bf16,projection appears sensitive under activation probe,4,67.4627304077,17.567029953,67.4627304077,14.2930593491,17.567029953,55.6546773911,67.4627304077,0.0163215899374,0.00107734267658,0.0163215899374,0.535318277776,1.08991355319e-06,3.81469746458e-06,1,1.99680683017,1.99313914776,-0.00366768240929,0.00366768240929,0.0122632980347,1,1,0.005,perturbation_abs_threshold
Qwen/Qwen2.5-7B,7,tatsu-lab/alpaca,43,h6_4_7b_transfer,h6_4_qwen7b_transfer_perturb_seed43,base_model.model.model.layers.26.self_attn.q_proj,layers.26.self_attn.q_proj,attention_projection,Linear,q_proj,26,28,0.962962962963,fake_int8_output,bf16,projection appears sensitive under activation probe,4,20.074420929,20.074420929,11.0888080597,19.40554142,20.074420929,10.2058184147,11.0888080597,0.00194268362247,0.00194268362247,0.000541087145393,0.154332838953,1.63487032978e-06,2.67028818826e-05,1,1.99680683017,1.9935913384,-0.0032154917717,0.0032154917717,0.0103607177734,1,1,0.005,perturbation_abs_threshold
Qwen/Qwen2.5-7B,7,tatsu-lab/alpaca,43,h6_4_7b_transfer,h6_4_qwen7b_transfer_perturb_seed43,base_model.model.model.layers.27.mlp.gate_proj,layers.27.mlp.gate_proj,mlp_projection,Linear,gate_proj,27,28,1,fake_int8_output,bf16,projection appears sensitive under activation probe,4,36.9333724976,36.9333724976,16.7001628876,34.9299926758,36.9333724976,15.7525200844,16.7001628876,0.00631995883305,0.00631995883305,0.00128407229204,0.475766070187,1.0309991012e-06,1.54649865181e-06,1,1.99680683017,1.99642509222,-0.000381737947464,0.000381737947464,0.00632178783417,1,1,0.005,perturbation_abs_threshold
Qwen/Qwen2.5-7B,7,tatsu-lab/alpaca,43,h6_4_7b_transfer,h6_4_qwen7b_transfer_perturb_seed43,base_model.model.model.layers.27.mlp.up_proj,layers.27.mlp.up_proj,mlp_projection,Linear,up_proj,27,28,1,fake_int8_output,bf16,projection appears sensitive under activation probe,4,36.9333724976,36.9333724976,18.2756996155,34.9299926758,36.9333724976,16.3091025352,18.2756996155,0.00631995883305,0.00631995883305,0.0013900869817,0.303144227713,1.0309991012e-06,1.54649865181e-06,1,1.99680683017,1.99715217948,0.000345349311829,0.000345349311829,0.0179969072342,1,1,0.005,perturbation_abs_threshold
Qwen/Qwen2.5-7B,7,tatsu-lab/alpaca,43,h6_4_7b_transfer,h6_4_qwen7b_transfer_perturb_seed43,base_model.model.model.layers.3.mlp.down_proj,layers.3.mlp.down_proj,mlp_projection,Linear,down_proj,3,28,0.111111111111,fake_int8_output,bf16,projection appears sensitive under activation probe,4,756.272949219,462.358612061,756.272949219,459.73550415,462.358612061,756.264602661,756.272949219,0.0138622855302,0.0138622855302,0.00162638563779,0.0229038042016,1.08991355319e-06,1.08991355319e-06,1,1.99680683017,2.0573913753,0.0605845451355,0.0605845451355,0.106167078018,1,0,0.005,perturbation_abs_threshold
Qwen/Qwen2.5-7B,7,tatsu-lab/alpaca,43,h6_4_7b_transfer,h6_4_qwen7b_transfer_perturb_seed43,base_model.model.model.layers.4.input_layernorm,layers.4.input_layernorm,norm,Qwen2RMSNorm,input_layernorm,4,28,0.148148148148,fake_int8_output,fp32,high-sensitivity reduction/output path,4,756.014526367,756.014526367,29.2763938904,755.991989136,756.014526367,28.2685713768,29.2763938904,0.00405757827684,0.00238566315966,0.00405757827684,0.273028612137,1.36239194148e-06,3.26974065956e-06,1,1.99680683017,1.99272021651,-0.00408661365509,0.00408661365509,0.0077348947525,1,1,0.005,perturbation_abs_threshold
Qwen/Qwen2.5-7B,7,tatsu-lab/alpaca,43,h6_4_7b_transfer,h6_4_qwen7b_transfer_perturb_seed43,base_model.model.model.layers.4.post_attention_layernorm,layers.4.post_attention_layernorm,norm,Qwen2RMSNorm,post_attention_layernorm,4,28,0.148148148148,fake_int8_output,fp32,high-sensitivity reduction/output path,4,755.99987793,755.99987793,47.4147720337,755.963745117,755.99987793,46.0536670685,47.4147720337,0.0109327449463,0.0024592425907,0.0109327449463,0.152863260359,1.08991355319e-06,1.08991355319e-06,1,1.99680683017,2.26972484589,0.272918015718,0.272918015718,0.371858358383,1,0,0.005,perturbation_abs_threshold
Qwen/Qwen2.5-7B,7,tatsu-lab/alpaca,43,h6_4_7b_transfer,h6_4_qwen7b_transfer_perturb_seed43,base_model.model.model.norm,norm,norm,Qwen2RMSNorm,norm,,28,,fake_int8_output,fp32,high-sensitivity reduction/output path,4,77.879524231,77.879524231,47.4081573486,63.53058815,77.879524231,40.6559448242,47.4081573486,0.0215206230059,0.0215206230059,0.00864329375327,0.266338400543,1.36239194148e-06,5.99452451411e-06,1,1.99680683017,1.99665784836,-0.000148981809616,0.000148981809616,0.0328625440598,1,1,0.005,perturbation_abs_threshold
Qwen/Qwen2.5-7B,7,tatsu-lab/alpaca,44,h6_4_7b_transfer,h6_4_qwen7b_transfer_perturb_seed44,base_model.model.lm_head,base_model.model.lm_head,logits,Linear,lm_head,,28,,fake_int8_output,fp32,non-finite activation observed,4,43.150062561,43.150062561,8.26272678375,39.3935585022,43.150062561,7.21133732796,8.26272678375,0.00804647849873,0.00804647849873,0.000272810390015,0.08992950432,1.25229917103e-06,2.00367867365e-06,0.999999940395,1.97875207663,1.98318740726,0.00443533062935,0.00443533062935,0.0123155117035,1,1,0.005,perturbation_abs_threshold
Qwen/Qwen2.5-7B,7,tatsu-lab/alpaca,44,h6_4_7b_transfer,h6_4_qwen7b_transfer_perturb_seed44,base_model.model.model.layers.2.mlp.down_proj,layers.2.mlp.down_proj,mlp_projection,Linear,down_proj,2,28,0.0740740740741,fake_int8_output,bf16,projection appears sensitive under activation probe,4,401.581359863,401.581359863,68.4344482422,305.054450989,401.581359863,64.1182947159,68.4344482422,0.079185272567,0.079185272567,0.0213323007338,0.482343874872,1.08991355319e-06,3.26974077325e-06,1,1.97875207663,1.97395199537,-0.00480008125305,0.00480008125305,0.021516084671,1,1,0.005,perturbation_abs_threshold
Qwen/Qwen2.5-7B,7,tatsu-lab/alpaca,44,h6_4_7b_transfer,h6_4_qwen7b_transfer_perturb_seed44,base_model.model.model.layers.2.self_attn.o_proj,layers.2.self_attn.o_proj,attention_projection,Linear,o_proj,2,28,0.0740740740741,fake_int8_output,bf16,projection appears sensitive under activation probe,4,171.86907959,29.2160758972,171.86907959,25.3528356552,29.2160758972,150.130710602,171.86907959,0.116651445627,0.00339040759718,0.116651445627,0.757304668427,1.08991355319e-06,1.08991355319e-06,1,1.97875207663,1.98427027464,0.00551819801331,0.00551819801331,0.0155463218689,1,0,0.005,perturbation_abs_threshold
Qwen/Qwen2.5-7B,7,tatsu-lab/alpaca,44,h6_4_7b_transfer,h6_4_qwen7b_transfer_perturb_seed44,base_model.model.model.layers.24.mlp.down_proj,layers.24.mlp.down_proj,mlp_projection,Linear,down_proj,24,28,0.888888888889,fake_int8_output,bf16,projection appears sensitive under activation probe,4,129.940765381,129.940765381,122.80519104,108.137216568,129.940765381,112.373327255,122.80519104,0.0654406892136,0.056488708593,0.0654406892136,0.684997066855,1.08991355319e-06,1.08991355319e-06,1,1.97875207663,1.99045222998,0.0117001533508,0.0117001533508,0.0231982469559,1,0,0.005,perturbation_abs_threshold
Qwen/Qwen2.5-7B,7,tatsu-lab/alpaca,44,h6_4_7b_transfer,h6_4_qwen7b_transfer_perturb_seed44,base_model.model.model.layers.26.mlp.gate_proj,layers.26.mlp.gate_proj,mlp_projection,Linear,gate_proj,26,28,0.962962962963,fake_int8_output,bf16,projection appears sensitive under activation probe,4,99.9565505981,99.9565505981,19.847234726,95.0883579254,99.9565505981,18.1816182137,19.847234726,0.0466424692422,0.0466424692422,0.00171558640432,0.563294664025,1.0309991012e-06,2.31974797771e-06,1,1.97875207663,1.9786297977,-0.000122278928757,0.000122278928757,0.00673842430115,1,1,0.005,perturbation_abs_threshold
Qwen/Qwen2.5-7B,7,tatsu-lab/alpaca,44,h6_4_7b_transfer,h6_4_qwen7b_transfer_perturb_seed44,base_model.model.model.layers.26.mlp.up_proj,layers.26.mlp.up_proj,mlp_projection,Linear,up_proj,26,28,0.962962962963,fake_int8_output,bf16,projection appears sensitive under activation probe,4,99.9565505981,99.9565505981,16.6391830444,95.0883579254,99.9565505981,14.3573772907,16.6391830444,0.0466424692422,0.0466424692422,0.00108630728209,0.317772209644,1.0309991012e-06,2.57749775301e-06,1,1.97875207663,1.98316195607,0.00440987944603,0.00440987944603,0.00830078125,1,1,0.005,perturbation_abs_threshold
Qwen/Qwen2.5-7B,7,tatsu-lab/alpaca,44,h6_4_7b_transfer,h6_4_qwen7b_transfer_perturb_seed44,base_model.model.model.layers.26.self_attn.o_proj,layers.26.self_attn.o_proj,attention_projection,Linear,o_proj,26,28,0.962962962963,fake_int8_output,bf16,projection appears sensitive under activation probe,4,57.3846702576,15.6823377609,57.3846702576,13.1400763988,15.6823377609,50.4900465012,57.3846702576,0.0132744880393,0.000915893819183,0.0132744880393,0.545486196876,1.36239194148e-06,2.45230555151e-06,1,1.97875207663,1.98337829113,0.00462621450424,0.00462621450424,0.00680732727051,1,1,0.005,perturbation_abs_threshold
Qwen/Qwen2.5-7B,7,tatsu-lab/alpaca,44,h6_4_7b_transfer,h6_4_qwen7b_transfer_perturb_seed44,base_model.model.model.layers.26.self_attn.q_proj,layers.26.self_attn.q_proj,attention_projection,Linear,q_proj,26,28,0.962962962963,fake_int8_output,bf16,projection appears sensitive under activation probe,4,20.0985374451,20.0985374451,11.4138231277,19.0321235657,20.0985374451,11.0170080662,11.4138231277,0.00187160330825,0.00187160330825,0.000627388595603,0.173842441291,1.08991355319e-06,3.26974071641e-06,1,1.97875207663,1.9849742651,0.00622218847275,0.00622218847275,0.0100265741348,1,0,0.005,perturbation_abs_threshold
Qwen/Qwen2.5-7B,7,tatsu-lab/alpaca,44,h6_4_7b_transfer,h6_4_qwen7b_transfer_perturb_seed44,base_model.model.model.layers.27.mlp.gate_proj,layers.27.mlp.gate_proj,mlp_projection,Linear,gate_proj,27,28,1,fake_int8_output,bf16,projection appears sensitive under activation probe,4,37.1385650635,37.1385650635,15.2658452988,34.603310585,37.1385650635,14.5041930676,15.2658452988,0.00620255188551,0.00620255188551,0.00109096038796,0.413328900933,1.0309991012e-06,3.09299730361e-06,1,1.97875207663,1.98141244054,0.00266036391258,0.00266036391258,0.0112694501877,1,1,0.005,perturbation_abs_threshold
Qwen/Qwen2.5-7B,7,tatsu-lab/alpaca,44,h6_4_7b_transfer,h6_4_qwen7b_transfer_perturb_seed44,base_model.model.model.layers.27.mlp.up_proj,layers.27.mlp.up_proj,mlp_projection,Linear,up_proj,27,28,1,fake_int8_output,bf16,projection appears sensitive under activation probe,4,37.1385650635,37.1385650635,18.3946743011,34.603310585,37.1385650635,16.5387601852,18.3946743011,0.00620255188551,0.00620255188551,0.00143064750591,0.312825784087,1.0309991012e-06,1.0309991012e-06,1,1.97875207663,1.98388838768,0.00513631105423,0.00513631105423,0.0127756595612,1,0,0.005,perturbation_abs_threshold
Qwen/Qwen2.5-7B,7,tatsu-lab/alpaca,44,h6_4_7b_transfer,h6_4_qwen7b_transfer_perturb_seed44,base_model.model.model.layers.3.mlp.down_proj,layers.3.mlp.down_proj,mlp_projection,Linear,down_proj,3,28,0.111111111111,fake_int8_output,bf16,projection appears sensitive under activation probe,4,756.266479492,461.288879395,756.266479492,460.457427979,461.288879395,756.259170532,756.266479492,0.0143763392698,0.0143763392698,0.00164076103829,0.0229178713635,1.08991355319e-06,1.08991355319e-06,1,1.97875207663,2.03076022863,0.0520081520081,0.0520081520081,0.110239744186,1,0,0.005,perturbation_abs_threshold
Qwen/Qwen2.5-7B,7,tatsu-lab/alpaca,44,h6_4_7b_transfer,h6_4_qwen7b_transfer_perturb_seed44,base_model.model.model.layers.4.input_layernorm,layers.4.input_layernorm,norm,Qwen2RMSNorm,input_layernorm,4,28,0.148148148148,fake_int8_output,fp32,high-sensitivity reduction/output path,4,756.014526367,756.014526367,30.4502391815,755.992050171,756.014526367,28.3614382744,30.4502391815,0.00408061424969,0.00238563050516,0.00408061424969,0.274527549744,1.08991355319e-06,1.9073487465e-06,1,1.97875207663,1.97181120515,-0.00694087147713,0.00694087147713,0.0239586830139,1,0,0.005,perturbation_abs_threshold
Qwen/Qwen2.5-7B,7,tatsu-lab/alpaca,44,h6_4_7b_transfer,h6_4_qwen7b_transfer_perturb_seed44,base_model.model.model.layers.4.post_attention_layernorm,layers.4.post_attention_layernorm,norm,Qwen2RMSNorm,post_attention_layernorm,4,28,0.148148148148,fake_int8_output,fp32,high-sensitivity reduction/output path,4,755.992675781,755.992675781,47.5045661926,755.964492798,755.992675781,45.6003227234,47.5045661926,0.0107264167164,0.00245733949123,0.0107264167164,0.152411017567,1.08991355319e-06,1.08991355319e-06,1,1.97875207663,2.24981796741,0.271065890789,0.271065890789,0.407048225403,1,0,0.005,perturbation_abs_threshold
Qwen/Qwen2.5-7B,7,tatsu-lab/alpaca,44,h6_4_7b_transfer,h6_4_qwen7b_transfer_perturb_seed44,base_model.model.model.norm,norm,norm,Qwen2RMSNorm,norm,,28,,fake_int8_output,fp32,high-sensitivity reduction/output path,4,64.5214309692,64.5214309692,43.150062561,60.0679969788,64.5214309692,39.3935585022,43.150062561,0.0187261819374,0.0187261819374,0.00804647849873,0.251765653491,1.08991355319e-06,3.81469732247e-06,1,1.97875207663,1.98149114847,0.00273907184601,0.00273907184601,0.0424717664719,1,1,0.005,perturbation_abs_threshold
